24-May-2026 14:39:03.671 INFORMACIÓN [main] org.apache.catalina.startup.VersionLoggerListener.log Nombre de la versión del servidor: Apache Tomcat/9.0.117
24-May-2026 14:39:03.673 INFORMACIÓN [main] org.apache.catalina.startup.VersionLoggerListener.log Server built:                      Mar 30 2026 18:21:16 UTC
24-May-2026 14:39:03.673 INFORMACIÓN [main] org.apache.catalina.startup.VersionLoggerListener.log Número de versión de servidor:     9.0.117.0
24-May-2026 14:39:03.673 INFORMACIÓN [main] org.apache.catalina.startup.VersionLoggerListener.log OS Name:                           Windows 11
24-May-2026 14:39:03.673 INFORMACIÓN [main] org.apache.catalina.startup.VersionLoggerListener.log Versión de Systema Operativo:      10.0
24-May-2026 14:39:03.673 INFORMACIÓN [main] org.apache.catalina.startup.VersionLoggerListener.log Arquitectura:                      amd64
24-May-2026 14:39:03.673 INFORMACIÓN [main] org.apache.catalina.startup.VersionLoggerListener.log Java Home:                         C:\Users\cetme\.jdks\ms-25.0.3
24-May-2026 14:39:03.673 INFORMACIÓN [main] org.apache.catalina.startup.VersionLoggerListener.log JVM Version:                       25.0.3+9-LTS
24-May-2026 14:39:03.673 INFORMACIÓN [main] org.apache.catalina.startup.VersionLoggerListener.log Vededor JVM:                       Microsoft
24-May-2026 14:39:03.673 INFORMACIÓN [main] org.apache.catalina.startup.VersionLoggerListener.log CATALINA_BASE:                     G:\IntelliJ\eventosProyecto
24-May-2026 14:39:03.673 INFORMACIÓN [main] org.apache.catalina.startup.VersionLoggerListener.log CATALINA_HOME:                     G:\IntelliJ\Tomcat\apache-tomcat-9.0.117-20260522T151456Z-3-001\apache-tomcat-9.0.117
24-May-2026 14:39:03.683 INFORMACIÓN [main] org.apache.catalina.startup.VersionLoggerListener.log Command line argument:             --add-opens=java.base/java.lang=ALL-UNNAMED
24-May-2026 14:39:03.683 INFORMACIÓN [main] org.apache.catalina.startup.VersionLoggerListener.log Command line argument:             --add-opens=java.base/java.io=ALL-UNNAMED
24-May-2026 14:39:03.683 INFORMACIÓN [main] org.apache.catalina.startup.VersionLoggerListener.log Command line argument:             --add-opens=java.base/java.util=ALL-UNNAMED
24-May-2026 14:39:03.683 INFORMACIÓN [main] org.apache.catalina.startup.VersionLoggerListener.log Command line argument:             --add-opens=java.base/java.util.concurrent=ALL-UNNAMED
24-May-2026 14:39:03.683 INFORMACIÓN [main] org.apache.catalina.startup.VersionLoggerListener.log Command line argument:             --add-opens=java.rmi/sun.rmi.transport=ALL-UNNAMED
24-May-2026 14:39:03.683 INFORMACIÓN [main] org.apache.catalina.startup.VersionLoggerListener.log Command line argument:             -Dcatalina.home=G:\IntelliJ\Tomcat\apache-tomcat-9.0.117-20260522T151456Z-3-001\apache-tomcat-9.0.117
24-May-2026 14:39:03.683 INFORMACIÓN [main] org.apache.catalina.startup.VersionLoggerListener.log Command line argument:             -Dcatalina.base=G:\IntelliJ\eventosProyecto
24-May-2026 14:39:03.685 INFORMACIÓN [main] org.apache.catalina.startup.VersionLoggerListener.log Command line argument:             -Djava.io.tmpdir=G:\IntelliJ\eventosProyecto\temp
24-May-2026 14:39:03.685 INFORMACIÓN [main] org.apache.catalina.startup.VersionLoggerListener.log Command line argument:             -Djava.util.logging.config.file=G:\IntelliJ\eventosProyecto\conf\logging.properties
24-May-2026 14:39:03.685 INFORMACIÓN [main] org.apache.catalina.startup.VersionLoggerListener.log Command line argument:             -Djava.util.logging.manager=org.apache.juli.ClassLoaderLogManager
24-May-2026 14:39:03.685 INFORMACIÓN [main] org.apache.catalina.startup.VersionLoggerListener.log Command line argument:             -javaagent:G:\IntelliJ\IntelliJ IDEA 2026.1.2\lib\idea_rt.jar=59180
24-May-2026 14:39:03.685 INFORMACIÓN [main] org.apache.catalina.startup.VersionLoggerListener.log Command line argument:             -Dfile.encoding=UTF-8
24-May-2026 14:39:03.685 INFORMACIÓN [main] org.apache.catalina.startup.VersionLoggerListener.log Command line argument:             -Dsun.stdout.encoding=UTF-8
24-May-2026 14:39:03.685 INFORMACIÓN [main] org.apache.catalina.startup.VersionLoggerListener.log Command line argument:             -Dsun.stderr.encoding=UTF-8
24-May-2026 14:39:03.826 INFORMACIÓN [main] org.apache.catalina.core.AprLifecycleListener.lifecycleEvent Cargada la biblioteca nativa APR de Apache Tomcat [1.3.7] con la versión APR [1.7.6].
24-May-2026 14:39:03.826 INFORMACIÓN [main] org.apache.catalina.core.AprLifecycleListener.lifecycleEvent Capacidades APR: IPv6 [true], enviar fichero [true], aceptar filtros [false], aleatorio [true], UDS [true].
24-May-2026 14:39:03.826 INFORMACIÓN [main] org.apache.catalina.core.AprLifecycleListener.lifecycleEvent APR/OpenSSL configuration: useAprConnector [false], useOpenSSL [true]
24-May-2026 14:39:03.833 INFORMACIÓN [main] org.apache.catalina.core.AprLifecycleListener.initializeSSL OpenSSL inicializado correctamente [OpenSSL 3.0.19 27 Jan 2026]
24-May-2026 14:39:04.093 INFORMACIÓN [main] org.apache.coyote.AbstractProtocol.init Inicializando el manejador de protocolo ["http-nio-8080"]

24-May-2026 14:39:04.106 INFORMACIÓN [main] org.apache.catalina.startup.Catalina.load Server initialization in [606] milliseconds
24-May-2026 14:39:04.141 INFORMACIÓN [main] org.apache.catalina.core.StandardService.startInternal Arrancando servicio [Catalina]
24-May-2026 14:39:04.141 INFORMACIÓN [main] org.apache.catalina.core.StandardEngine.startInternal Starting Servlet engine: [Apache Tomcat/9.0.117]
24-May-2026 14:39:04.147 INFORMACIÓN [main] org.apache.catalina.startup.HostConfig.deployDescriptor Desplieque del descriptor de configuración [G:\IntelliJ\eventosProyecto\conf\Catalina\localhost\eventosProyecto.xml]
24-May-2026 14:39:05.070 INFORMACIÓN [main] org.apache.jasper.servlet.TldScanner.scanJars Al menos un JAR, que se ha explorado buscando TLDs, aún no contenía TLDs. Activar historial de depuración para este historiador para una completa lista de los JARs que fueron explorados y de los que nos se halló TLDs. Saltarse JARs no necesarios durante la exploración puede dar lugar a una mejora de tiempo significativa en el arranque y compilación de JSP .
24-May-2026 14:39:05.213 INFORMACIÓN [main] org.apache.catalina.startup.HostConfig.deployDescriptor Deployment of deployment descriptor [G:\IntelliJ\eventosProyecto\conf\Catalina\localhost\eventosProyecto.xml] has finished in [1.060] ms
24-May-2026 14:39:05.216 INFORMACIÓN [main] org.apache.coyote.AbstractProtocol.start Starting ProtocolHandler ["http-nio-8080"]
24-May-2026 14:39:05.233 INFORMACIÓN [main] org.apache.catalina.startup.Catalina.start Server startup in [1126] milliseconds
24-May-2026 14:44:02.798 INFORMACIÓN [Thread-1] org.apache.coyote.AbstractProtocol.pause Pausing ProtocolHandler ["http-nio-8080"]
24-May-2026 14:44:02.802 INFORMACIÓN [Thread-1] org.apache.catalina.core.StandardService.stopInternal Parando servicio [Catalina]
24-May-2026 14:44:02.810 INFORMACIÓN [Thread-1] org.apache.coyote.AbstractProtocol.stop Stopping ProtocolHandler ["http-nio-8080"]
24-May-2026 14:44:02.814 INFORMACIÓN [Thread-1] org.apache.coyote.AbstractProtocol.destroy Destroying ProtocolHandler ["http-nio-8080"]
24-May-2026 14:44:03.999 INFORMACIÓN [main] org.apache.catalina.startup.VersionLoggerListener.log Nombre de la versión del servidor: Apache Tomcat/9.0.117
24-May-2026 14:44:04.001 INFORMACIÓN [main] org.apache.catalina.startup.VersionLoggerListener.log Server built:                      Mar 30 2026 18:21:16 UTC
24-May-2026 14:44:04.002 INFORMACIÓN [main] org.apache.catalina.startup.VersionLoggerListener.log Número de versión de servidor:     9.0.117.0
24-May-2026 14:44:04.002 INFORMACIÓN [main] org.apache.catalina.startup.VersionLoggerListener.log OS Name:                           Windows 11
24-May-2026 14:44:04.002 INFORMACIÓN [main] org.apache.catalina.startup.VersionLoggerListener.log Versión de Systema Operativo:      10.0
24-May-2026 14:44:04.002 INFORMACIÓN [main] org.apache.catalina.startup.VersionLoggerListener.log Arquitectura:                      amd64
24-May-2026 14:44:04.002 INFORMACIÓN [main] org.apache.catalina.startup.VersionLoggerListener.log Java Home:                         C:\Users\cetme\.jdks\ms-25.0.3
24-May-2026 14:44:04.002 INFORMACIÓN [main] org.apache.catalina.startup.VersionLoggerListener.log JVM Version:                       25.0.3+9-LTS
24-May-2026 14:44:04.002 INFORMACIÓN [main] org.apache.catalina.startup.VersionLoggerListener.log Vededor JVM:                       Microsoft
24-May-2026 14:44:04.002 INFORMACIÓN [main] org.apache.catalina.startup.VersionLoggerListener.log CATALINA_BASE:                     G:\IntelliJ\eventosProyecto
24-May-2026 14:44:04.002 INFORMACIÓN [main] org.apache.catalina.startup.VersionLoggerListener.log CATALINA_HOME:                     G:\IntelliJ\Tomcat\apache-tomcat-9.0.117-20260522T151456Z-3-001\apache-tomcat-9.0.117
24-May-2026 14:44:04.013 INFORMACIÓN [main] org.apache.catalina.startup.VersionLoggerListener.log Command line argument:             --add-opens=java.base/java.lang=ALL-UNNAMED
24-May-2026 14:44:04.013 INFORMACIÓN [main] org.apache.catalina.startup.VersionLoggerListener.log Command line argument:             --add-opens=java.base/java.io=ALL-UNNAMED
24-May-2026 14:44:04.013 INFORMACIÓN [main] org.apache.catalina.startup.VersionLoggerListener.log Command line argument:             --add-opens=java.base/java.util=ALL-UNNAMED
24-May-2026 14:44:04.013 INFORMACIÓN [main] org.apache.catalina.startup.VersionLoggerListener.log Command line argument:             --add-opens=java.base/java.util.concurrent=ALL-UNNAMED
24-May-2026 14:44:04.013 INFORMACIÓN [main] org.apache.catalina.startup.VersionLoggerListener.log Command line argument:             --add-opens=java.rmi/sun.rmi.transport=ALL-UNNAMED
24-May-2026 14:44:04.013 INFORMACIÓN [main] org.apache.catalina.startup.VersionLoggerListener.log Command line argument:             -Dcatalina.home=G:\IntelliJ\Tomcat\apache-tomcat-9.0.117-20260522T151456Z-3-001\apache-tomcat-9.0.117
24-May-2026 14:44:04.013 INFORMACIÓN [main] org.apache.catalina.startup.VersionLoggerListener.log Command line argument:             -Dcatalina.base=G:\IntelliJ\eventosProyecto
24-May-2026 14:44:04.013 INFORMACIÓN [main] org.apache.catalina.startup.VersionLoggerListener.log Command line argument:             -Djava.io.tmpdir=G:\IntelliJ\eventosProyecto\temp
24-May-2026 14:44:04.013 INFORMACIÓN [main] org.apache.catalina.startup.VersionLoggerListener.log Command line argument:             -Djava.util.logging.config.file=G:\IntelliJ\eventosProyecto\conf\logging.properties
24-May-2026 14:44:04.013 INFORMACIÓN [main] org.apache.catalina.startup.VersionLoggerListener.log Command line argument:             -Djava.util.logging.manager=org.apache.juli.ClassLoaderLogManager
24-May-2026 14:44:04.013 INFORMACIÓN [main] org.apache.catalina.startup.VersionLoggerListener.log Command line argument:             -javaagent:G:\IntelliJ\IntelliJ IDEA 2026.1.2\lib\idea_rt.jar=49844
24-May-2026 14:44:04.014 INFORMACIÓN [main] org.apache.catalina.startup.VersionLoggerListener.log Command line argument:             -Dfile.encoding=UTF-8
24-May-2026 14:44:04.014 INFORMACIÓN [main] org.apache.catalina.startup.VersionLoggerListener.log Command line argument:             -Dsun.stdout.encoding=UTF-8
24-May-2026 14:44:04.014 INFORMACIÓN [main] org.apache.catalina.startup.VersionLoggerListener.log Command line argument:             -Dsun.stderr.encoding=UTF-8
24-May-2026 14:44:04.019 INFORMACIÓN [main] org.apache.catalina.core.AprLifecycleListener.lifecycleEvent Cargada la biblioteca nativa APR de Apache Tomcat [1.3.7] con la versión APR [1.7.6].
24-May-2026 14:44:04.019 INFORMACIÓN [main] org.apache.catalina.core.AprLifecycleListener.lifecycleEvent Capacidades APR: IPv6 [true], enviar fichero [true], aceptar filtros [false], aleatorio [true], UDS [true].
24-May-2026 14:44:04.019 INFORMACIÓN [main] org.apache.catalina.core.AprLifecycleListener.lifecycleEvent APR/OpenSSL configuration: useAprConnector [false], useOpenSSL [true]
24-May-2026 14:44:04.026 INFORMACIÓN [main] org.apache.catalina.core.AprLifecycleListener.initializeSSL OpenSSL inicializado correctamente [OpenSSL 3.0.19 27 Jan 2026]
24-May-2026 14:44:04.237 INFORMACIÓN [main] org.apache.coyote.AbstractProtocol.init Inicializando el manejador de protocolo ["http-nio-8080"]

24-May-2026 14:44:04.248 INFORMACIÓN [main] org.apache.catalina.startup.Catalina.load Server initialization in [406] milliseconds
24-May-2026 14:44:04.276 INFORMACIÓN [main] org.apache.catalina.core.StandardService.startInternal Arrancando servicio [Catalina]
24-May-2026 14:44:04.278 INFORMACIÓN [main] org.apache.catalina.core.StandardEngine.startInternal Starting Servlet engine: [Apache Tomcat/9.0.117]
24-May-2026 14:44:04.290 INFORMACIÓN [main] org.apache.catalina.startup.HostConfig.deployDescriptor Desplieque del descriptor de configuración [G:\IntelliJ\eventosProyecto\conf\Catalina\localhost\eventosProyecto.xml]
24-May-2026 14:44:05.101 INFORMACIÓN [main] org.apache.jasper.servlet.TldScanner.scanJars Al menos un JAR, que se ha explorado buscando TLDs, aún no contenía TLDs. Activar historial de depuración para este historiador para una completa lista de los JARs que fueron explorados y de los que nos se halló TLDs. Saltarse JARs no necesarios durante la exploración puede dar lugar a una mejora de tiempo significativa en el arranque y compilación de JSP .
24-May-2026 14:44:05.186 INFORMACIÓN [main] org.apache.catalina.startup.HostConfig.deployDescriptor Deployment of deployment descriptor [G:\IntelliJ\eventosProyecto\conf\Catalina\localhost\eventosProyecto.xml] has finished in [892] ms
24-May-2026 14:44:05.187 INFORMACIÓN [main] org.apache.coyote.AbstractProtocol.start Starting ProtocolHandler ["http-nio-8080"]
24-May-2026 14:44:05.204 INFORMACIÓN [main] org.apache.catalina.startup.Catalina.start Server startup in [954] milliseconds
24-May-2026 14:47:31.003 INFORMACIÓN [Thread-1] org.apache.coyote.AbstractProtocol.pause Pausing ProtocolHandler ["http-nio-8080"]
24-May-2026 14:47:31.006 INFORMACIÓN [Thread-1] org.apache.catalina.core.StandardService.stopInternal Parando servicio [Catalina]
24-May-2026 14:47:31.010 ADVERTENCIA [Thread-1] org.apache.catalina.loader.WebappClassLoaderBase.clearReferencesJdbc La aplicación web [eventosProyecto] registró el conductor JDBC [com.mysql.cj.jdbc.Driver] pero falló al anular el registro mientras la aplicación web estaba parada. Para prevenir un fallo de memoria, se ha anulado el registro del conductor JDBC por la fuerza.
24-May-2026 14:47:31.011 ADVERTENCIA [Thread-1] org.apache.catalina.loader.WebappClassLoaderBase.clearReferencesThreads The web application [eventosProyecto] appears to have started a thread named [mysql-cj-abandoned-connection-cleanup] but has failed to stop it. This is very likely to create a memory leak. Stack trace of thread:
 java.base/java.lang.Object.wait0(Native Method)
 java.base/java.lang.Object.wait(Object.java:389)
 java.base/java.lang.ref.ReferenceQueue.remove0(ReferenceQueue.java:123)
 java.base/java.lang.ref.ReferenceQueue.remove(ReferenceQueue.java:201)
 com.mysql.cj.jdbc.AbandonedConnectionCleanupThread.run(AbandonedConnectionCleanupThread.java:91)
 java.base/java.util.concurrent.ThreadPoolExecutor.runWorker(ThreadPoolExecutor.java:1090)
 java.base/java.util.concurrent.ThreadPoolExecutor$Worker.run(ThreadPoolExecutor.java:614)
 java.base/java.lang.Thread.run(Thread.java:1474)
24-May-2026 14:47:31.013 INFORMACIÓN [Thread-1] org.apache.coyote.AbstractProtocol.stop Stopping ProtocolHandler ["http-nio-8080"]
24-May-2026 14:47:31.016 INFORMACIÓN [Thread-1] org.apache.coyote.AbstractProtocol.destroy Destroying ProtocolHandler ["http-nio-8080"]
24-May-2026 14:47:32.296 INFORMACIÓN [main] org.apache.catalina.startup.VersionLoggerListener.log Nombre de la versión del servidor: Apache Tomcat/9.0.117
24-May-2026 14:47:32.298 INFORMACIÓN [main] org.apache.catalina.startup.VersionLoggerListener.log Server built:                      Mar 30 2026 18:21:16 UTC
24-May-2026 14:47:32.298 INFORMACIÓN [main] org.apache.catalina.startup.VersionLoggerListener.log Número de versión de servidor:     9.0.117.0
24-May-2026 14:47:32.299 INFORMACIÓN [main] org.apache.catalina.startup.VersionLoggerListener.log OS Name:                           Windows 11
24-May-2026 14:47:32.299 INFORMACIÓN [main] org.apache.catalina.startup.VersionLoggerListener.log Versión de Systema Operativo:      10.0
24-May-2026 14:47:32.299 INFORMACIÓN [main] org.apache.catalina.startup.VersionLoggerListener.log Arquitectura:                      amd64
24-May-2026 14:47:32.299 INFORMACIÓN [main] org.apache.catalina.startup.VersionLoggerListener.log Java Home:                         C:\Users\cetme\.jdks\ms-25.0.3
24-May-2026 14:47:32.299 INFORMACIÓN [main] org.apache.catalina.startup.VersionLoggerListener.log JVM Version:                       25.0.3+9-LTS
24-May-2026 14:47:32.299 INFORMACIÓN [main] org.apache.catalina.startup.VersionLoggerListener.log Vededor JVM:                       Microsoft
24-May-2026 14:47:32.299 INFORMACIÓN [main] org.apache.catalina.startup.VersionLoggerListener.log CATALINA_BASE:                     G:\IntelliJ\eventosProyecto
24-May-2026 14:47:32.299 INFORMACIÓN [main] org.apache.catalina.startup.VersionLoggerListener.log CATALINA_HOME:                     G:\IntelliJ\Tomcat\apache-tomcat-9.0.117-20260522T151456Z-3-001\apache-tomcat-9.0.117
24-May-2026 14:47:32.310 INFORMACIÓN [main] org.apache.catalina.startup.VersionLoggerListener.log Command line argument:             --add-opens=java.base/java.lang=ALL-UNNAMED
24-May-2026 14:47:32.311 INFORMACIÓN [main] org.apache.catalina.startup.VersionLoggerListener.log Command line argument:             --add-opens=java.base/java.io=ALL-UNNAMED
24-May-2026 14:47:32.311 INFORMACIÓN [main] org.apache.catalina.startup.VersionLoggerListener.log Command line argument:             --add-opens=java.base/java.util=ALL-UNNAMED
24-May-2026 14:47:32.311 INFORMACIÓN [main] org.apache.catalina.startup.VersionLoggerListener.log Command line argument:             --add-opens=java.base/java.util.concurrent=ALL-UNNAMED
24-May-2026 14:47:32.311 INFORMACIÓN [main] org.apache.catalina.startup.VersionLoggerListener.log Command line argument:             --add-opens=java.rmi/sun.rmi.transport=ALL-UNNAMED
24-May-2026 14:47:32.311 INFORMACIÓN [main] org.apache.catalina.startup.VersionLoggerListener.log Command line argument:             -Dcatalina.home=G:\IntelliJ\Tomcat\apache-tomcat-9.0.117-20260522T151456Z-3-001\apache-tomcat-9.0.117
24-May-2026 14:47:32.311 INFORMACIÓN [main] org.apache.catalina.startup.VersionLoggerListener.log Command line argument:             -Dcatalina.base=G:\IntelliJ\eventosProyecto
24-May-2026 14:47:32.311 INFORMACIÓN [main] org.apache.catalina.startup.VersionLoggerListener.log Command line argument:             -Djava.io.tmpdir=G:\IntelliJ\eventosProyecto\temp
24-May-2026 14:47:32.311 INFORMACIÓN [main] org.apache.catalina.startup.VersionLoggerListener.log Command line argument:             -Djava.util.logging.config.file=G:\IntelliJ\eventosProyecto\conf\logging.properties
24-May-2026 14:47:32.312 INFORMACIÓN [main] org.apache.catalina.startup.VersionLoggerListener.log Command line argument:             -Djava.util.logging.manager=org.apache.juli.ClassLoaderLogManager
24-May-2026 14:47:32.312 INFORMACIÓN [main] org.apache.catalina.startup.VersionLoggerListener.log Command line argument:             -javaagent:G:\IntelliJ\IntelliJ IDEA 2026.1.2\lib\idea_rt.jar=61513
24-May-2026 14:47:32.312 INFORMACIÓN [main] org.apache.catalina.startup.VersionLoggerListener.log Command line argument:             -Dfile.encoding=UTF-8
24-May-2026 14:47:32.312 INFORMACIÓN [main] org.apache.catalina.startup.VersionLoggerListener.log Command line argument:             -Dsun.stdout.encoding=UTF-8
24-May-2026 14:47:32.312 INFORMACIÓN [main] org.apache.catalina.startup.VersionLoggerListener.log Command line argument:             -Dsun.stderr.encoding=UTF-8
24-May-2026 14:47:32.316 INFORMACIÓN [main] org.apache.catalina.core.AprLifecycleListener.lifecycleEvent Cargada la biblioteca nativa APR de Apache Tomcat [1.3.7] con la versión APR [1.7.6].
24-May-2026 14:47:32.316 INFORMACIÓN [main] org.apache.catalina.core.AprLifecycleListener.lifecycleEvent Capacidades APR: IPv6 [true], enviar fichero [true], aceptar filtros [false], aleatorio [true], UDS [true].
24-May-2026 14:47:32.316 INFORMACIÓN [main] org.apache.catalina.core.AprLifecycleListener.lifecycleEvent APR/OpenSSL configuration: useAprConnector [false], useOpenSSL [true]
24-May-2026 14:47:32.324 INFORMACIÓN [main] org.apache.catalina.core.AprLifecycleListener.initializeSSL OpenSSL inicializado correctamente [OpenSSL 3.0.19 27 Jan 2026]
24-May-2026 14:47:32.564 INFORMACIÓN [main] org.apache.coyote.AbstractProtocol.init Inicializando el manejador de protocolo ["http-nio-8080"]

24-May-2026 14:47:32.578 INFORMACIÓN [main] org.apache.catalina.startup.Catalina.load Server initialization in [442] milliseconds
24-May-2026 14:47:32.611 INFORMACIÓN [main] org.apache.catalina.core.StandardService.startInternal Arrancando servicio [Catalina]
24-May-2026 14:47:32.611 INFORMACIÓN [main] org.apache.catalina.core.StandardEngine.startInternal Starting Servlet engine: [Apache Tomcat/9.0.117]
24-May-2026 14:47:32.625 INFORMACIÓN [main] org.apache.catalina.startup.HostConfig.deployDescriptor Desplieque del descriptor de configuración [G:\IntelliJ\eventosProyecto\conf\Catalina\localhost\eventosProyecto.xml]
24-May-2026 14:47:33.438 INFORMACIÓN [main] org.apache.jasper.servlet.TldScanner.scanJars Al menos un JAR, que se ha explorado buscando TLDs, aún no contenía TLDs. Activar historial de depuración para este historiador para una completa lista de los JARs que fueron explorados y de los que nos se halló TLDs. Saltarse JARs no necesarios durante la exploración puede dar lugar a una mejora de tiempo significativa en el arranque y compilación de JSP .
24-May-2026 14:47:33.523 INFORMACIÓN [main] org.apache.catalina.startup.HostConfig.deployDescriptor Deployment of deployment descriptor [G:\IntelliJ\eventosProyecto\conf\Catalina\localhost\eventosProyecto.xml] has finished in [895] ms
24-May-2026 14:47:33.525 INFORMACIÓN [main] org.apache.coyote.AbstractProtocol.start Starting ProtocolHandler ["http-nio-8080"]
24-May-2026 14:47:33.543 INFORMACIÓN [main] org.apache.catalina.startup.Catalina.start Server startup in [964] milliseconds
24-May-2026 14:49:05.913 INFORMACIÓN [Thread-1] org.apache.coyote.AbstractProtocol.pause Pausing ProtocolHandler ["http-nio-8080"]
24-May-2026 14:49:05.917 INFORMACIÓN [Thread-1] org.apache.catalina.core.StandardService.stopInternal Parando servicio [Catalina]
24-May-2026 14:49:05.920 ADVERTENCIA [Thread-1] org.apache.catalina.loader.WebappClassLoaderBase.clearReferencesJdbc La aplicación web [eventosProyecto] registró el conductor JDBC [com.mysql.cj.jdbc.Driver] pero falló al anular el registro mientras la aplicación web estaba parada. Para prevenir un fallo de memoria, se ha anulado el registro del conductor JDBC por la fuerza.
24-May-2026 14:49:05.920 ADVERTENCIA [Thread-1] org.apache.catalina.loader.WebappClassLoaderBase.clearReferencesThreads The web application [eventosProyecto] appears to have started a thread named [mysql-cj-abandoned-connection-cleanup] but has failed to stop it. This is very likely to create a memory leak. Stack trace of thread:
 java.base/java.lang.Object.wait0(Native Method)
 java.base/java.lang.Object.wait(Object.java:389)
 java.base/java.lang.ref.ReferenceQueue.remove0(ReferenceQueue.java:123)
 java.base/java.lang.ref.ReferenceQueue.remove(ReferenceQueue.java:201)
 com.mysql.cj.jdbc.AbandonedConnectionCleanupThread.run(AbandonedConnectionCleanupThread.java:91)
 java.base/java.util.concurrent.ThreadPoolExecutor.runWorker(ThreadPoolExecutor.java:1090)
 java.base/java.util.concurrent.ThreadPoolExecutor$Worker.run(ThreadPoolExecutor.java:614)
 java.base/java.lang.Thread.run(Thread.java:1474)
24-May-2026 14:49:05.923 INFORMACIÓN [Thread-1] org.apache.coyote.AbstractProtocol.stop Stopping ProtocolHandler ["http-nio-8080"]
24-May-2026 14:49:05.926 INFORMACIÓN [Thread-1] org.apache.coyote.AbstractProtocol.destroy Destroying ProtocolHandler ["http-nio-8080"]
24-May-2026 14:49:07.165 INFORMACIÓN [main] org.apache.catalina.startup.VersionLoggerListener.log Nombre de la versión del servidor: Apache Tomcat/9.0.117
24-May-2026 14:49:07.167 INFORMACIÓN [main] org.apache.catalina.startup.VersionLoggerListener.log Server built:                      Mar 30 2026 18:21:16 UTC
24-May-2026 14:49:07.167 INFORMACIÓN [main] org.apache.catalina.startup.VersionLoggerListener.log Número de versión de servidor:     9.0.117.0
24-May-2026 14:49:07.167 INFORMACIÓN [main] org.apache.catalina.startup.VersionLoggerListener.log OS Name:                           Windows 11
24-May-2026 14:49:07.168 INFORMACIÓN [main] org.apache.catalina.startup.VersionLoggerListener.log Versión de Systema Operativo:      10.0
24-May-2026 14:49:07.168 INFORMACIÓN [main] org.apache.catalina.startup.VersionLoggerListener.log Arquitectura:                      amd64
24-May-2026 14:49:07.168 INFORMACIÓN [main] org.apache.catalina.startup.VersionLoggerListener.log Java Home:                         C:\Users\cetme\.jdks\ms-25.0.3
24-May-2026 14:49:07.168 INFORMACIÓN [main] org.apache.catalina.startup.VersionLoggerListener.log JVM Version:                       25.0.3+9-LTS
24-May-2026 14:49:07.168 INFORMACIÓN [main] org.apache.catalina.startup.VersionLoggerListener.log Vededor JVM:                       Microsoft
24-May-2026 14:49:07.168 INFORMACIÓN [main] org.apache.catalina.startup.VersionLoggerListener.log CATALINA_BASE:                     G:\IntelliJ\eventosProyecto
24-May-2026 14:49:07.168 INFORMACIÓN [main] org.apache.catalina.startup.VersionLoggerListener.log CATALINA_HOME:                     G:\IntelliJ\Tomcat\apache-tomcat-9.0.117-20260522T151456Z-3-001\apache-tomcat-9.0.117
24-May-2026 14:49:07.179 INFORMACIÓN [main] org.apache.catalina.startup.VersionLoggerListener.log Command line argument:             --add-opens=java.base/java.lang=ALL-UNNAMED
24-May-2026 14:49:07.179 INFORMACIÓN [main] org.apache.catalina.startup.VersionLoggerListener.log Command line argument:             --add-opens=java.base/java.io=ALL-UNNAMED
24-May-2026 14:49:07.179 INFORMACIÓN [main] org.apache.catalina.startup.VersionLoggerListener.log Command line argument:             --add-opens=java.base/java.util=ALL-UNNAMED
24-May-2026 14:49:07.179 INFORMACIÓN [main] org.apache.catalina.startup.VersionLoggerListener.log Command line argument:             --add-opens=java.base/java.util.concurrent=ALL-UNNAMED
24-May-2026 14:49:07.179 INFORMACIÓN [main] org.apache.catalina.startup.VersionLoggerListener.log Command line argument:             --add-opens=java.rmi/sun.rmi.transport=ALL-UNNAMED
24-May-2026 14:49:07.179 INFORMACIÓN [main] org.apache.catalina.startup.VersionLoggerListener.log Command line argument:             -Dcatalina.home=G:\IntelliJ\Tomcat\apache-tomcat-9.0.117-20260522T151456Z-3-001\apache-tomcat-9.0.117
24-May-2026 14:49:07.179 INFORMACIÓN [main] org.apache.catalina.startup.VersionLoggerListener.log Command line argument:             -Dcatalina.base=G:\IntelliJ\eventosProyecto
24-May-2026 14:49:07.179 INFORMACIÓN [main] org.apache.catalina.startup.VersionLoggerListener.log Command line argument:             -Djava.io.tmpdir=G:\IntelliJ\eventosProyecto\temp
24-May-2026 14:49:07.179 INFORMACIÓN [main] org.apache.catalina.startup.VersionLoggerListener.log Command line argument:             -Djava.util.logging.config.file=G:\IntelliJ\eventosProyecto\conf\logging.properties
24-May-2026 14:49:07.179 INFORMACIÓN [main] org.apache.catalina.startup.VersionLoggerListener.log Command line argument:             -Djava.util.logging.manager=org.apache.juli.ClassLoaderLogManager
24-May-2026 14:49:07.181 INFORMACIÓN [main] org.apache.catalina.startup.VersionLoggerListener.log Command line argument:             -javaagent:G:\IntelliJ\IntelliJ IDEA 2026.1.2\lib\idea_rt.jar=58849
24-May-2026 14:49:07.181 INFORMACIÓN [main] org.apache.catalina.startup.VersionLoggerListener.log Command line argument:             -Dfile.encoding=UTF-8
24-May-2026 14:49:07.181 INFORMACIÓN [main] org.apache.catalina.startup.VersionLoggerListener.log Command line argument:             -Dsun.stdout.encoding=UTF-8
24-May-2026 14:49:07.181 INFORMACIÓN [main] org.apache.catalina.startup.VersionLoggerListener.log Command line argument:             -Dsun.stderr.encoding=UTF-8
24-May-2026 14:49:07.187 INFORMACIÓN [main] org.apache.catalina.core.AprLifecycleListener.lifecycleEvent Cargada la biblioteca nativa APR de Apache Tomcat [1.3.7] con la versión APR [1.7.6].
24-May-2026 14:49:07.187 INFORMACIÓN [main] org.apache.catalina.core.AprLifecycleListener.lifecycleEvent Capacidades APR: IPv6 [true], enviar fichero [true], aceptar filtros [false], aleatorio [true], UDS [true].
24-May-2026 14:49:07.187 INFORMACIÓN [main] org.apache.catalina.core.AprLifecycleListener.lifecycleEvent APR/OpenSSL configuration: useAprConnector [false], useOpenSSL [true]
24-May-2026 14:49:07.195 INFORMACIÓN [main] org.apache.catalina.core.AprLifecycleListener.initializeSSL OpenSSL inicializado correctamente [OpenSSL 3.0.19 27 Jan 2026]
24-May-2026 14:49:07.424 INFORMACIÓN [main] org.apache.coyote.AbstractProtocol.init Inicializando el manejador de protocolo ["http-nio-8080"]

24-May-2026 14:49:07.438 INFORMACIÓN [main] org.apache.catalina.startup.Catalina.load Server initialization in [421] milliseconds
24-May-2026 14:49:07.470 INFORMACIÓN [main] org.apache.catalina.core.StandardService.startInternal Arrancando servicio [Catalina]
24-May-2026 14:49:07.470 INFORMACIÓN [main] org.apache.catalina.core.StandardEngine.startInternal Starting Servlet engine: [Apache Tomcat/9.0.117]
24-May-2026 14:49:07.488 INFORMACIÓN [main] org.apache.catalina.startup.HostConfig.deployDescriptor Desplieque del descriptor de configuración [G:\IntelliJ\eventosProyecto\conf\Catalina\localhost\eventosProyecto.xml]
24-May-2026 14:49:08.301 INFORMACIÓN [main] org.apache.jasper.servlet.TldScanner.scanJars Al menos un JAR, que se ha explorado buscando TLDs, aún no contenía TLDs. Activar historial de depuración para este historiador para una completa lista de los JARs que fueron explorados y de los que nos se halló TLDs. Saltarse JARs no necesarios durante la exploración puede dar lugar a una mejora de tiempo significativa en el arranque y compilación de JSP .
24-May-2026 14:49:08.387 INFORMACIÓN [main] org.apache.catalina.startup.HostConfig.deployDescriptor Deployment of deployment descriptor [G:\IntelliJ\eventosProyecto\conf\Catalina\localhost\eventosProyecto.xml] has finished in [896] ms
24-May-2026 14:49:08.390 INFORMACIÓN [main] org.apache.coyote.AbstractProtocol.start Starting ProtocolHandler ["http-nio-8080"]
24-May-2026 14:49:08.408 INFORMACIÓN [main] org.apache.catalina.startup.Catalina.start Server startup in [968] milliseconds
24-May-2026 14:56:25.856 INFORMACIÓN [Thread-1] org.apache.coyote.AbstractProtocol.pause Pausing ProtocolHandler ["http-nio-8080"]
24-May-2026 14:56:25.860 INFORMACIÓN [Thread-1] org.apache.catalina.core.StandardService.stopInternal Parando servicio [Catalina]
24-May-2026 14:56:25.863 ADVERTENCIA [Thread-1] org.apache.catalina.loader.WebappClassLoaderBase.clearReferencesJdbc La aplicación web [eventosProyecto] registró el conductor JDBC [com.mysql.cj.jdbc.Driver] pero falló al anular el registro mientras la aplicación web estaba parada. Para prevenir un fallo de memoria, se ha anulado el registro del conductor JDBC por la fuerza.
24-May-2026 14:56:25.864 ADVERTENCIA [Thread-1] org.apache.catalina.loader.WebappClassLoaderBase.clearReferencesThreads The web application [eventosProyecto] appears to have started a thread named [mysql-cj-abandoned-connection-cleanup] but has failed to stop it. This is very likely to create a memory leak. Stack trace of thread:
 java.base/java.lang.Object.wait0(Native Method)
 java.base/java.lang.Object.wait(Object.java:389)
 java.base/java.lang.ref.ReferenceQueue.remove0(ReferenceQueue.java:123)
 java.base/java.lang.ref.ReferenceQueue.remove(ReferenceQueue.java:201)
 com.mysql.cj.jdbc.AbandonedConnectionCleanupThread.run(AbandonedConnectionCleanupThread.java:91)
 java.base/java.util.concurrent.ThreadPoolExecutor.runWorker(ThreadPoolExecutor.java:1090)
 java.base/java.util.concurrent.ThreadPoolExecutor$Worker.run(ThreadPoolExecutor.java:614)
 java.base/java.lang.Thread.run(Thread.java:1474)
24-May-2026 14:56:25.866 INFORMACIÓN [Thread-1] org.apache.coyote.AbstractProtocol.stop Stopping ProtocolHandler ["http-nio-8080"]
24-May-2026 14:56:25.868 INFORMACIÓN [Thread-1] org.apache.coyote.AbstractProtocol.destroy Destroying ProtocolHandler ["http-nio-8080"]
24-May-2026 14:56:27.785 INFORMACIÓN [main] org.apache.catalina.startup.VersionLoggerListener.log Nombre de la versión del servidor: Apache Tomcat/9.0.117
24-May-2026 14:56:27.788 INFORMACIÓN [main] org.apache.catalina.startup.VersionLoggerListener.log Server built:                      Mar 30 2026 18:21:16 UTC
24-May-2026 14:56:27.788 INFORMACIÓN [main] org.apache.catalina.startup.VersionLoggerListener.log Número de versión de servidor:     9.0.117.0
24-May-2026 14:56:27.788 INFORMACIÓN [main] org.apache.catalina.startup.VersionLoggerListener.log OS Name:                           Windows 11
24-May-2026 14:56:27.788 INFORMACIÓN [main] org.apache.catalina.startup.VersionLoggerListener.log Versión de Systema Operativo:      10.0
24-May-2026 14:56:27.788 INFORMACIÓN [main] org.apache.catalina.startup.VersionLoggerListener.log Arquitectura:                      amd64
24-May-2026 14:56:27.788 INFORMACIÓN [main] org.apache.catalina.startup.VersionLoggerListener.log Java Home:                         C:\Users\cetme\.jdks\ms-25.0.3
24-May-2026 14:56:27.788 INFORMACIÓN [main] org.apache.catalina.startup.VersionLoggerListener.log JVM Version:                       25.0.3+9-LTS
24-May-2026 14:56:27.788 INFORMACIÓN [main] org.apache.catalina.startup.VersionLoggerListener.log Vededor JVM:                       Microsoft
24-May-2026 14:56:27.788 INFORMACIÓN [main] org.apache.catalina.startup.VersionLoggerListener.log CATALINA_BASE:                     G:\IntelliJ\eventosProyecto
24-May-2026 14:56:27.788 INFORMACIÓN [main] org.apache.catalina.startup.VersionLoggerListener.log CATALINA_HOME:                     G:\IntelliJ\Tomcat\apache-tomcat-9.0.117-20260522T151456Z-3-001\apache-tomcat-9.0.117
24-May-2026 14:56:27.798 INFORMACIÓN [main] org.apache.catalina.startup.VersionLoggerListener.log Command line argument:             --add-opens=java.base/java.lang=ALL-UNNAMED
24-May-2026 14:56:27.798 INFORMACIÓN [main] org.apache.catalina.startup.VersionLoggerListener.log Command line argument:             --add-opens=java.base/java.io=ALL-UNNAMED
24-May-2026 14:56:27.798 INFORMACIÓN [main] org.apache.catalina.startup.VersionLoggerListener.log Command line argument:             --add-opens=java.base/java.util=ALL-UNNAMED
24-May-2026 14:56:27.798 INFORMACIÓN [main] org.apache.catalina.startup.VersionLoggerListener.log Command line argument:             --add-opens=java.base/java.util.concurrent=ALL-UNNAMED
24-May-2026 14:56:27.798 INFORMACIÓN [main] org.apache.catalina.startup.VersionLoggerListener.log Command line argument:             --add-opens=java.rmi/sun.rmi.transport=ALL-UNNAMED
24-May-2026 14:56:27.799 INFORMACIÓN [main] org.apache.catalina.startup.VersionLoggerListener.log Command line argument:             -Dcatalina.home=G:\IntelliJ\Tomcat\apache-tomcat-9.0.117-20260522T151456Z-3-001\apache-tomcat-9.0.117
24-May-2026 14:56:27.799 INFORMACIÓN [main] org.apache.catalina.startup.VersionLoggerListener.log Command line argument:             -Dcatalina.base=G:\IntelliJ\eventosProyecto
24-May-2026 14:56:27.799 INFORMACIÓN [main] org.apache.catalina.startup.VersionLoggerListener.log Command line argument:             -Djava.io.tmpdir=G:\IntelliJ\eventosProyecto\temp
24-May-2026 14:56:27.799 INFORMACIÓN [main] org.apache.catalina.startup.VersionLoggerListener.log Command line argument:             -Djava.util.logging.config.file=G:\IntelliJ\eventosProyecto\conf\logging.properties
24-May-2026 14:56:27.799 INFORMACIÓN [main] org.apache.catalina.startup.VersionLoggerListener.log Command line argument:             -Djava.util.logging.manager=org.apache.juli.ClassLoaderLogManager
24-May-2026 14:56:27.799 INFORMACIÓN [main] org.apache.catalina.startup.VersionLoggerListener.log Command line argument:             -javaagent:G:\IntelliJ\IntelliJ IDEA 2026.1.2\lib\idea_rt.jar=51561
24-May-2026 14:56:27.799 INFORMACIÓN [main] org.apache.catalina.startup.VersionLoggerListener.log Command line argument:             -Dfile.encoding=UTF-8
24-May-2026 14:56:27.799 INFORMACIÓN [main] org.apache.catalina.startup.VersionLoggerListener.log Command line argument:             -Dsun.stdout.encoding=UTF-8
24-May-2026 14:56:27.799 INFORMACIÓN [main] org.apache.catalina.startup.VersionLoggerListener.log Command line argument:             -Dsun.stderr.encoding=UTF-8
24-May-2026 14:56:27.805 INFORMACIÓN [main] org.apache.catalina.core.AprLifecycleListener.lifecycleEvent Cargada la biblioteca nativa APR de Apache Tomcat [1.3.7] con la versión APR [1.7.6].
24-May-2026 14:56:27.805 INFORMACIÓN [main] org.apache.catalina.core.AprLifecycleListener.lifecycleEvent Capacidades APR: IPv6 [true], enviar fichero [true], aceptar filtros [false], aleatorio [true], UDS [true].
24-May-2026 14:56:27.805 INFORMACIÓN [main] org.apache.catalina.core.AprLifecycleListener.lifecycleEvent APR/OpenSSL configuration: useAprConnector [false], useOpenSSL [true]
24-May-2026 14:56:27.811 INFORMACIÓN [main] org.apache.catalina.core.AprLifecycleListener.initializeSSL OpenSSL inicializado correctamente [OpenSSL 3.0.19 27 Jan 2026]
24-May-2026 14:56:28.020 INFORMACIÓN [main] org.apache.coyote.AbstractProtocol.init Inicializando el manejador de protocolo ["http-nio-8080"]

24-May-2026 14:56:28.032 INFORMACIÓN [main] org.apache.catalina.startup.Catalina.load Server initialization in [374] milliseconds
24-May-2026 14:56:28.064 INFORMACIÓN [main] org.apache.catalina.core.StandardService.startInternal Arrancando servicio [Catalina]
24-May-2026 14:56:28.064 INFORMACIÓN [main] org.apache.catalina.core.StandardEngine.startInternal Starting Servlet engine: [Apache Tomcat/9.0.117]
24-May-2026 14:56:28.073 INFORMACIÓN [main] org.apache.catalina.startup.HostConfig.deployDescriptor Desplieque del descriptor de configuración [G:\IntelliJ\eventosProyecto\conf\Catalina\localhost\eventosProyecto.xml]
24-May-2026 14:56:28.893 INFORMACIÓN [main] org.apache.jasper.servlet.TldScanner.scanJars Al menos un JAR, que se ha explorado buscando TLDs, aún no contenía TLDs. Activar historial de depuración para este historiador para una completa lista de los JARs que fueron explorados y de los que nos se halló TLDs. Saltarse JARs no necesarios durante la exploración puede dar lugar a una mejora de tiempo significativa en el arranque y compilación de JSP .
24-May-2026 14:56:28.991 INFORMACIÓN [main] org.apache.catalina.startup.HostConfig.deployDescriptor Deployment of deployment descriptor [G:\IntelliJ\eventosProyecto\conf\Catalina\localhost\eventosProyecto.xml] has finished in [914] ms
24-May-2026 14:56:28.995 INFORMACIÓN [main] org.apache.coyote.AbstractProtocol.start Starting ProtocolHandler ["http-nio-8080"]
24-May-2026 14:56:29.012 INFORMACIÓN [main] org.apache.catalina.startup.Catalina.start Server startup in [978] milliseconds
24-May-2026 15:06:32.718 INFORMACIÓN [Thread-1] org.apache.coyote.AbstractProtocol.pause Pausing ProtocolHandler ["http-nio-8080"]
24-May-2026 15:06:32.721 INFORMACIÓN [Thread-1] org.apache.catalina.core.StandardService.stopInternal Parando servicio [Catalina]
24-May-2026 15:06:32.725 ADVERTENCIA [Thread-1] org.apache.catalina.loader.WebappClassLoaderBase.clearReferencesJdbc La aplicación web [eventosProyecto] registró el conductor JDBC [com.mysql.cj.jdbc.Driver] pero falló al anular el registro mientras la aplicación web estaba parada. Para prevenir un fallo de memoria, se ha anulado el registro del conductor JDBC por la fuerza.
24-May-2026 15:06:32.726 ADVERTENCIA [Thread-1] org.apache.catalina.loader.WebappClassLoaderBase.clearReferencesThreads The web application [eventosProyecto] appears to have started a thread named [mysql-cj-abandoned-connection-cleanup] but has failed to stop it. This is very likely to create a memory leak. Stack trace of thread:
 java.base/java.lang.Object.wait0(Native Method)
 java.base/java.lang.Object.wait(Object.java:389)
 java.base/java.lang.ref.ReferenceQueue.remove0(ReferenceQueue.java:123)
 java.base/java.lang.ref.ReferenceQueue.remove(ReferenceQueue.java:201)
 com.mysql.cj.jdbc.AbandonedConnectionCleanupThread.run(AbandonedConnectionCleanupThread.java:91)
 java.base/java.util.concurrent.ThreadPoolExecutor.runWorker(ThreadPoolExecutor.java:1090)
 java.base/java.util.concurrent.ThreadPoolExecutor$Worker.run(ThreadPoolExecutor.java:614)
 java.base/java.lang.Thread.run(Thread.java:1474)
24-May-2026 15:06:32.728 INFORMACIÓN [Thread-1] org.apache.coyote.AbstractProtocol.stop Stopping ProtocolHandler ["http-nio-8080"]
24-May-2026 15:06:32.730 INFORMACIÓN [Thread-1] org.apache.coyote.AbstractProtocol.destroy Destroying ProtocolHandler ["http-nio-8080"]
24-May-2026 15:06:48.771 INFORMACIÓN [main] org.apache.catalina.startup.VersionLoggerListener.log Nombre de la versión del servidor: Apache Tomcat/9.0.117
24-May-2026 15:06:48.773 INFORMACIÓN [main] org.apache.catalina.startup.VersionLoggerListener.log Server built:                      Mar 30 2026 18:21:16 UTC
24-May-2026 15:06:48.773 INFORMACIÓN [main] org.apache.catalina.startup.VersionLoggerListener.log Número de versión de servidor:     9.0.117.0
24-May-2026 15:06:48.773 INFORMACIÓN [main] org.apache.catalina.startup.VersionLoggerListener.log OS Name:                           Windows 11
24-May-2026 15:06:48.773 INFORMACIÓN [main] org.apache.catalina.startup.VersionLoggerListener.log Versión de Systema Operativo:      10.0
24-May-2026 15:06:48.773 INFORMACIÓN [main] org.apache.catalina.startup.VersionLoggerListener.log Arquitectura:                      amd64
24-May-2026 15:06:48.773 INFORMACIÓN [main] org.apache.catalina.startup.VersionLoggerListener.log Java Home:                         C:\Users\cetme\.jdks\ms-25.0.3
24-May-2026 15:06:48.773 INFORMACIÓN [main] org.apache.catalina.startup.VersionLoggerListener.log JVM Version:                       25.0.3+9-LTS
24-May-2026 15:06:48.773 INFORMACIÓN [main] org.apache.catalina.startup.VersionLoggerListener.log Vededor JVM:                       Microsoft
24-May-2026 15:06:48.774 INFORMACIÓN [main] org.apache.catalina.startup.VersionLoggerListener.log CATALINA_BASE:                     G:\IntelliJ\eventosProyecto
24-May-2026 15:06:48.774 INFORMACIÓN [main] org.apache.catalina.startup.VersionLoggerListener.log CATALINA_HOME:                     G:\IntelliJ\Tomcat\apache-tomcat-9.0.117-20260522T151456Z-3-001\apache-tomcat-9.0.117
24-May-2026 15:06:48.784 INFORMACIÓN [main] org.apache.catalina.startup.VersionLoggerListener.log Command line argument:             --add-opens=java.base/java.lang=ALL-UNNAMED
24-May-2026 15:06:48.784 INFORMACIÓN [main] org.apache.catalina.startup.VersionLoggerListener.log Command line argument:             --add-opens=java.base/java.io=ALL-UNNAMED
24-May-2026 15:06:48.784 INFORMACIÓN [main] org.apache.catalina.startup.VersionLoggerListener.log Command line argument:             --add-opens=java.base/java.util=ALL-UNNAMED
24-May-2026 15:06:48.784 INFORMACIÓN [main] org.apache.catalina.startup.VersionLoggerListener.log Command line argument:             --add-opens=java.base/java.util.concurrent=ALL-UNNAMED
24-May-2026 15:06:48.784 INFORMACIÓN [main] org.apache.catalina.startup.VersionLoggerListener.log Command line argument:             --add-opens=java.rmi/sun.rmi.transport=ALL-UNNAMED
24-May-2026 15:06:48.784 INFORMACIÓN [main] org.apache.catalina.startup.VersionLoggerListener.log Command line argument:             -Dcatalina.home=G:\IntelliJ\Tomcat\apache-tomcat-9.0.117-20260522T151456Z-3-001\apache-tomcat-9.0.117
24-May-2026 15:06:48.784 INFORMACIÓN [main] org.apache.catalina.startup.VersionLoggerListener.log Command line argument:             -Dcatalina.base=G:\IntelliJ\eventosProyecto
24-May-2026 15:06:48.784 INFORMACIÓN [main] org.apache.catalina.startup.VersionLoggerListener.log Command line argument:             -Djava.io.tmpdir=G:\IntelliJ\eventosProyecto\temp
24-May-2026 15:06:48.784 INFORMACIÓN [main] org.apache.catalina.startup.VersionLoggerListener.log Command line argument:             -Djava.util.logging.config.file=G:\IntelliJ\eventosProyecto\conf\logging.properties
24-May-2026 15:06:48.784 INFORMACIÓN [main] org.apache.catalina.startup.VersionLoggerListener.log Command line argument:             -Djava.util.logging.manager=org.apache.juli.ClassLoaderLogManager
24-May-2026 15:06:48.784 INFORMACIÓN [main] org.apache.catalina.startup.VersionLoggerListener.log Command line argument:             -javaagent:G:\IntelliJ\IntelliJ IDEA 2026.1.2\lib\idea_rt.jar=51600
24-May-2026 15:06:48.785 INFORMACIÓN [main] org.apache.catalina.startup.VersionLoggerListener.log Command line argument:             -Dfile.encoding=UTF-8
24-May-2026 15:06:48.785 INFORMACIÓN [main] org.apache.catalina.startup.VersionLoggerListener.log Command line argument:             -Dsun.stdout.encoding=UTF-8
24-May-2026 15:06:48.785 INFORMACIÓN [main] org.apache.catalina.startup.VersionLoggerListener.log Command line argument:             -Dsun.stderr.encoding=UTF-8
24-May-2026 15:06:48.790 INFORMACIÓN [main] org.apache.catalina.core.AprLifecycleListener.lifecycleEvent Cargada la biblioteca nativa APR de Apache Tomcat [1.3.7] con la versión APR [1.7.6].
24-May-2026 15:06:48.790 INFORMACIÓN [main] org.apache.catalina.core.AprLifecycleListener.lifecycleEvent Capacidades APR: IPv6 [true], enviar fichero [true], aceptar filtros [false], aleatorio [true], UDS [true].
24-May-2026 15:06:48.791 INFORMACIÓN [main] org.apache.catalina.core.AprLifecycleListener.lifecycleEvent APR/OpenSSL configuration: useAprConnector [false], useOpenSSL [true]
24-May-2026 15:06:48.797 INFORMACIÓN [main] org.apache.catalina.core.AprLifecycleListener.initializeSSL OpenSSL inicializado correctamente [OpenSSL 3.0.19 27 Jan 2026]
24-May-2026 15:06:49.009 INFORMACIÓN [main] org.apache.coyote.AbstractProtocol.init Inicializando el manejador de protocolo ["http-nio-8080"]

24-May-2026 15:06:49.021 INFORMACIÓN [main] org.apache.catalina.startup.Catalina.load Server initialization in [373] milliseconds
24-May-2026 15:06:49.049 INFORMACIÓN [main] org.apache.catalina.core.StandardService.startInternal Arrancando servicio [Catalina]
24-May-2026 15:06:49.050 INFORMACIÓN [main] org.apache.catalina.core.StandardEngine.startInternal Starting Servlet engine: [Apache Tomcat/9.0.117]
24-May-2026 15:06:49.062 INFORMACIÓN [main] org.apache.catalina.startup.HostConfig.deployDescriptor Desplieque del descriptor de configuración [G:\IntelliJ\eventosProyecto\conf\Catalina\localhost\eventosProyecto.xml]
24-May-2026 15:06:49.876 INFORMACIÓN [main] org.apache.jasper.servlet.TldScanner.scanJars Al menos un JAR, que se ha explorado buscando TLDs, aún no contenía TLDs. Activar historial de depuración para este historiador para una completa lista de los JARs que fueron explorados y de los que nos se halló TLDs. Saltarse JARs no necesarios durante la exploración puede dar lugar a una mejora de tiempo significativa en el arranque y compilación de JSP .
24-May-2026 15:06:49.959 INFORMACIÓN [main] org.apache.catalina.startup.HostConfig.deployDescriptor Deployment of deployment descriptor [G:\IntelliJ\eventosProyecto\conf\Catalina\localhost\eventosProyecto.xml] has finished in [894] ms
24-May-2026 15:06:49.962 INFORMACIÓN [main] org.apache.coyote.AbstractProtocol.start Starting ProtocolHandler ["http-nio-8080"]
24-May-2026 15:06:49.979 INFORMACIÓN [main] org.apache.catalina.startup.Catalina.start Server startup in [956] milliseconds
24-May-2026 15:08:05.491 INFORMACIÓN [Thread-1] org.apache.coyote.AbstractProtocol.pause Pausing ProtocolHandler ["http-nio-8080"]
24-May-2026 15:08:05.496 INFORMACIÓN [Thread-1] org.apache.catalina.core.StandardService.stopInternal Parando servicio [Catalina]
24-May-2026 15:08:05.499 ADVERTENCIA [Thread-1] org.apache.catalina.loader.WebappClassLoaderBase.clearReferencesJdbc La aplicación web [eventosProyecto] registró el conductor JDBC [com.mysql.cj.jdbc.Driver] pero falló al anular el registro mientras la aplicación web estaba parada. Para prevenir un fallo de memoria, se ha anulado el registro del conductor JDBC por la fuerza.
24-May-2026 15:08:05.499 ADVERTENCIA [Thread-1] org.apache.catalina.loader.WebappClassLoaderBase.clearReferencesThreads The web application [eventosProyecto] appears to have started a thread named [mysql-cj-abandoned-connection-cleanup] but has failed to stop it. This is very likely to create a memory leak. Stack trace of thread:
 java.base/java.lang.Object.wait0(Native Method)
 java.base/java.lang.Object.wait(Object.java:389)
 java.base/java.lang.ref.ReferenceQueue.remove0(ReferenceQueue.java:123)
 java.base/java.lang.ref.ReferenceQueue.remove(ReferenceQueue.java:201)
 com.mysql.cj.jdbc.AbandonedConnectionCleanupThread.run(AbandonedConnectionCleanupThread.java:91)
 java.base/java.util.concurrent.ThreadPoolExecutor.runWorker(ThreadPoolExecutor.java:1090)
 java.base/java.util.concurrent.ThreadPoolExecutor$Worker.run(ThreadPoolExecutor.java:614)
 java.base/java.lang.Thread.run(Thread.java:1474)
24-May-2026 15:08:05.501 INFORMACIÓN [Thread-1] org.apache.coyote.AbstractProtocol.stop Stopping ProtocolHandler ["http-nio-8080"]
24-May-2026 15:08:05.504 INFORMACIÓN [Thread-1] org.apache.coyote.AbstractProtocol.destroy Destroying ProtocolHandler ["http-nio-8080"]
24-May-2026 15:08:07.354 INFORMACIÓN [main] org.apache.catalina.startup.VersionLoggerListener.log Nombre de la versión del servidor: Apache Tomcat/9.0.117
24-May-2026 15:08:07.356 INFORMACIÓN [main] org.apache.catalina.startup.VersionLoggerListener.log Server built:                      Mar 30 2026 18:21:16 UTC
24-May-2026 15:08:07.356 INFORMACIÓN [main] org.apache.catalina.startup.VersionLoggerListener.log Número de versión de servidor:     9.0.117.0
24-May-2026 15:08:07.356 INFORMACIÓN [main] org.apache.catalina.startup.VersionLoggerListener.log OS Name:                           Windows 11
24-May-2026 15:08:07.356 INFORMACIÓN [main] org.apache.catalina.startup.VersionLoggerListener.log Versión de Systema Operativo:      10.0
24-May-2026 15:08:07.357 INFORMACIÓN [main] org.apache.catalina.startup.VersionLoggerListener.log Arquitectura:                      amd64
24-May-2026 15:08:07.357 INFORMACIÓN [main] org.apache.catalina.startup.VersionLoggerListener.log Java Home:                         C:\Users\cetme\.jdks\ms-25.0.3
24-May-2026 15:08:07.357 INFORMACIÓN [main] org.apache.catalina.startup.VersionLoggerListener.log JVM Version:                       25.0.3+9-LTS
24-May-2026 15:08:07.357 INFORMACIÓN [main] org.apache.catalina.startup.VersionLoggerListener.log Vededor JVM:                       Microsoft
24-May-2026 15:08:07.357 INFORMACIÓN [main] org.apache.catalina.startup.VersionLoggerListener.log CATALINA_BASE:                     G:\IntelliJ\eventosProyecto
24-May-2026 15:08:07.357 INFORMACIÓN [main] org.apache.catalina.startup.VersionLoggerListener.log CATALINA_HOME:                     G:\IntelliJ\Tomcat\apache-tomcat-9.0.117-20260522T151456Z-3-001\apache-tomcat-9.0.117
24-May-2026 15:08:07.366 INFORMACIÓN [main] org.apache.catalina.startup.VersionLoggerListener.log Command line argument:             --add-opens=java.base/java.lang=ALL-UNNAMED
24-May-2026 15:08:07.366 INFORMACIÓN [main] org.apache.catalina.startup.VersionLoggerListener.log Command line argument:             --add-opens=java.base/java.io=ALL-UNNAMED
24-May-2026 15:08:07.366 INFORMACIÓN [main] org.apache.catalina.startup.VersionLoggerListener.log Command line argument:             --add-opens=java.base/java.util=ALL-UNNAMED
24-May-2026 15:08:07.366 INFORMACIÓN [main] org.apache.catalina.startup.VersionLoggerListener.log Command line argument:             --add-opens=java.base/java.util.concurrent=ALL-UNNAMED
24-May-2026 15:08:07.367 INFORMACIÓN [main] org.apache.catalina.startup.VersionLoggerListener.log Command line argument:             --add-opens=java.rmi/sun.rmi.transport=ALL-UNNAMED
24-May-2026 15:08:07.367 INFORMACIÓN [main] org.apache.catalina.startup.VersionLoggerListener.log Command line argument:             -Dcatalina.home=G:\IntelliJ\Tomcat\apache-tomcat-9.0.117-20260522T151456Z-3-001\apache-tomcat-9.0.117
24-May-2026 15:08:07.367 INFORMACIÓN [main] org.apache.catalina.startup.VersionLoggerListener.log Command line argument:             -Dcatalina.base=G:\IntelliJ\eventosProyecto
24-May-2026 15:08:07.367 INFORMACIÓN [main] org.apache.catalina.startup.VersionLoggerListener.log Command line argument:             -Djava.io.tmpdir=G:\IntelliJ\eventosProyecto\temp
24-May-2026 15:08:07.367 INFORMACIÓN [main] org.apache.catalina.startup.VersionLoggerListener.log Command line argument:             -Djava.util.logging.config.file=G:\IntelliJ\eventosProyecto\conf\logging.properties
24-May-2026 15:08:07.367 INFORMACIÓN [main] org.apache.catalina.startup.VersionLoggerListener.log Command line argument:             -Djava.util.logging.manager=org.apache.juli.ClassLoaderLogManager
24-May-2026 15:08:07.367 INFORMACIÓN [main] org.apache.catalina.startup.VersionLoggerListener.log Command line argument:             -javaagent:G:\IntelliJ\IntelliJ IDEA 2026.1.2\lib\idea_rt.jar=65338
24-May-2026 15:08:07.367 INFORMACIÓN [main] org.apache.catalina.startup.VersionLoggerListener.log Command line argument:             -Dfile.encoding=UTF-8
24-May-2026 15:08:07.367 INFORMACIÓN [main] org.apache.catalina.startup.VersionLoggerListener.log Command line argument:             -Dsun.stdout.encoding=UTF-8
24-May-2026 15:08:07.367 INFORMACIÓN [main] org.apache.catalina.startup.VersionLoggerListener.log Command line argument:             -Dsun.stderr.encoding=UTF-8
24-May-2026 15:08:07.373 INFORMACIÓN [main] org.apache.catalina.core.AprLifecycleListener.lifecycleEvent Cargada la biblioteca nativa APR de Apache Tomcat [1.3.7] con la versión APR [1.7.6].
24-May-2026 15:08:07.373 INFORMACIÓN [main] org.apache.catalina.core.AprLifecycleListener.lifecycleEvent Capacidades APR: IPv6 [true], enviar fichero [true], aceptar filtros [false], aleatorio [true], UDS [true].
24-May-2026 15:08:07.373 INFORMACIÓN [main] org.apache.catalina.core.AprLifecycleListener.lifecycleEvent APR/OpenSSL configuration: useAprConnector [false], useOpenSSL [true]
24-May-2026 15:08:07.379 INFORMACIÓN [main] org.apache.catalina.core.AprLifecycleListener.initializeSSL OpenSSL inicializado correctamente [OpenSSL 3.0.19 27 Jan 2026]
24-May-2026 15:08:07.586 INFORMACIÓN [main] org.apache.coyote.AbstractProtocol.init Inicializando el manejador de protocolo ["http-nio-8080"]

24-May-2026 15:08:07.599 INFORMACIÓN [main] org.apache.catalina.startup.Catalina.load Server initialization in [374] milliseconds
24-May-2026 15:08:07.629 INFORMACIÓN [main] org.apache.catalina.core.StandardService.startInternal Arrancando servicio [Catalina]
24-May-2026 15:08:07.629 INFORMACIÓN [main] org.apache.catalina.core.StandardEngine.startInternal Starting Servlet engine: [Apache Tomcat/9.0.117]
24-May-2026 15:08:07.644 INFORMACIÓN [main] org.apache.catalina.startup.HostConfig.deployDescriptor Desplieque del descriptor de configuración [G:\IntelliJ\eventosProyecto\conf\Catalina\localhost\eventosProyecto.xml]
24-May-2026 15:08:08.445 INFORMACIÓN [main] org.apache.jasper.servlet.TldScanner.scanJars Al menos un JAR, que se ha explorado buscando TLDs, aún no contenía TLDs. Activar historial de depuración para este historiador para una completa lista de los JARs que fueron explorados y de los que nos se halló TLDs. Saltarse JARs no necesarios durante la exploración puede dar lugar a una mejora de tiempo significativa en el arranque y compilación de JSP .
24-May-2026 15:08:08.529 INFORMACIÓN [main] org.apache.catalina.startup.HostConfig.deployDescriptor Deployment of deployment descriptor [G:\IntelliJ\eventosProyecto\conf\Catalina\localhost\eventosProyecto.xml] has finished in [881] ms
24-May-2026 15:08:08.531 INFORMACIÓN [main] org.apache.coyote.AbstractProtocol.start Starting ProtocolHandler ["http-nio-8080"]
24-May-2026 15:08:08.548 INFORMACIÓN [main] org.apache.catalina.startup.Catalina.start Server startup in [947] milliseconds
24-May-2026 15:09:23.444 INFORMACIÓN [Thread-1] org.apache.coyote.AbstractProtocol.pause Pausing ProtocolHandler ["http-nio-8080"]
24-May-2026 15:09:23.448 INFORMACIÓN [Thread-1] org.apache.catalina.core.StandardService.stopInternal Parando servicio [Catalina]
24-May-2026 15:09:23.451 ADVERTENCIA [Thread-1] org.apache.catalina.loader.WebappClassLoaderBase.clearReferencesJdbc La aplicación web [eventosProyecto] registró el conductor JDBC [com.mysql.cj.jdbc.Driver] pero falló al anular el registro mientras la aplicación web estaba parada. Para prevenir un fallo de memoria, se ha anulado el registro del conductor JDBC por la fuerza.
24-May-2026 15:09:23.451 ADVERTENCIA [Thread-1] org.apache.catalina.loader.WebappClassLoaderBase.clearReferencesThreads The web application [eventosProyecto] appears to have started a thread named [mysql-cj-abandoned-connection-cleanup] but has failed to stop it. This is very likely to create a memory leak. Stack trace of thread:
 java.base/java.lang.Object.wait0(Native Method)
 java.base/java.lang.Object.wait(Object.java:389)
 java.base/java.lang.ref.ReferenceQueue.remove0(ReferenceQueue.java:123)
 java.base/java.lang.ref.ReferenceQueue.remove(ReferenceQueue.java:201)
 com.mysql.cj.jdbc.AbandonedConnectionCleanupThread.run(AbandonedConnectionCleanupThread.java:91)
 java.base/java.util.concurrent.ThreadPoolExecutor.runWorker(ThreadPoolExecutor.java:1090)
 java.base/java.util.concurrent.ThreadPoolExecutor$Worker.run(ThreadPoolExecutor.java:614)
 java.base/java.lang.Thread.run(Thread.java:1474)
24-May-2026 15:09:23.453 INFORMACIÓN [Thread-1] org.apache.coyote.AbstractProtocol.stop Stopping ProtocolHandler ["http-nio-8080"]
24-May-2026 15:09:23.455 INFORMACIÓN [Thread-1] org.apache.coyote.AbstractProtocol.destroy Destroying ProtocolHandler ["http-nio-8080"]
24-May-2026 15:09:24.633 INFORMACIÓN [main] org.apache.catalina.startup.VersionLoggerListener.log Nombre de la versión del servidor: Apache Tomcat/9.0.117
24-May-2026 15:09:24.635 INFORMACIÓN [main] org.apache.catalina.startup.VersionLoggerListener.log Server built:                      Mar 30 2026 18:21:16 UTC
24-May-2026 15:09:24.635 INFORMACIÓN [main] org.apache.catalina.startup.VersionLoggerListener.log Número de versión de servidor:     9.0.117.0
24-May-2026 15:09:24.635 INFORMACIÓN [main] org.apache.catalina.startup.VersionLoggerListener.log OS Name:                           Windows 11
24-May-2026 15:09:24.635 INFORMACIÓN [main] org.apache.catalina.startup.VersionLoggerListener.log Versión de Systema Operativo:      10.0
24-May-2026 15:09:24.635 INFORMACIÓN [main] org.apache.catalina.startup.VersionLoggerListener.log Arquitectura:                      amd64
24-May-2026 15:09:24.636 INFORMACIÓN [main] org.apache.catalina.startup.VersionLoggerListener.log Java Home:                         C:\Users\cetme\.jdks\ms-25.0.3
24-May-2026 15:09:24.636 INFORMACIÓN [main] org.apache.catalina.startup.VersionLoggerListener.log JVM Version:                       25.0.3+9-LTS
24-May-2026 15:09:24.636 INFORMACIÓN [main] org.apache.catalina.startup.VersionLoggerListener.log Vededor JVM:                       Microsoft
24-May-2026 15:09:24.636 INFORMACIÓN [main] org.apache.catalina.startup.VersionLoggerListener.log CATALINA_BASE:                     G:\IntelliJ\eventosProyecto
24-May-2026 15:09:24.636 INFORMACIÓN [main] org.apache.catalina.startup.VersionLoggerListener.log CATALINA_HOME:                     G:\IntelliJ\Tomcat\apache-tomcat-9.0.117-20260522T151456Z-3-001\apache-tomcat-9.0.117
24-May-2026 15:09:24.647 INFORMACIÓN [main] org.apache.catalina.startup.VersionLoggerListener.log Command line argument:             --add-opens=java.base/java.lang=ALL-UNNAMED
24-May-2026 15:09:24.648 INFORMACIÓN [main] org.apache.catalina.startup.VersionLoggerListener.log Command line argument:             --add-opens=java.base/java.io=ALL-UNNAMED
24-May-2026 15:09:24.648 INFORMACIÓN [main] org.apache.catalina.startup.VersionLoggerListener.log Command line argument:             --add-opens=java.base/java.util=ALL-UNNAMED
24-May-2026 15:09:24.648 INFORMACIÓN [main] org.apache.catalina.startup.VersionLoggerListener.log Command line argument:             --add-opens=java.base/java.util.concurrent=ALL-UNNAMED
24-May-2026 15:09:24.648 INFORMACIÓN [main] org.apache.catalina.startup.VersionLoggerListener.log Command line argument:             --add-opens=java.rmi/sun.rmi.transport=ALL-UNNAMED
24-May-2026 15:09:24.648 INFORMACIÓN [main] org.apache.catalina.startup.VersionLoggerListener.log Command line argument:             -Dcatalina.home=G:\IntelliJ\Tomcat\apache-tomcat-9.0.117-20260522T151456Z-3-001\apache-tomcat-9.0.117
24-May-2026 15:09:24.648 INFORMACIÓN [main] org.apache.catalina.startup.VersionLoggerListener.log Command line argument:             -Dcatalina.base=G:\IntelliJ\eventosProyecto
24-May-2026 15:09:24.648 INFORMACIÓN [main] org.apache.catalina.startup.VersionLoggerListener.log Command line argument:             -Djava.io.tmpdir=G:\IntelliJ\eventosProyecto\temp
24-May-2026 15:09:24.648 INFORMACIÓN [main] org.apache.catalina.startup.VersionLoggerListener.log Command line argument:             -Djava.util.logging.config.file=G:\IntelliJ\eventosProyecto\conf\logging.properties
24-May-2026 15:09:24.648 INFORMACIÓN [main] org.apache.catalina.startup.VersionLoggerListener.log Command line argument:             -Djava.util.logging.manager=org.apache.juli.ClassLoaderLogManager
24-May-2026 15:09:24.648 INFORMACIÓN [main] org.apache.catalina.startup.VersionLoggerListener.log Command line argument:             -javaagent:G:\IntelliJ\IntelliJ IDEA 2026.1.2\lib\idea_rt.jar=65456
24-May-2026 15:09:24.648 INFORMACIÓN [main] org.apache.catalina.startup.VersionLoggerListener.log Command line argument:             -Dfile.encoding=UTF-8
24-May-2026 15:09:24.648 INFORMACIÓN [main] org.apache.catalina.startup.VersionLoggerListener.log Command line argument:             -Dsun.stdout.encoding=UTF-8
24-May-2026 15:09:24.648 INFORMACIÓN [main] org.apache.catalina.startup.VersionLoggerListener.log Command line argument:             -Dsun.stderr.encoding=UTF-8
24-May-2026 15:09:24.655 INFORMACIÓN [main] org.apache.catalina.core.AprLifecycleListener.lifecycleEvent Cargada la biblioteca nativa APR de Apache Tomcat [1.3.7] con la versión APR [1.7.6].
24-May-2026 15:09:24.655 INFORMACIÓN [main] org.apache.catalina.core.AprLifecycleListener.lifecycleEvent Capacidades APR: IPv6 [true], enviar fichero [true], aceptar filtros [false], aleatorio [true], UDS [true].
24-May-2026 15:09:24.656 INFORMACIÓN [main] org.apache.catalina.core.AprLifecycleListener.lifecycleEvent APR/OpenSSL configuration: useAprConnector [false], useOpenSSL [true]
24-May-2026 15:09:24.663 INFORMACIÓN [main] org.apache.catalina.core.AprLifecycleListener.initializeSSL OpenSSL inicializado correctamente [OpenSSL 3.0.19 27 Jan 2026]
24-May-2026 15:09:24.873 INFORMACIÓN [main] org.apache.coyote.AbstractProtocol.init Inicializando el manejador de protocolo ["http-nio-8080"]

24-May-2026 15:09:24.885 INFORMACIÓN [main] org.apache.catalina.startup.Catalina.load Server initialization in [424] milliseconds
24-May-2026 15:09:24.916 INFORMACIÓN [main] org.apache.catalina.core.StandardService.startInternal Arrancando servicio [Catalina]
24-May-2026 15:09:24.916 INFORMACIÓN [main] org.apache.catalina.core.StandardEngine.startInternal Starting Servlet engine: [Apache Tomcat/9.0.117]
24-May-2026 15:09:24.930 INFORMACIÓN [main] org.apache.catalina.startup.HostConfig.deployDescriptor Desplieque del descriptor de configuración [G:\IntelliJ\eventosProyecto\conf\Catalina\localhost\eventosProyecto.xml]
24-May-2026 15:09:25.738 INFORMACIÓN [main] org.apache.jasper.servlet.TldScanner.scanJars Al menos un JAR, que se ha explorado buscando TLDs, aún no contenía TLDs. Activar historial de depuración para este historiador para una completa lista de los JARs que fueron explorados y de los que nos se halló TLDs. Saltarse JARs no necesarios durante la exploración puede dar lugar a una mejora de tiempo significativa en el arranque y compilación de JSP .
24-May-2026 15:09:25.820 INFORMACIÓN [main] org.apache.catalina.startup.HostConfig.deployDescriptor Deployment of deployment descriptor [G:\IntelliJ\eventosProyecto\conf\Catalina\localhost\eventosProyecto.xml] has finished in [887] ms
24-May-2026 15:09:25.823 INFORMACIÓN [main] org.apache.coyote.AbstractProtocol.start Starting ProtocolHandler ["http-nio-8080"]
24-May-2026 15:09:25.841 INFORMACIÓN [main] org.apache.catalina.startup.Catalina.start Server startup in [954] milliseconds
24-May-2026 15:13:42.128 INFORMACIÓN [Thread-1] org.apache.coyote.AbstractProtocol.pause Pausing ProtocolHandler ["http-nio-8080"]
24-May-2026 15:13:42.132 INFORMACIÓN [Thread-1] org.apache.catalina.core.StandardService.stopInternal Parando servicio [Catalina]
24-May-2026 15:13:42.134 ADVERTENCIA [Thread-1] org.apache.catalina.loader.WebappClassLoaderBase.clearReferencesJdbc La aplicación web [eventosProyecto] registró el conductor JDBC [com.mysql.cj.jdbc.Driver] pero falló al anular el registro mientras la aplicación web estaba parada. Para prevenir un fallo de memoria, se ha anulado el registro del conductor JDBC por la fuerza.
24-May-2026 15:13:42.135 ADVERTENCIA [Thread-1] org.apache.catalina.loader.WebappClassLoaderBase.clearReferencesThreads The web application [eventosProyecto] appears to have started a thread named [mysql-cj-abandoned-connection-cleanup] but has failed to stop it. This is very likely to create a memory leak. Stack trace of thread:
 java.base/java.lang.Object.wait0(Native Method)
 java.base/java.lang.Object.wait(Object.java:389)
 java.base/java.lang.ref.ReferenceQueue.remove0(ReferenceQueue.java:123)
 java.base/java.lang.ref.ReferenceQueue.remove(ReferenceQueue.java:201)
 com.mysql.cj.jdbc.AbandonedConnectionCleanupThread.run(AbandonedConnectionCleanupThread.java:91)
 java.base/java.util.concurrent.ThreadPoolExecutor.runWorker(ThreadPoolExecutor.java:1090)
 java.base/java.util.concurrent.ThreadPoolExecutor$Worker.run(ThreadPoolExecutor.java:614)
 java.base/java.lang.Thread.run(Thread.java:1474)
24-May-2026 15:13:42.138 INFORMACIÓN [Thread-1] org.apache.coyote.AbstractProtocol.stop Stopping ProtocolHandler ["http-nio-8080"]
24-May-2026 15:13:42.142 INFORMACIÓN [Thread-1] org.apache.coyote.AbstractProtocol.destroy Destroying ProtocolHandler ["http-nio-8080"]
24-May-2026 15:13:44.004 INFORMACIÓN [main] org.apache.catalina.startup.VersionLoggerListener.log Nombre de la versión del servidor: Apache Tomcat/9.0.117
24-May-2026 15:13:44.006 INFORMACIÓN [main] org.apache.catalina.startup.VersionLoggerListener.log Server built:                      Mar 30 2026 18:21:16 UTC
24-May-2026 15:13:44.006 INFORMACIÓN [main] org.apache.catalina.startup.VersionLoggerListener.log Número de versión de servidor:     9.0.117.0
24-May-2026 15:13:44.006 INFORMACIÓN [main] org.apache.catalina.startup.VersionLoggerListener.log OS Name:                           Windows 11
24-May-2026 15:13:44.006 INFORMACIÓN [main] org.apache.catalina.startup.VersionLoggerListener.log Versión de Systema Operativo:      10.0
24-May-2026 15:13:44.006 INFORMACIÓN [main] org.apache.catalina.startup.VersionLoggerListener.log Arquitectura:                      amd64
24-May-2026 15:13:44.006 INFORMACIÓN [main] org.apache.catalina.startup.VersionLoggerListener.log Java Home:                         C:\Users\cetme\.jdks\ms-25.0.3
24-May-2026 15:13:44.006 INFORMACIÓN [main] org.apache.catalina.startup.VersionLoggerListener.log JVM Version:                       25.0.3+9-LTS
24-May-2026 15:13:44.006 INFORMACIÓN [main] org.apache.catalina.startup.VersionLoggerListener.log Vededor JVM:                       Microsoft
24-May-2026 15:13:44.006 INFORMACIÓN [main] org.apache.catalina.startup.VersionLoggerListener.log CATALINA_BASE:                     G:\IntelliJ\eventosProyecto
24-May-2026 15:13:44.008 INFORMACIÓN [main] org.apache.catalina.startup.VersionLoggerListener.log CATALINA_HOME:                     G:\IntelliJ\Tomcat\apache-tomcat-9.0.117-20260522T151456Z-3-001\apache-tomcat-9.0.117
24-May-2026 15:13:44.016 INFORMACIÓN [main] org.apache.catalina.startup.VersionLoggerListener.log Command line argument:             --add-opens=java.base/java.lang=ALL-UNNAMED
24-May-2026 15:13:44.016 INFORMACIÓN [main] org.apache.catalina.startup.VersionLoggerListener.log Command line argument:             --add-opens=java.base/java.io=ALL-UNNAMED
24-May-2026 15:13:44.018 INFORMACIÓN [main] org.apache.catalina.startup.VersionLoggerListener.log Command line argument:             --add-opens=java.base/java.util=ALL-UNNAMED
24-May-2026 15:13:44.018 INFORMACIÓN [main] org.apache.catalina.startup.VersionLoggerListener.log Command line argument:             --add-opens=java.base/java.util.concurrent=ALL-UNNAMED
24-May-2026 15:13:44.018 INFORMACIÓN [main] org.apache.catalina.startup.VersionLoggerListener.log Command line argument:             --add-opens=java.rmi/sun.rmi.transport=ALL-UNNAMED
24-May-2026 15:13:44.018 INFORMACIÓN [main] org.apache.catalina.startup.VersionLoggerListener.log Command line argument:             -Dcatalina.home=G:\IntelliJ\Tomcat\apache-tomcat-9.0.117-20260522T151456Z-3-001\apache-tomcat-9.0.117
24-May-2026 15:13:44.018 INFORMACIÓN [main] org.apache.catalina.startup.VersionLoggerListener.log Command line argument:             -Dcatalina.base=G:\IntelliJ\eventosProyecto
24-May-2026 15:13:44.018 INFORMACIÓN [main] org.apache.catalina.startup.VersionLoggerListener.log Command line argument:             -Djava.io.tmpdir=G:\IntelliJ\eventosProyecto\temp
24-May-2026 15:13:44.018 INFORMACIÓN [main] org.apache.catalina.startup.VersionLoggerListener.log Command line argument:             -Djava.util.logging.config.file=G:\IntelliJ\eventosProyecto\conf\logging.properties
24-May-2026 15:13:44.018 INFORMACIÓN [main] org.apache.catalina.startup.VersionLoggerListener.log Command line argument:             -Djava.util.logging.manager=org.apache.juli.ClassLoaderLogManager
24-May-2026 15:13:44.018 INFORMACIÓN [main] org.apache.catalina.startup.VersionLoggerListener.log Command line argument:             -javaagent:G:\IntelliJ\IntelliJ IDEA 2026.1.2\lib\idea_rt.jar=52821
24-May-2026 15:13:44.018 INFORMACIÓN [main] org.apache.catalina.startup.VersionLoggerListener.log Command line argument:             -Dfile.encoding=UTF-8
24-May-2026 15:13:44.018 INFORMACIÓN [main] org.apache.catalina.startup.VersionLoggerListener.log Command line argument:             -Dsun.stdout.encoding=UTF-8
24-May-2026 15:13:44.019 INFORMACIÓN [main] org.apache.catalina.startup.VersionLoggerListener.log Command line argument:             -Dsun.stderr.encoding=UTF-8
24-May-2026 15:13:44.024 INFORMACIÓN [main] org.apache.catalina.core.AprLifecycleListener.lifecycleEvent Cargada la biblioteca nativa APR de Apache Tomcat [1.3.7] con la versión APR [1.7.6].
24-May-2026 15:13:44.024 INFORMACIÓN [main] org.apache.catalina.core.AprLifecycleListener.lifecycleEvent Capacidades APR: IPv6 [true], enviar fichero [true], aceptar filtros [false], aleatorio [true], UDS [true].
24-May-2026 15:13:44.024 INFORMACIÓN [main] org.apache.catalina.core.AprLifecycleListener.lifecycleEvent APR/OpenSSL configuration: useAprConnector [false], useOpenSSL [true]
24-May-2026 15:13:44.031 INFORMACIÓN [main] org.apache.catalina.core.AprLifecycleListener.initializeSSL OpenSSL inicializado correctamente [OpenSSL 3.0.19 27 Jan 2026]
24-May-2026 15:13:44.240 INFORMACIÓN [main] org.apache.coyote.AbstractProtocol.init Inicializando el manejador de protocolo ["http-nio-8080"]

24-May-2026 15:13:44.254 INFORMACIÓN [main] org.apache.catalina.startup.Catalina.load Server initialization in [381] milliseconds
24-May-2026 15:13:44.282 INFORMACIÓN [main] org.apache.catalina.core.StandardService.startInternal Arrancando servicio [Catalina]
24-May-2026 15:13:44.282 INFORMACIÓN [main] org.apache.catalina.core.StandardEngine.startInternal Starting Servlet engine: [Apache Tomcat/9.0.117]
24-May-2026 15:13:44.297 INFORMACIÓN [main] org.apache.catalina.startup.HostConfig.deployDescriptor Desplieque del descriptor de configuración [G:\IntelliJ\eventosProyecto\conf\Catalina\localhost\eventosProyecto.xml]
24-May-2026 15:13:45.108 INFORMACIÓN [main] org.apache.jasper.servlet.TldScanner.scanJars Al menos un JAR, que se ha explorado buscando TLDs, aún no contenía TLDs. Activar historial de depuración para este historiador para una completa lista de los JARs que fueron explorados y de los que nos se halló TLDs. Saltarse JARs no necesarios durante la exploración puede dar lugar a una mejora de tiempo significativa en el arranque y compilación de JSP .
24-May-2026 15:13:45.193 INFORMACIÓN [main] org.apache.catalina.startup.HostConfig.deployDescriptor Deployment of deployment descriptor [G:\IntelliJ\eventosProyecto\conf\Catalina\localhost\eventosProyecto.xml] has finished in [893] ms
24-May-2026 15:13:45.196 INFORMACIÓN [main] org.apache.coyote.AbstractProtocol.start Starting ProtocolHandler ["http-nio-8080"]
24-May-2026 15:13:45.213 INFORMACIÓN [main] org.apache.catalina.startup.Catalina.start Server startup in [958] milliseconds
24-May-2026 15:16:46.416 INFORMACIÓN [Thread-1] org.apache.coyote.AbstractProtocol.pause Pausing ProtocolHandler ["http-nio-8080"]
24-May-2026 15:16:46.421 INFORMACIÓN [Thread-1] org.apache.catalina.core.StandardService.stopInternal Parando servicio [Catalina]
24-May-2026 15:16:46.424 ADVERTENCIA [Thread-1] org.apache.catalina.loader.WebappClassLoaderBase.clearReferencesJdbc La aplicación web [eventosProyecto] registró el conductor JDBC [com.mysql.cj.jdbc.Driver] pero falló al anular el registro mientras la aplicación web estaba parada. Para prevenir un fallo de memoria, se ha anulado el registro del conductor JDBC por la fuerza.
24-May-2026 15:16:46.424 ADVERTENCIA [Thread-1] org.apache.catalina.loader.WebappClassLoaderBase.clearReferencesThreads The web application [eventosProyecto] appears to have started a thread named [mysql-cj-abandoned-connection-cleanup] but has failed to stop it. This is very likely to create a memory leak. Stack trace of thread:
 java.base/java.lang.Object.wait0(Native Method)
 java.base/java.lang.Object.wait(Object.java:389)
 java.base/java.lang.ref.ReferenceQueue.remove0(ReferenceQueue.java:123)
 java.base/java.lang.ref.ReferenceQueue.remove(ReferenceQueue.java:201)
 com.mysql.cj.jdbc.AbandonedConnectionCleanupThread.run(AbandonedConnectionCleanupThread.java:91)
 java.base/java.util.concurrent.ThreadPoolExecutor.runWorker(ThreadPoolExecutor.java:1090)
 java.base/java.util.concurrent.ThreadPoolExecutor$Worker.run(ThreadPoolExecutor.java:614)
 java.base/java.lang.Thread.run(Thread.java:1474)
24-May-2026 15:16:46.426 INFORMACIÓN [Thread-1] org.apache.coyote.AbstractProtocol.stop Stopping ProtocolHandler ["http-nio-8080"]
24-May-2026 15:16:46.429 INFORMACIÓN [Thread-1] org.apache.coyote.AbstractProtocol.destroy Destroying ProtocolHandler ["http-nio-8080"]
24-May-2026 15:16:48.249 INFORMACIÓN [main] org.apache.catalina.startup.VersionLoggerListener.log Nombre de la versión del servidor: Apache Tomcat/9.0.117
24-May-2026 15:16:48.251 INFORMACIÓN [main] org.apache.catalina.startup.VersionLoggerListener.log Server built:                      Mar 30 2026 18:21:16 UTC
24-May-2026 15:16:48.251 INFORMACIÓN [main] org.apache.catalina.startup.VersionLoggerListener.log Número de versión de servidor:     9.0.117.0
24-May-2026 15:16:48.251 INFORMACIÓN [main] org.apache.catalina.startup.VersionLoggerListener.log OS Name:                           Windows 11
24-May-2026 15:16:48.252 INFORMACIÓN [main] org.apache.catalina.startup.VersionLoggerListener.log Versión de Systema Operativo:      10.0
24-May-2026 15:16:48.252 INFORMACIÓN [main] org.apache.catalina.startup.VersionLoggerListener.log Arquitectura:                      amd64
24-May-2026 15:16:48.252 INFORMACIÓN [main] org.apache.catalina.startup.VersionLoggerListener.log Java Home:                         C:\Users\cetme\.jdks\ms-25.0.3
24-May-2026 15:16:48.252 INFORMACIÓN [main] org.apache.catalina.startup.VersionLoggerListener.log JVM Version:                       25.0.3+9-LTS
24-May-2026 15:16:48.252 INFORMACIÓN [main] org.apache.catalina.startup.VersionLoggerListener.log Vededor JVM:                       Microsoft
24-May-2026 15:16:48.252 INFORMACIÓN [main] org.apache.catalina.startup.VersionLoggerListener.log CATALINA_BASE:                     G:\IntelliJ\eventosProyecto
24-May-2026 15:16:48.252 INFORMACIÓN [main] org.apache.catalina.startup.VersionLoggerListener.log CATALINA_HOME:                     G:\IntelliJ\Tomcat\apache-tomcat-9.0.117-20260522T151456Z-3-001\apache-tomcat-9.0.117
24-May-2026 15:16:48.262 INFORMACIÓN [main] org.apache.catalina.startup.VersionLoggerListener.log Command line argument:             --add-opens=java.base/java.lang=ALL-UNNAMED
24-May-2026 15:16:48.262 INFORMACIÓN [main] org.apache.catalina.startup.VersionLoggerListener.log Command line argument:             --add-opens=java.base/java.io=ALL-UNNAMED
24-May-2026 15:16:48.262 INFORMACIÓN [main] org.apache.catalina.startup.VersionLoggerListener.log Command line argument:             --add-opens=java.base/java.util=ALL-UNNAMED
24-May-2026 15:16:48.262 INFORMACIÓN [main] org.apache.catalina.startup.VersionLoggerListener.log Command line argument:             --add-opens=java.base/java.util.concurrent=ALL-UNNAMED
24-May-2026 15:16:48.262 INFORMACIÓN [main] org.apache.catalina.startup.VersionLoggerListener.log Command line argument:             --add-opens=java.rmi/sun.rmi.transport=ALL-UNNAMED
24-May-2026 15:16:48.262 INFORMACIÓN [main] org.apache.catalina.startup.VersionLoggerListener.log Command line argument:             -Dcatalina.home=G:\IntelliJ\Tomcat\apache-tomcat-9.0.117-20260522T151456Z-3-001\apache-tomcat-9.0.117
24-May-2026 15:16:48.262 INFORMACIÓN [main] org.apache.catalina.startup.VersionLoggerListener.log Command line argument:             -Dcatalina.base=G:\IntelliJ\eventosProyecto
24-May-2026 15:16:48.262 INFORMACIÓN [main] org.apache.catalina.startup.VersionLoggerListener.log Command line argument:             -Djava.io.tmpdir=G:\IntelliJ\eventosProyecto\temp
24-May-2026 15:16:48.262 INFORMACIÓN [main] org.apache.catalina.startup.VersionLoggerListener.log Command line argument:             -Djava.util.logging.config.file=G:\IntelliJ\eventosProyecto\conf\logging.properties
24-May-2026 15:16:48.262 INFORMACIÓN [main] org.apache.catalina.startup.VersionLoggerListener.log Command line argument:             -Djava.util.logging.manager=org.apache.juli.ClassLoaderLogManager
24-May-2026 15:16:48.262 INFORMACIÓN [main] org.apache.catalina.startup.VersionLoggerListener.log Command line argument:             -javaagent:G:\IntelliJ\IntelliJ IDEA 2026.1.2\lib\idea_rt.jar=65131
24-May-2026 15:16:48.262 INFORMACIÓN [main] org.apache.catalina.startup.VersionLoggerListener.log Command line argument:             -Dfile.encoding=UTF-8
24-May-2026 15:16:48.262 INFORMACIÓN [main] org.apache.catalina.startup.VersionLoggerListener.log Command line argument:             -Dsun.stdout.encoding=UTF-8
24-May-2026 15:16:48.264 INFORMACIÓN [main] org.apache.catalina.startup.VersionLoggerListener.log Command line argument:             -Dsun.stderr.encoding=UTF-8
24-May-2026 15:16:48.268 INFORMACIÓN [main] org.apache.catalina.core.AprLifecycleListener.lifecycleEvent Cargada la biblioteca nativa APR de Apache Tomcat [1.3.7] con la versión APR [1.7.6].
24-May-2026 15:16:48.268 INFORMACIÓN [main] org.apache.catalina.core.AprLifecycleListener.lifecycleEvent Capacidades APR: IPv6 [true], enviar fichero [true], aceptar filtros [false], aleatorio [true], UDS [true].
24-May-2026 15:16:48.269 INFORMACIÓN [main] org.apache.catalina.core.AprLifecycleListener.lifecycleEvent APR/OpenSSL configuration: useAprConnector [false], useOpenSSL [true]
24-May-2026 15:16:48.275 INFORMACIÓN [main] org.apache.catalina.core.AprLifecycleListener.initializeSSL OpenSSL inicializado correctamente [OpenSSL 3.0.19 27 Jan 2026]
24-May-2026 15:16:48.482 INFORMACIÓN [main] org.apache.coyote.AbstractProtocol.init Inicializando el manejador de protocolo ["http-nio-8080"]

24-May-2026 15:16:48.496 INFORMACIÓN [main] org.apache.catalina.startup.Catalina.load Server initialization in [378] milliseconds
24-May-2026 15:16:48.528 INFORMACIÓN [main] org.apache.catalina.core.StandardService.startInternal Arrancando servicio [Catalina]
24-May-2026 15:16:48.528 INFORMACIÓN [main] org.apache.catalina.core.StandardEngine.startInternal Starting Servlet engine: [Apache Tomcat/9.0.117]
24-May-2026 15:16:48.536 INFORMACIÓN [main] org.apache.catalina.startup.HostConfig.deployDescriptor Desplieque del descriptor de configuración [G:\IntelliJ\eventosProyecto\conf\Catalina\localhost\eventosProyecto.xml]
24-May-2026 15:16:49.348 INFORMACIÓN [main] org.apache.jasper.servlet.TldScanner.scanJars Al menos un JAR, que se ha explorado buscando TLDs, aún no contenía TLDs. Activar historial de depuración para este historiador para una completa lista de los JARs que fueron explorados y de los que nos se halló TLDs. Saltarse JARs no necesarios durante la exploración puede dar lugar a una mejora de tiempo significativa en el arranque y compilación de JSP .
24-May-2026 15:16:49.435 INFORMACIÓN [main] org.apache.catalina.startup.HostConfig.deployDescriptor Deployment of deployment descriptor [G:\IntelliJ\eventosProyecto\conf\Catalina\localhost\eventosProyecto.xml] has finished in [895] ms
24-May-2026 15:16:49.438 INFORMACIÓN [main] org.apache.coyote.AbstractProtocol.start Starting ProtocolHandler ["http-nio-8080"]
24-May-2026 15:16:49.454 INFORMACIÓN [main] org.apache.catalina.startup.Catalina.start Server startup in [957] milliseconds
24-May-2026 15:17:29.637 INFORMACIÓN [Thread-1] org.apache.coyote.AbstractProtocol.pause Pausing ProtocolHandler ["http-nio-8080"]
24-May-2026 15:17:29.640 INFORMACIÓN [Thread-1] org.apache.catalina.core.StandardService.stopInternal Parando servicio [Catalina]
24-May-2026 15:17:29.643 ADVERTENCIA [Thread-1] org.apache.catalina.loader.WebappClassLoaderBase.clearReferencesJdbc La aplicación web [eventosProyecto] registró el conductor JDBC [com.mysql.cj.jdbc.Driver] pero falló al anular el registro mientras la aplicación web estaba parada. Para prevenir un fallo de memoria, se ha anulado el registro del conductor JDBC por la fuerza.
24-May-2026 15:17:29.644 ADVERTENCIA [Thread-1] org.apache.catalina.loader.WebappClassLoaderBase.clearReferencesThreads The web application [eventosProyecto] appears to have started a thread named [mysql-cj-abandoned-connection-cleanup] but has failed to stop it. This is very likely to create a memory leak. Stack trace of thread:
 java.base/java.lang.Object.wait0(Native Method)
 java.base/java.lang.Object.wait(Object.java:389)
 java.base/java.lang.ref.ReferenceQueue.remove0(ReferenceQueue.java:123)
 java.base/java.lang.ref.ReferenceQueue.remove(ReferenceQueue.java:201)
 com.mysql.cj.jdbc.AbandonedConnectionCleanupThread.run(AbandonedConnectionCleanupThread.java:91)
 java.base/java.util.concurrent.ThreadPoolExecutor.runWorker(ThreadPoolExecutor.java:1090)
 java.base/java.util.concurrent.ThreadPoolExecutor$Worker.run(ThreadPoolExecutor.java:614)
 java.base/java.lang.Thread.run(Thread.java:1474)
24-May-2026 15:17:29.646 INFORMACIÓN [Thread-1] org.apache.coyote.AbstractProtocol.stop Stopping ProtocolHandler ["http-nio-8080"]
24-May-2026 15:17:29.648 INFORMACIÓN [Thread-1] org.apache.coyote.AbstractProtocol.destroy Destroying ProtocolHandler ["http-nio-8080"]
24-May-2026 15:17:30.836 INFORMACIÓN [main] org.apache.catalina.startup.VersionLoggerListener.log Nombre de la versión del servidor: Apache Tomcat/9.0.117
24-May-2026 15:17:30.838 INFORMACIÓN [main] org.apache.catalina.startup.VersionLoggerListener.log Server built:                      Mar 30 2026 18:21:16 UTC
24-May-2026 15:17:30.838 INFORMACIÓN [main] org.apache.catalina.startup.VersionLoggerListener.log Número de versión de servidor:     9.0.117.0
24-May-2026 15:17:30.839 INFORMACIÓN [main] org.apache.catalina.startup.VersionLoggerListener.log OS Name:                           Windows 11
24-May-2026 15:17:30.839 INFORMACIÓN [main] org.apache.catalina.startup.VersionLoggerListener.log Versión de Systema Operativo:      10.0
24-May-2026 15:17:30.839 INFORMACIÓN [main] org.apache.catalina.startup.VersionLoggerListener.log Arquitectura:                      amd64
24-May-2026 15:17:30.839 INFORMACIÓN [main] org.apache.catalina.startup.VersionLoggerListener.log Java Home:                         C:\Users\cetme\.jdks\ms-25.0.3
24-May-2026 15:17:30.839 INFORMACIÓN [main] org.apache.catalina.startup.VersionLoggerListener.log JVM Version:                       25.0.3+9-LTS
24-May-2026 15:17:30.839 INFORMACIÓN [main] org.apache.catalina.startup.VersionLoggerListener.log Vededor JVM:                       Microsoft
24-May-2026 15:17:30.839 INFORMACIÓN [main] org.apache.catalina.startup.VersionLoggerListener.log CATALINA_BASE:                     G:\IntelliJ\eventosProyecto
24-May-2026 15:17:30.839 INFORMACIÓN [main] org.apache.catalina.startup.VersionLoggerListener.log CATALINA_HOME:                     G:\IntelliJ\Tomcat\apache-tomcat-9.0.117-20260522T151456Z-3-001\apache-tomcat-9.0.117
24-May-2026 15:17:30.850 INFORMACIÓN [main] org.apache.catalina.startup.VersionLoggerListener.log Command line argument:             --add-opens=java.base/java.lang=ALL-UNNAMED
24-May-2026 15:17:30.850 INFORMACIÓN [main] org.apache.catalina.startup.VersionLoggerListener.log Command line argument:             --add-opens=java.base/java.io=ALL-UNNAMED
24-May-2026 15:17:30.850 INFORMACIÓN [main] org.apache.catalina.startup.VersionLoggerListener.log Command line argument:             --add-opens=java.base/java.util=ALL-UNNAMED
24-May-2026 15:17:30.850 INFORMACIÓN [main] org.apache.catalina.startup.VersionLoggerListener.log Command line argument:             --add-opens=java.base/java.util.concurrent=ALL-UNNAMED
24-May-2026 15:17:30.850 INFORMACIÓN [main] org.apache.catalina.startup.VersionLoggerListener.log Command line argument:             --add-opens=java.rmi/sun.rmi.transport=ALL-UNNAMED
24-May-2026 15:17:30.850 INFORMACIÓN [main] org.apache.catalina.startup.VersionLoggerListener.log Command line argument:             -Dcatalina.home=G:\IntelliJ\Tomcat\apache-tomcat-9.0.117-20260522T151456Z-3-001\apache-tomcat-9.0.117
24-May-2026 15:17:30.850 INFORMACIÓN [main] org.apache.catalina.startup.VersionLoggerListener.log Command line argument:             -Dcatalina.base=G:\IntelliJ\eventosProyecto
24-May-2026 15:17:30.850 INFORMACIÓN [main] org.apache.catalina.startup.VersionLoggerListener.log Command line argument:             -Djava.io.tmpdir=G:\IntelliJ\eventosProyecto\temp
24-May-2026 15:17:30.850 INFORMACIÓN [main] org.apache.catalina.startup.VersionLoggerListener.log Command line argument:             -Djava.util.logging.config.file=G:\IntelliJ\eventosProyecto\conf\logging.properties
24-May-2026 15:17:30.851 INFORMACIÓN [main] org.apache.catalina.startup.VersionLoggerListener.log Command line argument:             -Djava.util.logging.manager=org.apache.juli.ClassLoaderLogManager
24-May-2026 15:17:30.851 INFORMACIÓN [main] org.apache.catalina.startup.VersionLoggerListener.log Command line argument:             -javaagent:G:\IntelliJ\IntelliJ IDEA 2026.1.2\lib\idea_rt.jar=50940
24-May-2026 15:17:30.851 INFORMACIÓN [main] org.apache.catalina.startup.VersionLoggerListener.log Command line argument:             -Dfile.encoding=UTF-8
24-May-2026 15:17:30.851 INFORMACIÓN [main] org.apache.catalina.startup.VersionLoggerListener.log Command line argument:             -Dsun.stdout.encoding=UTF-8
24-May-2026 15:17:30.851 INFORMACIÓN [main] org.apache.catalina.startup.VersionLoggerListener.log Command line argument:             -Dsun.stderr.encoding=UTF-8
24-May-2026 15:17:30.856 INFORMACIÓN [main] org.apache.catalina.core.AprLifecycleListener.lifecycleEvent Cargada la biblioteca nativa APR de Apache Tomcat [1.3.7] con la versión APR [1.7.6].
24-May-2026 15:17:30.857 INFORMACIÓN [main] org.apache.catalina.core.AprLifecycleListener.lifecycleEvent Capacidades APR: IPv6 [true], enviar fichero [true], aceptar filtros [false], aleatorio [true], UDS [true].
24-May-2026 15:17:30.857 INFORMACIÓN [main] org.apache.catalina.core.AprLifecycleListener.lifecycleEvent APR/OpenSSL configuration: useAprConnector [false], useOpenSSL [true]
24-May-2026 15:17:30.864 INFORMACIÓN [main] org.apache.catalina.core.AprLifecycleListener.initializeSSL OpenSSL inicializado correctamente [OpenSSL 3.0.19 27 Jan 2026]
24-May-2026 15:17:31.072 INFORMACIÓN [main] org.apache.coyote.AbstractProtocol.init Inicializando el manejador de protocolo ["http-nio-8080"]

24-May-2026 15:17:31.086 INFORMACIÓN [main] org.apache.catalina.startup.Catalina.load Server initialization in [399] milliseconds
24-May-2026 15:17:31.118 INFORMACIÓN [main] org.apache.catalina.core.StandardService.startInternal Arrancando servicio [Catalina]
24-May-2026 15:17:31.119 INFORMACIÓN [main] org.apache.catalina.core.StandardEngine.startInternal Starting Servlet engine: [Apache Tomcat/9.0.117]
24-May-2026 15:17:31.144 INFORMACIÓN [main] org.apache.catalina.startup.HostConfig.deployDescriptor Desplieque del descriptor de configuración [G:\IntelliJ\eventosProyecto\conf\Catalina\localhost\eventosProyecto.xml]
24-May-2026 15:17:31.966 INFORMACIÓN [main] org.apache.jasper.servlet.TldScanner.scanJars Al menos un JAR, que se ha explorado buscando TLDs, aún no contenía TLDs. Activar historial de depuración para este historiador para una completa lista de los JARs que fueron explorados y de los que nos se halló TLDs. Saltarse JARs no necesarios durante la exploración puede dar lugar a una mejora de tiempo significativa en el arranque y compilación de JSP .
24-May-2026 15:17:32.054 INFORMACIÓN [main] org.apache.catalina.startup.HostConfig.deployDescriptor Deployment of deployment descriptor [G:\IntelliJ\eventosProyecto\conf\Catalina\localhost\eventosProyecto.xml] has finished in [906] ms
24-May-2026 15:17:32.057 INFORMACIÓN [main] org.apache.coyote.AbstractProtocol.start Starting ProtocolHandler ["http-nio-8080"]
24-May-2026 15:17:32.075 INFORMACIÓN [main] org.apache.catalina.startup.Catalina.start Server startup in [986] milliseconds
24-May-2026 15:17:45.701 INFORMACIÓN [Thread-1] org.apache.coyote.AbstractProtocol.pause Pausing ProtocolHandler ["http-nio-8080"]
24-May-2026 15:17:45.706 INFORMACIÓN [Thread-1] org.apache.catalina.core.StandardService.stopInternal Parando servicio [Catalina]
24-May-2026 15:17:45.709 ADVERTENCIA [Thread-1] org.apache.catalina.loader.WebappClassLoaderBase.clearReferencesJdbc La aplicación web [eventosProyecto] registró el conductor JDBC [com.mysql.cj.jdbc.Driver] pero falló al anular el registro mientras la aplicación web estaba parada. Para prevenir un fallo de memoria, se ha anulado el registro del conductor JDBC por la fuerza.
24-May-2026 15:17:45.709 ADVERTENCIA [Thread-1] org.apache.catalina.loader.WebappClassLoaderBase.clearReferencesThreads The web application [eventosProyecto] appears to have started a thread named [mysql-cj-abandoned-connection-cleanup] but has failed to stop it. This is very likely to create a memory leak. Stack trace of thread:
 java.base/java.lang.Object.wait0(Native Method)
 java.base/java.lang.Object.wait(Object.java:389)
 java.base/java.lang.ref.ReferenceQueue.remove0(ReferenceQueue.java:123)
 java.base/java.lang.ref.ReferenceQueue.remove(ReferenceQueue.java:201)
 com.mysql.cj.jdbc.AbandonedConnectionCleanupThread.run(AbandonedConnectionCleanupThread.java:91)
 java.base/java.util.concurrent.ThreadPoolExecutor.runWorker(ThreadPoolExecutor.java:1090)
 java.base/java.util.concurrent.ThreadPoolExecutor$Worker.run(ThreadPoolExecutor.java:614)
 java.base/java.lang.Thread.run(Thread.java:1474)
24-May-2026 15:17:45.711 INFORMACIÓN [Thread-1] org.apache.coyote.AbstractProtocol.stop Stopping ProtocolHandler ["http-nio-8080"]
24-May-2026 15:17:45.714 INFORMACIÓN [Thread-1] org.apache.coyote.AbstractProtocol.destroy Destroying ProtocolHandler ["http-nio-8080"]
24-May-2026 15:17:46.895 INFORMACIÓN [main] org.apache.catalina.startup.VersionLoggerListener.log Nombre de la versión del servidor: Apache Tomcat/9.0.117
24-May-2026 15:17:46.898 INFORMACIÓN [main] org.apache.catalina.startup.VersionLoggerListener.log Server built:                      Mar 30 2026 18:21:16 UTC
24-May-2026 15:17:46.898 INFORMACIÓN [main] org.apache.catalina.startup.VersionLoggerListener.log Número de versión de servidor:     9.0.117.0
24-May-2026 15:17:46.898 INFORMACIÓN [main] org.apache.catalina.startup.VersionLoggerListener.log OS Name:                           Windows 11
24-May-2026 15:17:46.898 INFORMACIÓN [main] org.apache.catalina.startup.VersionLoggerListener.log Versión de Systema Operativo:      10.0
24-May-2026 15:17:46.898 INFORMACIÓN [main] org.apache.catalina.startup.VersionLoggerListener.log Arquitectura:                      amd64
24-May-2026 15:17:46.899 INFORMACIÓN [main] org.apache.catalina.startup.VersionLoggerListener.log Java Home:                         C:\Users\cetme\.jdks\ms-25.0.3
24-May-2026 15:17:46.899 INFORMACIÓN [main] org.apache.catalina.startup.VersionLoggerListener.log JVM Version:                       25.0.3+9-LTS
24-May-2026 15:17:46.899 INFORMACIÓN [main] org.apache.catalina.startup.VersionLoggerListener.log Vededor JVM:                       Microsoft
24-May-2026 15:17:46.899 INFORMACIÓN [main] org.apache.catalina.startup.VersionLoggerListener.log CATALINA_BASE:                     G:\IntelliJ\eventosProyecto
24-May-2026 15:17:46.899 INFORMACIÓN [main] org.apache.catalina.startup.VersionLoggerListener.log CATALINA_HOME:                     G:\IntelliJ\Tomcat\apache-tomcat-9.0.117-20260522T151456Z-3-001\apache-tomcat-9.0.117
24-May-2026 15:17:46.908 INFORMACIÓN [main] org.apache.catalina.startup.VersionLoggerListener.log Command line argument:             --add-opens=java.base/java.lang=ALL-UNNAMED
24-May-2026 15:17:46.908 INFORMACIÓN [main] org.apache.catalina.startup.VersionLoggerListener.log Command line argument:             --add-opens=java.base/java.io=ALL-UNNAMED
24-May-2026 15:17:46.909 INFORMACIÓN [main] org.apache.catalina.startup.VersionLoggerListener.log Command line argument:             --add-opens=java.base/java.util=ALL-UNNAMED
24-May-2026 15:17:46.909 INFORMACIÓN [main] org.apache.catalina.startup.VersionLoggerListener.log Command line argument:             --add-opens=java.base/java.util.concurrent=ALL-UNNAMED
24-May-2026 15:17:46.909 INFORMACIÓN [main] org.apache.catalina.startup.VersionLoggerListener.log Command line argument:             --add-opens=java.rmi/sun.rmi.transport=ALL-UNNAMED
24-May-2026 15:17:46.909 INFORMACIÓN [main] org.apache.catalina.startup.VersionLoggerListener.log Command line argument:             -Dcatalina.home=G:\IntelliJ\Tomcat\apache-tomcat-9.0.117-20260522T151456Z-3-001\apache-tomcat-9.0.117
24-May-2026 15:17:46.909 INFORMACIÓN [main] org.apache.catalina.startup.VersionLoggerListener.log Command line argument:             -Dcatalina.base=G:\IntelliJ\eventosProyecto
24-May-2026 15:17:46.909 INFORMACIÓN [main] org.apache.catalina.startup.VersionLoggerListener.log Command line argument:             -Djava.io.tmpdir=G:\IntelliJ\eventosProyecto\temp
24-May-2026 15:17:46.909 INFORMACIÓN [main] org.apache.catalina.startup.VersionLoggerListener.log Command line argument:             -Djava.util.logging.config.file=G:\IntelliJ\eventosProyecto\conf\logging.properties
24-May-2026 15:17:46.909 INFORMACIÓN [main] org.apache.catalina.startup.VersionLoggerListener.log Command line argument:             -Djava.util.logging.manager=org.apache.juli.ClassLoaderLogManager
24-May-2026 15:17:46.909 INFORMACIÓN [main] org.apache.catalina.startup.VersionLoggerListener.log Command line argument:             -javaagent:G:\IntelliJ\IntelliJ IDEA 2026.1.2\lib\idea_rt.jar=52367
24-May-2026 15:17:46.909 INFORMACIÓN [main] org.apache.catalina.startup.VersionLoggerListener.log Command line argument:             -Dfile.encoding=UTF-8
24-May-2026 15:17:46.909 INFORMACIÓN [main] org.apache.catalina.startup.VersionLoggerListener.log Command line argument:             -Dsun.stdout.encoding=UTF-8
24-May-2026 15:17:46.910 INFORMACIÓN [main] org.apache.catalina.startup.VersionLoggerListener.log Command line argument:             -Dsun.stderr.encoding=UTF-8
24-May-2026 15:17:46.915 INFORMACIÓN [main] org.apache.catalina.core.AprLifecycleListener.lifecycleEvent Cargada la biblioteca nativa APR de Apache Tomcat [1.3.7] con la versión APR [1.7.6].
24-May-2026 15:17:46.916 INFORMACIÓN [main] org.apache.catalina.core.AprLifecycleListener.lifecycleEvent Capacidades APR: IPv6 [true], enviar fichero [true], aceptar filtros [false], aleatorio [true], UDS [true].
24-May-2026 15:17:46.916 INFORMACIÓN [main] org.apache.catalina.core.AprLifecycleListener.lifecycleEvent APR/OpenSSL configuration: useAprConnector [false], useOpenSSL [true]
24-May-2026 15:17:46.923 INFORMACIÓN [main] org.apache.catalina.core.AprLifecycleListener.initializeSSL OpenSSL inicializado correctamente [OpenSSL 3.0.19 27 Jan 2026]
24-May-2026 15:17:47.129 INFORMACIÓN [main] org.apache.coyote.AbstractProtocol.init Inicializando el manejador de protocolo ["http-nio-8080"]

24-May-2026 15:17:47.142 INFORMACIÓN [main] org.apache.catalina.startup.Catalina.load Server initialization in [399] milliseconds
24-May-2026 15:17:47.169 INFORMACIÓN [main] org.apache.catalina.core.StandardService.startInternal Arrancando servicio [Catalina]
24-May-2026 15:17:47.169 INFORMACIÓN [main] org.apache.catalina.core.StandardEngine.startInternal Starting Servlet engine: [Apache Tomcat/9.0.117]
24-May-2026 15:17:47.183 INFORMACIÓN [main] org.apache.catalina.startup.HostConfig.deployDescriptor Desplieque del descriptor de configuración [G:\IntelliJ\eventosProyecto\conf\Catalina\localhost\eventosProyecto.xml]
24-May-2026 15:17:47.985 INFORMACIÓN [main] org.apache.jasper.servlet.TldScanner.scanJars Al menos un JAR, que se ha explorado buscando TLDs, aún no contenía TLDs. Activar historial de depuración para este historiador para una completa lista de los JARs que fueron explorados y de los que nos se halló TLDs. Saltarse JARs no necesarios durante la exploración puede dar lugar a una mejora de tiempo significativa en el arranque y compilación de JSP .
24-May-2026 15:17:48.068 INFORMACIÓN [main] org.apache.catalina.startup.HostConfig.deployDescriptor Deployment of deployment descriptor [G:\IntelliJ\eventosProyecto\conf\Catalina\localhost\eventosProyecto.xml] has finished in [882] ms
24-May-2026 15:17:48.072 INFORMACIÓN [main] org.apache.coyote.AbstractProtocol.start Starting ProtocolHandler ["http-nio-8080"]
24-May-2026 15:17:48.089 INFORMACIÓN [main] org.apache.catalina.startup.Catalina.start Server startup in [946] milliseconds
24-May-2026 15:24:31.286 INFORMACIÓN [Thread-1] org.apache.coyote.AbstractProtocol.pause Pausing ProtocolHandler ["http-nio-8080"]
24-May-2026 15:24:31.290 INFORMACIÓN [Thread-1] org.apache.catalina.core.StandardService.stopInternal Parando servicio [Catalina]
24-May-2026 15:24:31.294 ADVERTENCIA [Thread-1] org.apache.catalina.loader.WebappClassLoaderBase.clearReferencesJdbc La aplicación web [eventosProyecto] registró el conductor JDBC [com.mysql.cj.jdbc.Driver] pero falló al anular el registro mientras la aplicación web estaba parada. Para prevenir un fallo de memoria, se ha anulado el registro del conductor JDBC por la fuerza.
24-May-2026 15:24:31.294 ADVERTENCIA [Thread-1] org.apache.catalina.loader.WebappClassLoaderBase.clearReferencesThreads The web application [eventosProyecto] appears to have started a thread named [mysql-cj-abandoned-connection-cleanup] but has failed to stop it. This is very likely to create a memory leak. Stack trace of thread:
 java.base/java.lang.Object.wait0(Native Method)
 java.base/java.lang.Object.wait(Object.java:389)
 java.base/java.lang.ref.ReferenceQueue.remove0(ReferenceQueue.java:123)
 java.base/java.lang.ref.ReferenceQueue.remove(ReferenceQueue.java:201)
 com.mysql.cj.jdbc.AbandonedConnectionCleanupThread.run(AbandonedConnectionCleanupThread.java:91)
 java.base/java.util.concurrent.ThreadPoolExecutor.runWorker(ThreadPoolExecutor.java:1090)
 java.base/java.util.concurrent.ThreadPoolExecutor$Worker.run(ThreadPoolExecutor.java:614)
 java.base/java.lang.Thread.run(Thread.java:1474)
24-May-2026 15:24:31.296 INFORMACIÓN [Thread-1] org.apache.coyote.AbstractProtocol.stop Stopping ProtocolHandler ["http-nio-8080"]
24-May-2026 15:24:31.298 INFORMACIÓN [Thread-1] org.apache.coyote.AbstractProtocol.destroy Destroying ProtocolHandler ["http-nio-8080"]
24-May-2026 15:24:33.129 INFORMACIÓN [main] org.apache.catalina.startup.VersionLoggerListener.log Nombre de la versión del servidor: Apache Tomcat/9.0.117
24-May-2026 15:24:33.131 INFORMACIÓN [main] org.apache.catalina.startup.VersionLoggerListener.log Server built:                      Mar 30 2026 18:21:16 UTC
24-May-2026 15:24:33.131 INFORMACIÓN [main] org.apache.catalina.startup.VersionLoggerListener.log Número de versión de servidor:     9.0.117.0
24-May-2026 15:24:33.131 INFORMACIÓN [main] org.apache.catalina.startup.VersionLoggerListener.log OS Name:                           Windows 11
24-May-2026 15:24:33.131 INFORMACIÓN [main] org.apache.catalina.startup.VersionLoggerListener.log Versión de Systema Operativo:      10.0
24-May-2026 15:24:33.131 INFORMACIÓN [main] org.apache.catalina.startup.VersionLoggerListener.log Arquitectura:                      amd64
24-May-2026 15:24:33.131 INFORMACIÓN [main] org.apache.catalina.startup.VersionLoggerListener.log Java Home:                         C:\Users\cetme\.jdks\ms-25.0.3
24-May-2026 15:24:33.131 INFORMACIÓN [main] org.apache.catalina.startup.VersionLoggerListener.log JVM Version:                       25.0.3+9-LTS
24-May-2026 15:24:33.131 INFORMACIÓN [main] org.apache.catalina.startup.VersionLoggerListener.log Vededor JVM:                       Microsoft
24-May-2026 15:24:33.131 INFORMACIÓN [main] org.apache.catalina.startup.VersionLoggerListener.log CATALINA_BASE:                     G:\IntelliJ\eventosProyecto
24-May-2026 15:24:33.131 INFORMACIÓN [main] org.apache.catalina.startup.VersionLoggerListener.log CATALINA_HOME:                     G:\IntelliJ\Tomcat\apache-tomcat-9.0.117-20260522T151456Z-3-001\apache-tomcat-9.0.117
24-May-2026 15:24:33.140 INFORMACIÓN [main] org.apache.catalina.startup.VersionLoggerListener.log Command line argument:             --add-opens=java.base/java.lang=ALL-UNNAMED
24-May-2026 15:24:33.141 INFORMACIÓN [main] org.apache.catalina.startup.VersionLoggerListener.log Command line argument:             --add-opens=java.base/java.io=ALL-UNNAMED
24-May-2026 15:24:33.141 INFORMACIÓN [main] org.apache.catalina.startup.VersionLoggerListener.log Command line argument:             --add-opens=java.base/java.util=ALL-UNNAMED
24-May-2026 15:24:33.141 INFORMACIÓN [main] org.apache.catalina.startup.VersionLoggerListener.log Command line argument:             --add-opens=java.base/java.util.concurrent=ALL-UNNAMED
24-May-2026 15:24:33.141 INFORMACIÓN [main] org.apache.catalina.startup.VersionLoggerListener.log Command line argument:             --add-opens=java.rmi/sun.rmi.transport=ALL-UNNAMED
24-May-2026 15:24:33.141 INFORMACIÓN [main] org.apache.catalina.startup.VersionLoggerListener.log Command line argument:             -Dcatalina.home=G:\IntelliJ\Tomcat\apache-tomcat-9.0.117-20260522T151456Z-3-001\apache-tomcat-9.0.117
24-May-2026 15:24:33.141 INFORMACIÓN [main] org.apache.catalina.startup.VersionLoggerListener.log Command line argument:             -Dcatalina.base=G:\IntelliJ\eventosProyecto
24-May-2026 15:24:33.141 INFORMACIÓN [main] org.apache.catalina.startup.VersionLoggerListener.log Command line argument:             -Djava.io.tmpdir=G:\IntelliJ\eventosProyecto\temp
24-May-2026 15:24:33.141 INFORMACIÓN [main] org.apache.catalina.startup.VersionLoggerListener.log Command line argument:             -Djava.util.logging.config.file=G:\IntelliJ\eventosProyecto\conf\logging.properties
24-May-2026 15:24:33.141 INFORMACIÓN [main] org.apache.catalina.startup.VersionLoggerListener.log Command line argument:             -Djava.util.logging.manager=org.apache.juli.ClassLoaderLogManager
24-May-2026 15:24:33.141 INFORMACIÓN [main] org.apache.catalina.startup.VersionLoggerListener.log Command line argument:             -javaagent:G:\IntelliJ\IntelliJ IDEA 2026.1.2\lib\idea_rt.jar=49680
24-May-2026 15:24:33.141 INFORMACIÓN [main] org.apache.catalina.startup.VersionLoggerListener.log Command line argument:             -Dfile.encoding=UTF-8
24-May-2026 15:24:33.141 INFORMACIÓN [main] org.apache.catalina.startup.VersionLoggerListener.log Command line argument:             -Dsun.stdout.encoding=UTF-8
24-May-2026 15:24:33.142 INFORMACIÓN [main] org.apache.catalina.startup.VersionLoggerListener.log Command line argument:             -Dsun.stderr.encoding=UTF-8
24-May-2026 15:24:33.147 INFORMACIÓN [main] org.apache.catalina.core.AprLifecycleListener.lifecycleEvent Cargada la biblioteca nativa APR de Apache Tomcat [1.3.7] con la versión APR [1.7.6].
24-May-2026 15:24:33.147 INFORMACIÓN [main] org.apache.catalina.core.AprLifecycleListener.lifecycleEvent Capacidades APR: IPv6 [true], enviar fichero [true], aceptar filtros [false], aleatorio [true], UDS [true].
24-May-2026 15:24:33.147 INFORMACIÓN [main] org.apache.catalina.core.AprLifecycleListener.lifecycleEvent APR/OpenSSL configuration: useAprConnector [false], useOpenSSL [true]
24-May-2026 15:24:33.153 INFORMACIÓN [main] org.apache.catalina.core.AprLifecycleListener.initializeSSL OpenSSL inicializado correctamente [OpenSSL 3.0.19 27 Jan 2026]
24-May-2026 15:24:33.354 INFORMACIÓN [main] org.apache.coyote.AbstractProtocol.init Inicializando el manejador de protocolo ["http-nio-8080"]

24-May-2026 15:24:33.367 INFORMACIÓN [main] org.apache.catalina.startup.Catalina.load Server initialization in [371] milliseconds
24-May-2026 15:24:33.396 INFORMACIÓN [main] org.apache.catalina.core.StandardService.startInternal Arrancando servicio [Catalina]
24-May-2026 15:24:33.396 INFORMACIÓN [main] org.apache.catalina.core.StandardEngine.startInternal Starting Servlet engine: [Apache Tomcat/9.0.117]
24-May-2026 15:24:33.409 INFORMACIÓN [main] org.apache.catalina.startup.HostConfig.deployDescriptor Desplieque del descriptor de configuración [G:\IntelliJ\eventosProyecto\conf\Catalina\localhost\eventosProyecto.xml]
24-May-2026 15:24:34.212 INFORMACIÓN [main] org.apache.jasper.servlet.TldScanner.scanJars Al menos un JAR, que se ha explorado buscando TLDs, aún no contenía TLDs. Activar historial de depuración para este historiador para una completa lista de los JARs que fueron explorados y de los que nos se halló TLDs. Saltarse JARs no necesarios durante la exploración puede dar lugar a una mejora de tiempo significativa en el arranque y compilación de JSP .
24-May-2026 15:24:34.295 INFORMACIÓN [main] org.apache.catalina.startup.HostConfig.deployDescriptor Deployment of deployment descriptor [G:\IntelliJ\eventosProyecto\conf\Catalina\localhost\eventosProyecto.xml] has finished in [883] ms
24-May-2026 15:24:34.298 INFORMACIÓN [main] org.apache.coyote.AbstractProtocol.start Starting ProtocolHandler ["http-nio-8080"]
24-May-2026 15:24:34.316 INFORMACIÓN [main] org.apache.catalina.startup.Catalina.start Server startup in [947] milliseconds
24-May-2026 15:25:36.800 INFORMACIÓN [Thread-1] org.apache.coyote.AbstractProtocol.pause Pausing ProtocolHandler ["http-nio-8080"]
24-May-2026 15:25:36.804 INFORMACIÓN [Thread-1] org.apache.catalina.core.StandardService.stopInternal Parando servicio [Catalina]
24-May-2026 15:25:36.806 ADVERTENCIA [Thread-1] org.apache.catalina.loader.WebappClassLoaderBase.clearReferencesJdbc La aplicación web [eventosProyecto] registró el conductor JDBC [com.mysql.cj.jdbc.Driver] pero falló al anular el registro mientras la aplicación web estaba parada. Para prevenir un fallo de memoria, se ha anulado el registro del conductor JDBC por la fuerza.
24-May-2026 15:25:36.807 ADVERTENCIA [Thread-1] org.apache.catalina.loader.WebappClassLoaderBase.clearReferencesThreads The web application [eventosProyecto] appears to have started a thread named [mysql-cj-abandoned-connection-cleanup] but has failed to stop it. This is very likely to create a memory leak. Stack trace of thread:
 java.base/java.lang.Object.wait0(Native Method)
 java.base/java.lang.Object.wait(Object.java:389)
 java.base/java.lang.ref.ReferenceQueue.remove0(ReferenceQueue.java:123)
 java.base/java.lang.ref.ReferenceQueue.remove(ReferenceQueue.java:201)
 com.mysql.cj.jdbc.AbandonedConnectionCleanupThread.run(AbandonedConnectionCleanupThread.java:91)
 java.base/java.util.concurrent.ThreadPoolExecutor.runWorker(ThreadPoolExecutor.java:1090)
 java.base/java.util.concurrent.ThreadPoolExecutor$Worker.run(ThreadPoolExecutor.java:614)
 java.base/java.lang.Thread.run(Thread.java:1474)
24-May-2026 15:25:36.809 INFORMACIÓN [Thread-1] org.apache.coyote.AbstractProtocol.stop Stopping ProtocolHandler ["http-nio-8080"]
24-May-2026 15:25:36.812 INFORMACIÓN [Thread-1] org.apache.coyote.AbstractProtocol.destroy Destroying ProtocolHandler ["http-nio-8080"]
24-May-2026 15:25:38.601 INFORMACIÓN [main] org.apache.catalina.startup.VersionLoggerListener.log Nombre de la versión del servidor: Apache Tomcat/9.0.117
24-May-2026 15:25:38.603 INFORMACIÓN [main] org.apache.catalina.startup.VersionLoggerListener.log Server built:                      Mar 30 2026 18:21:16 UTC
24-May-2026 15:25:38.603 INFORMACIÓN [main] org.apache.catalina.startup.VersionLoggerListener.log Número de versión de servidor:     9.0.117.0
24-May-2026 15:25:38.603 INFORMACIÓN [main] org.apache.catalina.startup.VersionLoggerListener.log OS Name:                           Windows 11
24-May-2026 15:25:38.603 INFORMACIÓN [main] org.apache.catalina.startup.VersionLoggerListener.log Versión de Systema Operativo:      10.0
24-May-2026 15:25:38.603 INFORMACIÓN [main] org.apache.catalina.startup.VersionLoggerListener.log Arquitectura:                      amd64
24-May-2026 15:25:38.604 INFORMACIÓN [main] org.apache.catalina.startup.VersionLoggerListener.log Java Home:                         C:\Users\cetme\.jdks\ms-25.0.3
24-May-2026 15:25:38.604 INFORMACIÓN [main] org.apache.catalina.startup.VersionLoggerListener.log JVM Version:                       25.0.3+9-LTS
24-May-2026 15:25:38.604 INFORMACIÓN [main] org.apache.catalina.startup.VersionLoggerListener.log Vededor JVM:                       Microsoft
24-May-2026 15:25:38.604 INFORMACIÓN [main] org.apache.catalina.startup.VersionLoggerListener.log CATALINA_BASE:                     G:\IntelliJ\eventosProyecto
24-May-2026 15:25:38.604 INFORMACIÓN [main] org.apache.catalina.startup.VersionLoggerListener.log CATALINA_HOME:                     G:\IntelliJ\Tomcat\apache-tomcat-9.0.117-20260522T151456Z-3-001\apache-tomcat-9.0.117
24-May-2026 15:25:38.614 INFORMACIÓN [main] org.apache.catalina.startup.VersionLoggerListener.log Command line argument:             --add-opens=java.base/java.lang=ALL-UNNAMED
24-May-2026 15:25:38.614 INFORMACIÓN [main] org.apache.catalina.startup.VersionLoggerListener.log Command line argument:             --add-opens=java.base/java.io=ALL-UNNAMED
24-May-2026 15:25:38.614 INFORMACIÓN [main] org.apache.catalina.startup.VersionLoggerListener.log Command line argument:             --add-opens=java.base/java.util=ALL-UNNAMED
24-May-2026 15:25:38.614 INFORMACIÓN [main] org.apache.catalina.startup.VersionLoggerListener.log Command line argument:             --add-opens=java.base/java.util.concurrent=ALL-UNNAMED
24-May-2026 15:25:38.614 INFORMACIÓN [main] org.apache.catalina.startup.VersionLoggerListener.log Command line argument:             --add-opens=java.rmi/sun.rmi.transport=ALL-UNNAMED
24-May-2026 15:25:38.614 INFORMACIÓN [main] org.apache.catalina.startup.VersionLoggerListener.log Command line argument:             -Dcatalina.home=G:\IntelliJ\Tomcat\apache-tomcat-9.0.117-20260522T151456Z-3-001\apache-tomcat-9.0.117
24-May-2026 15:25:38.615 INFORMACIÓN [main] org.apache.catalina.startup.VersionLoggerListener.log Command line argument:             -Dcatalina.base=G:\IntelliJ\eventosProyecto
24-May-2026 15:25:38.615 INFORMACIÓN [main] org.apache.catalina.startup.VersionLoggerListener.log Command line argument:             -Djava.io.tmpdir=G:\IntelliJ\eventosProyecto\temp
24-May-2026 15:25:38.615 INFORMACIÓN [main] org.apache.catalina.startup.VersionLoggerListener.log Command line argument:             -Djava.util.logging.config.file=G:\IntelliJ\eventosProyecto\conf\logging.properties
24-May-2026 15:25:38.615 INFORMACIÓN [main] org.apache.catalina.startup.VersionLoggerListener.log Command line argument:             -Djava.util.logging.manager=org.apache.juli.ClassLoaderLogManager
24-May-2026 15:25:38.615 INFORMACIÓN [main] org.apache.catalina.startup.VersionLoggerListener.log Command line argument:             -javaagent:G:\IntelliJ\IntelliJ IDEA 2026.1.2\lib\idea_rt.jar=55260
24-May-2026 15:25:38.615 INFORMACIÓN [main] org.apache.catalina.startup.VersionLoggerListener.log Command line argument:             -Dfile.encoding=UTF-8
24-May-2026 15:25:38.615 INFORMACIÓN [main] org.apache.catalina.startup.VersionLoggerListener.log Command line argument:             -Dsun.stdout.encoding=UTF-8
24-May-2026 15:25:38.615 INFORMACIÓN [main] org.apache.catalina.startup.VersionLoggerListener.log Command line argument:             -Dsun.stderr.encoding=UTF-8
24-May-2026 15:25:38.621 INFORMACIÓN [main] org.apache.catalina.core.AprLifecycleListener.lifecycleEvent Cargada la biblioteca nativa APR de Apache Tomcat [1.3.7] con la versión APR [1.7.6].
24-May-2026 15:25:38.621 INFORMACIÓN [main] org.apache.catalina.core.AprLifecycleListener.lifecycleEvent Capacidades APR: IPv6 [true], enviar fichero [true], aceptar filtros [false], aleatorio [true], UDS [true].
24-May-2026 15:25:38.621 INFORMACIÓN [main] org.apache.catalina.core.AprLifecycleListener.lifecycleEvent APR/OpenSSL configuration: useAprConnector [false], useOpenSSL [true]
24-May-2026 15:25:38.627 INFORMACIÓN [main] org.apache.catalina.core.AprLifecycleListener.initializeSSL OpenSSL inicializado correctamente [OpenSSL 3.0.19 27 Jan 2026]
24-May-2026 15:25:38.834 INFORMACIÓN [main] org.apache.coyote.AbstractProtocol.init Inicializando el manejador de protocolo ["http-nio-8080"]

24-May-2026 15:25:38.848 INFORMACIÓN [main] org.apache.catalina.startup.Catalina.load Server initialization in [379] milliseconds
24-May-2026 15:25:38.880 INFORMACIÓN [main] org.apache.catalina.core.StandardService.startInternal Arrancando servicio [Catalina]
24-May-2026 15:25:38.880 INFORMACIÓN [main] org.apache.catalina.core.StandardEngine.startInternal Starting Servlet engine: [Apache Tomcat/9.0.117]
24-May-2026 15:25:38.892 INFORMACIÓN [main] org.apache.catalina.startup.HostConfig.deployDescriptor Desplieque del descriptor de configuración [G:\IntelliJ\eventosProyecto\conf\Catalina\localhost\eventosProyecto.xml]
24-May-2026 15:25:39.135 GRAVE [main] org.apache.catalina.startup.HostConfig.deployDescriptor Error durante el despliegue del descriptor de configuración [G:\IntelliJ\eventosProyecto\conf\Catalina\localhost\eventosProyecto.xml]
	java.lang.IllegalStateException: Error starting child
		at org.apache.catalina.core.ContainerBase.addChildInternal(ContainerBase.java:600)
		at org.apache.catalina.core.ContainerBase.addChild(ContainerBase.java:569)
		at org.apache.catalina.core.StandardHost.addChild(StandardHost.java:608)
		at org.apache.catalina.startup.HostConfig.deployDescriptor(HostConfig.java:677)
		at org.apache.catalina.startup.HostConfig$DeployDescriptor.run(HostConfig.java:1836)
		at java.base/java.util.concurrent.Executors$RunnableAdapter.call(Executors.java:545)
		at java.base/java.util.concurrent.FutureTask.run(FutureTask.java:328)
		at org.apache.tomcat.util.threads.InlineExecutorService.execute(InlineExecutorService.java:82)
		at java.base/java.util.concurrent.AbstractExecutorService.submit(AbstractExecutorService.java:125)
		at org.apache.catalina.startup.HostConfig.deployDescriptors(HostConfig.java:572)
		at org.apache.catalina.startup.HostConfig.deployApps(HostConfig.java:463)
		at org.apache.catalina.startup.HostConfig.start(HostConfig.java:1576)
		at org.apache.catalina.startup.HostConfig.lifecycleEvent(HostConfig.java:309)
		at org.apache.catalina.util.LifecycleBase.fireLifecycleEvent(LifecycleBase.java:109)
		at org.apache.catalina.util.LifecycleBase.setStateInternal(LifecycleBase.java:389)
		at org.apache.catalina.util.LifecycleBase.setState(LifecycleBase.java:336)
		at org.apache.catalina.core.ContainerBase.startInternal(ContainerBase.java:774)
		at org.apache.catalina.core.StandardHost.startInternal(StandardHost.java:726)
		at org.apache.catalina.util.LifecycleBase.start(LifecycleBase.java:164)
		at org.apache.catalina.core.ContainerBase$StartChild.call(ContainerBase.java:1201)
		at org.apache.catalina.core.ContainerBase$StartChild.call(ContainerBase.java:1191)
		at java.base/java.util.concurrent.FutureTask.run(FutureTask.java:328)
		at org.apache.tomcat.util.threads.InlineExecutorService.execute(InlineExecutorService.java:82)
		at java.base/java.util.concurrent.AbstractExecutorService.submit(AbstractExecutorService.java:149)
		at org.apache.catalina.core.ContainerBase.startInternal(ContainerBase.java:747)
		at org.apache.catalina.core.StandardEngine.startInternal(StandardEngine.java:209)
		at org.apache.catalina.util.LifecycleBase.start(LifecycleBase.java:164)
		at org.apache.catalina.core.StandardService.startInternal(StandardService.java:410)
		at org.apache.catalina.util.LifecycleBase.start(LifecycleBase.java:164)
		at org.apache.catalina.core.StandardServer.startInternal(StandardServer.java:872)
		at org.apache.catalina.util.LifecycleBase.start(LifecycleBase.java:164)
		at org.apache.catalina.startup.Catalina.start(Catalina.java:736)
		at java.base/jdk.internal.reflect.DirectMethodHandleAccessor.invoke(DirectMethodHandleAccessor.java:104)
		at java.base/java.lang.reflect.Method.invoke(Method.java:565)
		at org.apache.catalina.startup.Bootstrap.start(Bootstrap.java:342)
		at org.apache.catalina.startup.Bootstrap.main(Bootstrap.java:473)
	Caused by: org.apache.catalina.LifecycleException: Failed to start component [StandardEngine[Catalina].StandardHost[localhost].StandardContext[/eventosProyecto]]
		at org.apache.catalina.util.LifecycleBase.handleSubClassException(LifecycleBase.java:404)
		at org.apache.catalina.util.LifecycleBase.start(LifecycleBase.java:179)
		at org.apache.catalina.core.ContainerBase.addChildInternal(ContainerBase.java:597)
		... 35 more
	Caused by: java.lang.IllegalArgumentException: Los servlets llamados [LogisticaServlet] y [dam.primero.servlet.logistica.LogisticaServlet] estan ambos mapeados al patrón de URL [/logistica/*] el cual no esta permitido
		at org.apache.tomcat.util.descriptor.web.WebXml.addServletMappingDecoded(WebXml.java:415)
		at org.apache.tomcat.util.descriptor.web.WebXml.addServletMapping(WebXml.java:406)
		at org.apache.catalina.startup.ContextConfig.processAnnotationWebServlet(ContextConfig.java:2554)
		at org.apache.catalina.startup.ContextConfig.processClass(ContextConfig.java:2260)
		at org.apache.catalina.startup.ContextConfig.processAnnotationsStream(ContextConfig.java:2249)
		at org.apache.catalina.startup.ContextConfig.processAnnotationsWebResource(ContextConfig.java:2160)
		at org.apache.catalina.startup.ContextConfig.processAnnotationsWebResource(ContextConfig.java:2155)
		at org.apache.catalina.startup.ContextConfig.processAnnotationsWebResource(ContextConfig.java:2155)
		at org.apache.catalina.startup.ContextConfig.processAnnotationsWebResource(ContextConfig.java:2155)
		at org.apache.catalina.startup.ContextConfig.processAnnotationsWebResource(ContextConfig.java:2155)
		at org.apache.catalina.startup.ContextConfig.processClasses(ContextConfig.java:1360)
		at org.apache.catalina.startup.ContextConfig.webConfig(ContextConfig.java:1270)
		at org.apache.catalina.startup.ContextConfig.configureStart(ContextConfig.java:971)
		at org.apache.catalina.startup.ContextConfig.lifecycleEvent(ContextConfig.java:288)
		at org.apache.catalina.util.LifecycleBase.fireLifecycleEvent(LifecycleBase.java:109)
		at org.apache.catalina.core.StandardContext.startInternal(StandardContext.java:4395)
		at org.apache.catalina.util.LifecycleBase.start(LifecycleBase.java:164)
		... 36 more
24-May-2026 15:25:39.142 INFORMACIÓN [main] org.apache.catalina.startup.HostConfig.deployDescriptor Deployment of deployment descriptor [G:\IntelliJ\eventosProyecto\conf\Catalina\localhost\eventosProyecto.xml] has finished in [246] ms
24-May-2026 15:25:39.144 INFORMACIÓN [main] org.apache.coyote.AbstractProtocol.start Starting ProtocolHandler ["http-nio-8080"]
24-May-2026 15:25:39.187 INFORMACIÓN [main] org.apache.catalina.startup.Catalina.start Server startup in [337] milliseconds
24-May-2026 15:26:56.696 INFORMACIÓN [Thread-1] org.apache.coyote.AbstractProtocol.pause Pausing ProtocolHandler ["http-nio-8080"]
24-May-2026 15:26:56.700 INFORMACIÓN [Thread-1] org.apache.catalina.core.StandardService.stopInternal Parando servicio [Catalina]
24-May-2026 15:26:56.701 INFORMACIÓN [Thread-1] org.apache.coyote.AbstractProtocol.stop Stopping ProtocolHandler ["http-nio-8080"]
24-May-2026 15:26:56.702 INFORMACIÓN [Thread-1] org.apache.coyote.AbstractProtocol.destroy Destroying ProtocolHandler ["http-nio-8080"]
24-May-2026 15:28:01.327 INFORMACIÓN [main] org.apache.catalina.startup.VersionLoggerListener.log Nombre de la versión del servidor: Apache Tomcat/9.0.117
24-May-2026 15:28:01.329 INFORMACIÓN [main] org.apache.catalina.startup.VersionLoggerListener.log Server built:                      Mar 30 2026 18:21:16 UTC
24-May-2026 15:28:01.329 INFORMACIÓN [main] org.apache.catalina.startup.VersionLoggerListener.log Número de versión de servidor:     9.0.117.0
24-May-2026 15:28:01.329 INFORMACIÓN [main] org.apache.catalina.startup.VersionLoggerListener.log OS Name:                           Windows 11
24-May-2026 15:28:01.329 INFORMACIÓN [main] org.apache.catalina.startup.VersionLoggerListener.log Versión de Systema Operativo:      10.0
24-May-2026 15:28:01.329 INFORMACIÓN [main] org.apache.catalina.startup.VersionLoggerListener.log Arquitectura:                      amd64
24-May-2026 15:28:01.329 INFORMACIÓN [main] org.apache.catalina.startup.VersionLoggerListener.log Java Home:                         C:\Users\cetme\.jdks\ms-25.0.3
24-May-2026 15:28:01.330 INFORMACIÓN [main] org.apache.catalina.startup.VersionLoggerListener.log JVM Version:                       25.0.3+9-LTS
24-May-2026 15:28:01.330 INFORMACIÓN [main] org.apache.catalina.startup.VersionLoggerListener.log Vededor JVM:                       Microsoft
24-May-2026 15:28:01.330 INFORMACIÓN [main] org.apache.catalina.startup.VersionLoggerListener.log CATALINA_BASE:                     G:\IntelliJ\eventosProyecto
24-May-2026 15:28:01.330 INFORMACIÓN [main] org.apache.catalina.startup.VersionLoggerListener.log CATALINA_HOME:                     G:\IntelliJ\Tomcat\apache-tomcat-9.0.117-20260522T151456Z-3-001\apache-tomcat-9.0.117
24-May-2026 15:28:01.340 INFORMACIÓN [main] org.apache.catalina.startup.VersionLoggerListener.log Command line argument:             --add-opens=java.base/java.lang=ALL-UNNAMED
24-May-2026 15:28:01.340 INFORMACIÓN [main] org.apache.catalina.startup.VersionLoggerListener.log Command line argument:             --add-opens=java.base/java.io=ALL-UNNAMED
24-May-2026 15:28:01.340 INFORMACIÓN [main] org.apache.catalina.startup.VersionLoggerListener.log Command line argument:             --add-opens=java.base/java.util=ALL-UNNAMED
24-May-2026 15:28:01.340 INFORMACIÓN [main] org.apache.catalina.startup.VersionLoggerListener.log Command line argument:             --add-opens=java.base/java.util.concurrent=ALL-UNNAMED
24-May-2026 15:28:01.340 INFORMACIÓN [main] org.apache.catalina.startup.VersionLoggerListener.log Command line argument:             --add-opens=java.rmi/sun.rmi.transport=ALL-UNNAMED
24-May-2026 15:28:01.340 INFORMACIÓN [main] org.apache.catalina.startup.VersionLoggerListener.log Command line argument:             -Dcatalina.home=G:\IntelliJ\Tomcat\apache-tomcat-9.0.117-20260522T151456Z-3-001\apache-tomcat-9.0.117
24-May-2026 15:28:01.340 INFORMACIÓN [main] org.apache.catalina.startup.VersionLoggerListener.log Command line argument:             -Dcatalina.base=G:\IntelliJ\eventosProyecto
24-May-2026 15:28:01.340 INFORMACIÓN [main] org.apache.catalina.startup.VersionLoggerListener.log Command line argument:             -Djava.io.tmpdir=G:\IntelliJ\eventosProyecto\temp
24-May-2026 15:28:01.340 INFORMACIÓN [main] org.apache.catalina.startup.VersionLoggerListener.log Command line argument:             -Djava.util.logging.config.file=G:\IntelliJ\eventosProyecto\conf\logging.properties
24-May-2026 15:28:01.341 INFORMACIÓN [main] org.apache.catalina.startup.VersionLoggerListener.log Command line argument:             -Djava.util.logging.manager=org.apache.juli.ClassLoaderLogManager
24-May-2026 15:28:01.341 INFORMACIÓN [main] org.apache.catalina.startup.VersionLoggerListener.log Command line argument:             -javaagent:G:\IntelliJ\IntelliJ IDEA 2026.1.2\lib\idea_rt.jar=64680
24-May-2026 15:28:01.341 INFORMACIÓN [main] org.apache.catalina.startup.VersionLoggerListener.log Command line argument:             -Dfile.encoding=UTF-8
24-May-2026 15:28:01.341 INFORMACIÓN [main] org.apache.catalina.startup.VersionLoggerListener.log Command line argument:             -Dsun.stdout.encoding=UTF-8
24-May-2026 15:28:01.341 INFORMACIÓN [main] org.apache.catalina.startup.VersionLoggerListener.log Command line argument:             -Dsun.stderr.encoding=UTF-8
24-May-2026 15:28:01.347 INFORMACIÓN [main] org.apache.catalina.core.AprLifecycleListener.lifecycleEvent Cargada la biblioteca nativa APR de Apache Tomcat [1.3.7] con la versión APR [1.7.6].
24-May-2026 15:28:01.347 INFORMACIÓN [main] org.apache.catalina.core.AprLifecycleListener.lifecycleEvent Capacidades APR: IPv6 [true], enviar fichero [true], aceptar filtros [false], aleatorio [true], UDS [true].
24-May-2026 15:28:01.347 INFORMACIÓN [main] org.apache.catalina.core.AprLifecycleListener.lifecycleEvent APR/OpenSSL configuration: useAprConnector [false], useOpenSSL [true]
24-May-2026 15:28:01.352 INFORMACIÓN [main] org.apache.catalina.core.AprLifecycleListener.initializeSSL OpenSSL inicializado correctamente [OpenSSL 3.0.19 27 Jan 2026]
24-May-2026 15:28:01.565 INFORMACIÓN [main] org.apache.coyote.AbstractProtocol.init Inicializando el manejador de protocolo ["http-nio-8080"]

24-May-2026 15:28:01.577 INFORMACIÓN [main] org.apache.catalina.startup.Catalina.load Server initialization in [388] milliseconds
24-May-2026 15:28:01.604 INFORMACIÓN [main] org.apache.catalina.core.StandardService.startInternal Arrancando servicio [Catalina]
24-May-2026 15:28:01.604 INFORMACIÓN [main] org.apache.catalina.core.StandardEngine.startInternal Starting Servlet engine: [Apache Tomcat/9.0.117]
24-May-2026 15:28:01.612 INFORMACIÓN [main] org.apache.catalina.startup.HostConfig.deployDescriptor Desplieque del descriptor de configuración [G:\IntelliJ\eventosProyecto\conf\Catalina\localhost\eventosProyecto.xml]
24-May-2026 15:28:02.424 INFORMACIÓN [main] org.apache.jasper.servlet.TldScanner.scanJars Al menos un JAR, que se ha explorado buscando TLDs, aún no contenía TLDs. Activar historial de depuración para este historiador para una completa lista de los JARs que fueron explorados y de los que nos se halló TLDs. Saltarse JARs no necesarios durante la exploración puede dar lugar a una mejora de tiempo significativa en el arranque y compilación de JSP .
24-May-2026 15:28:02.508 INFORMACIÓN [main] org.apache.catalina.startup.HostConfig.deployDescriptor Deployment of deployment descriptor [G:\IntelliJ\eventosProyecto\conf\Catalina\localhost\eventosProyecto.xml] has finished in [892] ms
24-May-2026 15:28:02.511 INFORMACIÓN [main] org.apache.coyote.AbstractProtocol.start Starting ProtocolHandler ["http-nio-8080"]
24-May-2026 15:28:02.527 INFORMACIÓN [main] org.apache.catalina.startup.Catalina.start Server startup in [948] milliseconds
24-May-2026 15:31:36.588 INFORMACIÓN [Thread-1] org.apache.coyote.AbstractProtocol.pause Pausing ProtocolHandler ["http-nio-8080"]
24-May-2026 15:31:36.591 INFORMACIÓN [Thread-1] org.apache.catalina.core.StandardService.stopInternal Parando servicio [Catalina]
24-May-2026 15:31:36.594 ADVERTENCIA [Thread-1] org.apache.catalina.loader.WebappClassLoaderBase.clearReferencesJdbc La aplicación web [eventosProyecto] registró el conductor JDBC [com.mysql.cj.jdbc.Driver] pero falló al anular el registro mientras la aplicación web estaba parada. Para prevenir un fallo de memoria, se ha anulado el registro del conductor JDBC por la fuerza.
24-May-2026 15:31:36.594 ADVERTENCIA [Thread-1] org.apache.catalina.loader.WebappClassLoaderBase.clearReferencesThreads The web application [eventosProyecto] appears to have started a thread named [mysql-cj-abandoned-connection-cleanup] but has failed to stop it. This is very likely to create a memory leak. Stack trace of thread:
 java.base/java.lang.Object.wait0(Native Method)
 java.base/java.lang.Object.wait(Object.java:389)
 java.base/java.lang.ref.ReferenceQueue.remove0(ReferenceQueue.java:123)
 java.base/java.lang.ref.ReferenceQueue.remove(ReferenceQueue.java:201)
 com.mysql.cj.jdbc.AbandonedConnectionCleanupThread.run(AbandonedConnectionCleanupThread.java:91)
 java.base/java.util.concurrent.ThreadPoolExecutor.runWorker(ThreadPoolExecutor.java:1090)
 java.base/java.util.concurrent.ThreadPoolExecutor$Worker.run(ThreadPoolExecutor.java:614)
 java.base/java.lang.Thread.run(Thread.java:1474)
24-May-2026 15:31:36.596 INFORMACIÓN [Thread-1] org.apache.coyote.AbstractProtocol.stop Stopping ProtocolHandler ["http-nio-8080"]
24-May-2026 15:31:36.599 INFORMACIÓN [Thread-1] org.apache.coyote.AbstractProtocol.destroy Destroying ProtocolHandler ["http-nio-8080"]
24-May-2026 15:31:38.445 INFORMACIÓN [main] org.apache.catalina.startup.VersionLoggerListener.log Nombre de la versión del servidor: Apache Tomcat/9.0.117
24-May-2026 15:31:38.446 INFORMACIÓN [main] org.apache.catalina.startup.VersionLoggerListener.log Server built:                      Mar 30 2026 18:21:16 UTC
24-May-2026 15:31:38.446 INFORMACIÓN [main] org.apache.catalina.startup.VersionLoggerListener.log Número de versión de servidor:     9.0.117.0
24-May-2026 15:31:38.448 INFORMACIÓN [main] org.apache.catalina.startup.VersionLoggerListener.log OS Name:                           Windows 11
24-May-2026 15:31:38.448 INFORMACIÓN [main] org.apache.catalina.startup.VersionLoggerListener.log Versión de Systema Operativo:      10.0
24-May-2026 15:31:38.448 INFORMACIÓN [main] org.apache.catalina.startup.VersionLoggerListener.log Arquitectura:                      amd64
24-May-2026 15:31:38.448 INFORMACIÓN [main] org.apache.catalina.startup.VersionLoggerListener.log Java Home:                         C:\Users\cetme\.jdks\ms-25.0.3
24-May-2026 15:31:38.448 INFORMACIÓN [main] org.apache.catalina.startup.VersionLoggerListener.log JVM Version:                       25.0.3+9-LTS
24-May-2026 15:31:38.448 INFORMACIÓN [main] org.apache.catalina.startup.VersionLoggerListener.log Vededor JVM:                       Microsoft
24-May-2026 15:31:38.448 INFORMACIÓN [main] org.apache.catalina.startup.VersionLoggerListener.log CATALINA_BASE:                     G:\IntelliJ\eventosProyecto
24-May-2026 15:31:38.448 INFORMACIÓN [main] org.apache.catalina.startup.VersionLoggerListener.log CATALINA_HOME:                     G:\IntelliJ\Tomcat\apache-tomcat-9.0.117-20260522T151456Z-3-001\apache-tomcat-9.0.117
24-May-2026 15:31:38.459 INFORMACIÓN [main] org.apache.catalina.startup.VersionLoggerListener.log Command line argument:             --add-opens=java.base/java.lang=ALL-UNNAMED
24-May-2026 15:31:38.459 INFORMACIÓN [main] org.apache.catalina.startup.VersionLoggerListener.log Command line argument:             --add-opens=java.base/java.io=ALL-UNNAMED
24-May-2026 15:31:38.459 INFORMACIÓN [main] org.apache.catalina.startup.VersionLoggerListener.log Command line argument:             --add-opens=java.base/java.util=ALL-UNNAMED
24-May-2026 15:31:38.459 INFORMACIÓN [main] org.apache.catalina.startup.VersionLoggerListener.log Command line argument:             --add-opens=java.base/java.util.concurrent=ALL-UNNAMED
24-May-2026 15:31:38.459 INFORMACIÓN [main] org.apache.catalina.startup.VersionLoggerListener.log Command line argument:             --add-opens=java.rmi/sun.rmi.transport=ALL-UNNAMED
24-May-2026 15:31:38.459 INFORMACIÓN [main] org.apache.catalina.startup.VersionLoggerListener.log Command line argument:             -Dcatalina.home=G:\IntelliJ\Tomcat\apache-tomcat-9.0.117-20260522T151456Z-3-001\apache-tomcat-9.0.117
24-May-2026 15:31:38.459 INFORMACIÓN [main] org.apache.catalina.startup.VersionLoggerListener.log Command line argument:             -Dcatalina.base=G:\IntelliJ\eventosProyecto
24-May-2026 15:31:38.459 INFORMACIÓN [main] org.apache.catalina.startup.VersionLoggerListener.log Command line argument:             -Djava.io.tmpdir=G:\IntelliJ\eventosProyecto\temp
24-May-2026 15:31:38.460 INFORMACIÓN [main] org.apache.catalina.startup.VersionLoggerListener.log Command line argument:             -Djava.util.logging.config.file=G:\IntelliJ\eventosProyecto\conf\logging.properties
24-May-2026 15:31:38.460 INFORMACIÓN [main] org.apache.catalina.startup.VersionLoggerListener.log Command line argument:             -Djava.util.logging.manager=org.apache.juli.ClassLoaderLogManager
24-May-2026 15:31:38.460 INFORMACIÓN [main] org.apache.catalina.startup.VersionLoggerListener.log Command line argument:             -javaagent:G:\IntelliJ\IntelliJ IDEA 2026.1.2\lib\idea_rt.jar=61131
24-May-2026 15:31:38.460 INFORMACIÓN [main] org.apache.catalina.startup.VersionLoggerListener.log Command line argument:             -Dfile.encoding=UTF-8
24-May-2026 15:31:38.460 INFORMACIÓN [main] org.apache.catalina.startup.VersionLoggerListener.log Command line argument:             -Dsun.stdout.encoding=UTF-8
24-May-2026 15:31:38.460 INFORMACIÓN [main] org.apache.catalina.startup.VersionLoggerListener.log Command line argument:             -Dsun.stderr.encoding=UTF-8
24-May-2026 15:31:38.465 INFORMACIÓN [main] org.apache.catalina.core.AprLifecycleListener.lifecycleEvent Cargada la biblioteca nativa APR de Apache Tomcat [1.3.7] con la versión APR [1.7.6].
24-May-2026 15:31:38.465 INFORMACIÓN [main] org.apache.catalina.core.AprLifecycleListener.lifecycleEvent Capacidades APR: IPv6 [true], enviar fichero [true], aceptar filtros [false], aleatorio [true], UDS [true].
24-May-2026 15:31:38.465 INFORMACIÓN [main] org.apache.catalina.core.AprLifecycleListener.lifecycleEvent APR/OpenSSL configuration: useAprConnector [false], useOpenSSL [true]
24-May-2026 15:31:38.472 INFORMACIÓN [main] org.apache.catalina.core.AprLifecycleListener.initializeSSL OpenSSL inicializado correctamente [OpenSSL 3.0.19 27 Jan 2026]
24-May-2026 15:31:38.682 INFORMACIÓN [main] org.apache.coyote.AbstractProtocol.init Inicializando el manejador de protocolo ["http-nio-8080"]

24-May-2026 15:31:38.695 INFORMACIÓN [main] org.apache.catalina.startup.Catalina.load Server initialization in [381] milliseconds
24-May-2026 15:31:38.724 INFORMACIÓN [main] org.apache.catalina.core.StandardService.startInternal Arrancando servicio [Catalina]
24-May-2026 15:31:38.724 INFORMACIÓN [main] org.apache.catalina.core.StandardEngine.startInternal Starting Servlet engine: [Apache Tomcat/9.0.117]
24-May-2026 15:31:38.731 INFORMACIÓN [main] org.apache.catalina.startup.HostConfig.deployDescriptor Desplieque del descriptor de configuración [G:\IntelliJ\eventosProyecto\conf\Catalina\localhost\eventosProyecto.xml]
24-May-2026 15:31:39.562 INFORMACIÓN [main] org.apache.jasper.servlet.TldScanner.scanJars Al menos un JAR, que se ha explorado buscando TLDs, aún no contenía TLDs. Activar historial de depuración para este historiador para una completa lista de los JARs que fueron explorados y de los que nos se halló TLDs. Saltarse JARs no necesarios durante la exploración puede dar lugar a una mejora de tiempo significativa en el arranque y compilación de JSP .
24-May-2026 15:31:39.664 INFORMACIÓN [main] org.apache.catalina.startup.HostConfig.deployDescriptor Deployment of deployment descriptor [G:\IntelliJ\eventosProyecto\conf\Catalina\localhost\eventosProyecto.xml] has finished in [931] ms
24-May-2026 15:31:39.668 INFORMACIÓN [main] org.apache.coyote.AbstractProtocol.start Starting ProtocolHandler ["http-nio-8080"]
24-May-2026 15:31:39.685 INFORMACIÓN [main] org.apache.catalina.startup.Catalina.start Server startup in [989] milliseconds
24-May-2026 16:10:10.879 INFORMACIÓN [Thread-1] org.apache.coyote.AbstractProtocol.pause Pausing ProtocolHandler ["http-nio-8080"]
24-May-2026 16:10:10.885 INFORMACIÓN [Thread-1] org.apache.catalina.core.StandardService.stopInternal Parando servicio [Catalina]
24-May-2026 16:10:10.888 ADVERTENCIA [Thread-1] org.apache.catalina.loader.WebappClassLoaderBase.clearReferencesJdbc La aplicación web [eventosProyecto] registró el conductor JDBC [com.mysql.cj.jdbc.Driver] pero falló al anular el registro mientras la aplicación web estaba parada. Para prevenir un fallo de memoria, se ha anulado el registro del conductor JDBC por la fuerza.
24-May-2026 16:10:10.888 ADVERTENCIA [Thread-1] org.apache.catalina.loader.WebappClassLoaderBase.clearReferencesThreads The web application [eventosProyecto] appears to have started a thread named [mysql-cj-abandoned-connection-cleanup] but has failed to stop it. This is very likely to create a memory leak. Stack trace of thread:
 java.base/java.lang.Object.wait0(Native Method)
 java.base/java.lang.Object.wait(Object.java:389)
 java.base/java.lang.ref.ReferenceQueue.remove0(ReferenceQueue.java:123)
 java.base/java.lang.ref.ReferenceQueue.remove(ReferenceQueue.java:201)
 com.mysql.cj.jdbc.AbandonedConnectionCleanupThread.run(AbandonedConnectionCleanupThread.java:91)
 java.base/java.util.concurrent.ThreadPoolExecutor.runWorker(ThreadPoolExecutor.java:1090)
 java.base/java.util.concurrent.ThreadPoolExecutor$Worker.run(ThreadPoolExecutor.java:614)
 java.base/java.lang.Thread.run(Thread.java:1474)
24-May-2026 16:10:10.890 INFORMACIÓN [Thread-1] org.apache.coyote.AbstractProtocol.stop Stopping ProtocolHandler ["http-nio-8080"]
24-May-2026 16:10:10.893 INFORMACIÓN [Thread-1] org.apache.coyote.AbstractProtocol.destroy Destroying ProtocolHandler ["http-nio-8080"]
24-May-2026 16:10:12.786 INFORMACIÓN [main] org.apache.catalina.startup.VersionLoggerListener.log Nombre de la versión del servidor: Apache Tomcat/9.0.117
24-May-2026 16:10:12.788 INFORMACIÓN [main] org.apache.catalina.startup.VersionLoggerListener.log Server built:                      Mar 30 2026 18:21:16 UTC
24-May-2026 16:10:12.788 INFORMACIÓN [main] org.apache.catalina.startup.VersionLoggerListener.log Número de versión de servidor:     9.0.117.0
24-May-2026 16:10:12.788 INFORMACIÓN [main] org.apache.catalina.startup.VersionLoggerListener.log OS Name:                           Windows 11
24-May-2026 16:10:12.788 INFORMACIÓN [main] org.apache.catalina.startup.VersionLoggerListener.log Versión de Systema Operativo:      10.0
24-May-2026 16:10:12.788 INFORMACIÓN [main] org.apache.catalina.startup.VersionLoggerListener.log Arquitectura:                      amd64
24-May-2026 16:10:12.788 INFORMACIÓN [main] org.apache.catalina.startup.VersionLoggerListener.log Java Home:                         C:\Users\cetme\.jdks\ms-25.0.3
24-May-2026 16:10:12.788 INFORMACIÓN [main] org.apache.catalina.startup.VersionLoggerListener.log JVM Version:                       25.0.3+9-LTS
24-May-2026 16:10:12.788 INFORMACIÓN [main] org.apache.catalina.startup.VersionLoggerListener.log Vededor JVM:                       Microsoft
24-May-2026 16:10:12.789 INFORMACIÓN [main] org.apache.catalina.startup.VersionLoggerListener.log CATALINA_BASE:                     G:\IntelliJ\eventosProyecto
24-May-2026 16:10:12.789 INFORMACIÓN [main] org.apache.catalina.startup.VersionLoggerListener.log CATALINA_HOME:                     G:\IntelliJ\Tomcat\apache-tomcat-9.0.117-20260522T151456Z-3-001\apache-tomcat-9.0.117
24-May-2026 16:10:12.798 INFORMACIÓN [main] org.apache.catalina.startup.VersionLoggerListener.log Command line argument:             --add-opens=java.base/java.lang=ALL-UNNAMED
24-May-2026 16:10:12.798 INFORMACIÓN [main] org.apache.catalina.startup.VersionLoggerListener.log Command line argument:             --add-opens=java.base/java.io=ALL-UNNAMED
24-May-2026 16:10:12.798 INFORMACIÓN [main] org.apache.catalina.startup.VersionLoggerListener.log Command line argument:             --add-opens=java.base/java.util=ALL-UNNAMED
24-May-2026 16:10:12.798 INFORMACIÓN [main] org.apache.catalina.startup.VersionLoggerListener.log Command line argument:             --add-opens=java.base/java.util.concurrent=ALL-UNNAMED
24-May-2026 16:10:12.798 INFORMACIÓN [main] org.apache.catalina.startup.VersionLoggerListener.log Command line argument:             --add-opens=java.rmi/sun.rmi.transport=ALL-UNNAMED
24-May-2026 16:10:12.798 INFORMACIÓN [main] org.apache.catalina.startup.VersionLoggerListener.log Command line argument:             -Dcatalina.home=G:\IntelliJ\Tomcat\apache-tomcat-9.0.117-20260522T151456Z-3-001\apache-tomcat-9.0.117
24-May-2026 16:10:12.799 INFORMACIÓN [main] org.apache.catalina.startup.VersionLoggerListener.log Command line argument:             -Dcatalina.base=G:\IntelliJ\eventosProyecto
24-May-2026 16:10:12.799 INFORMACIÓN [main] org.apache.catalina.startup.VersionLoggerListener.log Command line argument:             -Djava.io.tmpdir=G:\IntelliJ\eventosProyecto\temp
24-May-2026 16:10:12.799 INFORMACIÓN [main] org.apache.catalina.startup.VersionLoggerListener.log Command line argument:             -Djava.util.logging.config.file=G:\IntelliJ\eventosProyecto\conf\logging.properties
24-May-2026 16:10:12.799 INFORMACIÓN [main] org.apache.catalina.startup.VersionLoggerListener.log Command line argument:             -Djava.util.logging.manager=org.apache.juli.ClassLoaderLogManager
24-May-2026 16:10:12.799 INFORMACIÓN [main] org.apache.catalina.startup.VersionLoggerListener.log Command line argument:             -javaagent:G:\IntelliJ\IntelliJ IDEA 2026.1.2\lib\idea_rt.jar=55111
24-May-2026 16:10:12.799 INFORMACIÓN [main] org.apache.catalina.startup.VersionLoggerListener.log Command line argument:             -Dfile.encoding=UTF-8
24-May-2026 16:10:12.799 INFORMACIÓN [main] org.apache.catalina.startup.VersionLoggerListener.log Command line argument:             -Dsun.stdout.encoding=UTF-8
24-May-2026 16:10:12.799 INFORMACIÓN [main] org.apache.catalina.startup.VersionLoggerListener.log Command line argument:             -Dsun.stderr.encoding=UTF-8
24-May-2026 16:10:12.805 INFORMACIÓN [main] org.apache.catalina.core.AprLifecycleListener.lifecycleEvent Cargada la biblioteca nativa APR de Apache Tomcat [1.3.7] con la versión APR [1.7.6].
24-May-2026 16:10:12.805 INFORMACIÓN [main] org.apache.catalina.core.AprLifecycleListener.lifecycleEvent Capacidades APR: IPv6 [true], enviar fichero [true], aceptar filtros [false], aleatorio [true], UDS [true].
24-May-2026 16:10:12.805 INFORMACIÓN [main] org.apache.catalina.core.AprLifecycleListener.lifecycleEvent APR/OpenSSL configuration: useAprConnector [false], useOpenSSL [true]
24-May-2026 16:10:12.812 INFORMACIÓN [main] org.apache.catalina.core.AprLifecycleListener.initializeSSL OpenSSL inicializado correctamente [OpenSSL 3.0.19 27 Jan 2026]
24-May-2026 16:10:13.016 INFORMACIÓN [main] org.apache.coyote.AbstractProtocol.init Inicializando el manejador de protocolo ["http-nio-8080"]

24-May-2026 16:10:13.031 INFORMACIÓN [main] org.apache.catalina.startup.Catalina.load Server initialization in [370] milliseconds
24-May-2026 16:10:13.062 INFORMACIÓN [main] org.apache.catalina.core.StandardService.startInternal Arrancando servicio [Catalina]
24-May-2026 16:10:13.062 INFORMACIÓN [main] org.apache.catalina.core.StandardEngine.startInternal Starting Servlet engine: [Apache Tomcat/9.0.117]
24-May-2026 16:10:13.077 INFORMACIÓN [main] org.apache.catalina.startup.HostConfig.deployDescriptor Desplieque del descriptor de configuración [G:\IntelliJ\eventosProyecto\conf\Catalina\localhost\eventosProyecto.xml]
24-May-2026 16:10:13.889 INFORMACIÓN [main] org.apache.jasper.servlet.TldScanner.scanJars Al menos un JAR, que se ha explorado buscando TLDs, aún no contenía TLDs. Activar historial de depuración para este historiador para una completa lista de los JARs que fueron explorados y de los que nos se halló TLDs. Saltarse JARs no necesarios durante la exploración puede dar lugar a una mejora de tiempo significativa en el arranque y compilación de JSP .
24-May-2026 16:10:13.975 INFORMACIÓN [main] org.apache.catalina.startup.HostConfig.deployDescriptor Deployment of deployment descriptor [G:\IntelliJ\eventosProyecto\conf\Catalina\localhost\eventosProyecto.xml] has finished in [896] ms
24-May-2026 16:10:13.979 INFORMACIÓN [main] org.apache.coyote.AbstractProtocol.start Starting ProtocolHandler ["http-nio-8080"]
24-May-2026 16:10:13.995 INFORMACIÓN [main] org.apache.catalina.startup.Catalina.start Server startup in [963] milliseconds
24-May-2026 16:13:43.858 INFORMACIÓN [Thread-1] org.apache.coyote.AbstractProtocol.pause Pausing ProtocolHandler ["http-nio-8080"]
24-May-2026 16:13:43.862 INFORMACIÓN [Thread-1] org.apache.catalina.core.StandardService.stopInternal Parando servicio [Catalina]
24-May-2026 16:13:43.865 ADVERTENCIA [Thread-1] org.apache.catalina.loader.WebappClassLoaderBase.clearReferencesJdbc La aplicación web [eventosProyecto] registró el conductor JDBC [com.mysql.cj.jdbc.Driver] pero falló al anular el registro mientras la aplicación web estaba parada. Para prevenir un fallo de memoria, se ha anulado el registro del conductor JDBC por la fuerza.
24-May-2026 16:13:43.865 ADVERTENCIA [Thread-1] org.apache.catalina.loader.WebappClassLoaderBase.clearReferencesThreads The web application [eventosProyecto] appears to have started a thread named [mysql-cj-abandoned-connection-cleanup] but has failed to stop it. This is very likely to create a memory leak. Stack trace of thread:
 java.base/java.lang.Object.wait0(Native Method)
 java.base/java.lang.Object.wait(Object.java:389)
 java.base/java.lang.ref.ReferenceQueue.remove0(ReferenceQueue.java:123)
 java.base/java.lang.ref.ReferenceQueue.remove(ReferenceQueue.java:201)
 com.mysql.cj.jdbc.AbandonedConnectionCleanupThread.run(AbandonedConnectionCleanupThread.java:91)
 java.base/java.util.concurrent.ThreadPoolExecutor.runWorker(ThreadPoolExecutor.java:1090)
 java.base/java.util.concurrent.ThreadPoolExecutor$Worker.run(ThreadPoolExecutor.java:614)
 java.base/java.lang.Thread.run(Thread.java:1474)
24-May-2026 16:13:43.868 INFORMACIÓN [Thread-1] org.apache.coyote.AbstractProtocol.stop Stopping ProtocolHandler ["http-nio-8080"]
24-May-2026 16:13:43.872 INFORMACIÓN [Thread-1] org.apache.coyote.AbstractProtocol.destroy Destroying ProtocolHandler ["http-nio-8080"]
24-May-2026 16:13:45.649 INFORMACIÓN [main] org.apache.catalina.startup.VersionLoggerListener.log Nombre de la versión del servidor: Apache Tomcat/9.0.117
24-May-2026 16:13:45.651 INFORMACIÓN [main] org.apache.catalina.startup.VersionLoggerListener.log Server built:                      Mar 30 2026 18:21:16 UTC
24-May-2026 16:13:45.651 INFORMACIÓN [main] org.apache.catalina.startup.VersionLoggerListener.log Número de versión de servidor:     9.0.117.0
24-May-2026 16:13:45.651 INFORMACIÓN [main] org.apache.catalina.startup.VersionLoggerListener.log OS Name:                           Windows 11
24-May-2026 16:13:45.651 INFORMACIÓN [main] org.apache.catalina.startup.VersionLoggerListener.log Versión de Systema Operativo:      10.0
24-May-2026 16:13:45.651 INFORMACIÓN [main] org.apache.catalina.startup.VersionLoggerListener.log Arquitectura:                      amd64
24-May-2026 16:13:45.652 INFORMACIÓN [main] org.apache.catalina.startup.VersionLoggerListener.log Java Home:                         C:\Users\cetme\.jdks\ms-25.0.3
24-May-2026 16:13:45.652 INFORMACIÓN [main] org.apache.catalina.startup.VersionLoggerListener.log JVM Version:                       25.0.3+9-LTS
24-May-2026 16:13:45.652 INFORMACIÓN [main] org.apache.catalina.startup.VersionLoggerListener.log Vededor JVM:                       Microsoft
24-May-2026 16:13:45.652 INFORMACIÓN [main] org.apache.catalina.startup.VersionLoggerListener.log CATALINA_BASE:                     G:\IntelliJ\eventosProyecto
24-May-2026 16:13:45.652 INFORMACIÓN [main] org.apache.catalina.startup.VersionLoggerListener.log CATALINA_HOME:                     G:\IntelliJ\Tomcat\apache-tomcat-9.0.117-20260522T151456Z-3-001\apache-tomcat-9.0.117
24-May-2026 16:13:45.663 INFORMACIÓN [main] org.apache.catalina.startup.VersionLoggerListener.log Command line argument:             --add-opens=java.base/java.lang=ALL-UNNAMED
24-May-2026 16:13:45.663 INFORMACIÓN [main] org.apache.catalina.startup.VersionLoggerListener.log Command line argument:             --add-opens=java.base/java.io=ALL-UNNAMED
24-May-2026 16:13:45.663 INFORMACIÓN [main] org.apache.catalina.startup.VersionLoggerListener.log Command line argument:             --add-opens=java.base/java.util=ALL-UNNAMED
24-May-2026 16:13:45.663 INFORMACIÓN [main] org.apache.catalina.startup.VersionLoggerListener.log Command line argument:             --add-opens=java.base/java.util.concurrent=ALL-UNNAMED
24-May-2026 16:13:45.663 INFORMACIÓN [main] org.apache.catalina.startup.VersionLoggerListener.log Command line argument:             --add-opens=java.rmi/sun.rmi.transport=ALL-UNNAMED
24-May-2026 16:13:45.663 INFORMACIÓN [main] org.apache.catalina.startup.VersionLoggerListener.log Command line argument:             -Dcatalina.home=G:\IntelliJ\Tomcat\apache-tomcat-9.0.117-20260522T151456Z-3-001\apache-tomcat-9.0.117
24-May-2026 16:13:45.663 INFORMACIÓN [main] org.apache.catalina.startup.VersionLoggerListener.log Command line argument:             -Dcatalina.base=G:\IntelliJ\eventosProyecto
24-May-2026 16:13:45.663 INFORMACIÓN [main] org.apache.catalina.startup.VersionLoggerListener.log Command line argument:             -Djava.io.tmpdir=G:\IntelliJ\eventosProyecto\temp
24-May-2026 16:13:45.664 INFORMACIÓN [main] org.apache.catalina.startup.VersionLoggerListener.log Command line argument:             -Djava.util.logging.config.file=G:\IntelliJ\eventosProyecto\conf\logging.properties
24-May-2026 16:13:45.664 INFORMACIÓN [main] org.apache.catalina.startup.VersionLoggerListener.log Command line argument:             -Djava.util.logging.manager=org.apache.juli.ClassLoaderLogManager
24-May-2026 16:13:45.664 INFORMACIÓN [main] org.apache.catalina.startup.VersionLoggerListener.log Command line argument:             -javaagent:G:\IntelliJ\IntelliJ IDEA 2026.1.2\lib\idea_rt.jar=50695
24-May-2026 16:13:45.664 INFORMACIÓN [main] org.apache.catalina.startup.VersionLoggerListener.log Command line argument:             -Dfile.encoding=UTF-8
24-May-2026 16:13:45.664 INFORMACIÓN [main] org.apache.catalina.startup.VersionLoggerListener.log Command line argument:             -Dsun.stdout.encoding=UTF-8
24-May-2026 16:13:45.664 INFORMACIÓN [main] org.apache.catalina.startup.VersionLoggerListener.log Command line argument:             -Dsun.stderr.encoding=UTF-8
24-May-2026 16:13:45.669 INFORMACIÓN [main] org.apache.catalina.core.AprLifecycleListener.lifecycleEvent Cargada la biblioteca nativa APR de Apache Tomcat [1.3.7] con la versión APR [1.7.6].
24-May-2026 16:13:45.669 INFORMACIÓN [main] org.apache.catalina.core.AprLifecycleListener.lifecycleEvent Capacidades APR: IPv6 [true], enviar fichero [true], aceptar filtros [false], aleatorio [true], UDS [true].
24-May-2026 16:13:45.669 INFORMACIÓN [main] org.apache.catalina.core.AprLifecycleListener.lifecycleEvent APR/OpenSSL configuration: useAprConnector [false], useOpenSSL [true]
24-May-2026 16:13:45.676 INFORMACIÓN [main] org.apache.catalina.core.AprLifecycleListener.initializeSSL OpenSSL inicializado correctamente [OpenSSL 3.0.19 27 Jan 2026]
24-May-2026 16:13:45.882 INFORMACIÓN [main] org.apache.coyote.AbstractProtocol.init Inicializando el manejador de protocolo ["http-nio-8080"]

24-May-2026 16:13:45.895 INFORMACIÓN [main] org.apache.catalina.startup.Catalina.load Server initialization in [377] milliseconds
24-May-2026 16:13:45.926 INFORMACIÓN [main] org.apache.catalina.core.StandardService.startInternal Arrancando servicio [Catalina]
24-May-2026 16:13:45.926 INFORMACIÓN [main] org.apache.catalina.core.StandardEngine.startInternal Starting Servlet engine: [Apache Tomcat/9.0.117]
24-May-2026 16:13:45.942 INFORMACIÓN [main] org.apache.catalina.startup.HostConfig.deployDescriptor Desplieque del descriptor de configuración [G:\IntelliJ\eventosProyecto\conf\Catalina\localhost\eventosProyecto.xml]
24-May-2026 16:13:46.764 INFORMACIÓN [main] org.apache.jasper.servlet.TldScanner.scanJars Al menos un JAR, que se ha explorado buscando TLDs, aún no contenía TLDs. Activar historial de depuración para este historiador para una completa lista de los JARs que fueron explorados y de los que nos se halló TLDs. Saltarse JARs no necesarios durante la exploración puede dar lugar a una mejora de tiempo significativa en el arranque y compilación de JSP .
24-May-2026 16:13:46.853 INFORMACIÓN [main] org.apache.catalina.startup.HostConfig.deployDescriptor Deployment of deployment descriptor [G:\IntelliJ\eventosProyecto\conf\Catalina\localhost\eventosProyecto.xml] has finished in [907] ms
24-May-2026 16:13:46.855 INFORMACIÓN [main] org.apache.coyote.AbstractProtocol.start Starting ProtocolHandler ["http-nio-8080"]
24-May-2026 16:13:46.873 INFORMACIÓN [main] org.apache.catalina.startup.Catalina.start Server startup in [975] milliseconds
24-May-2026 16:17:30.258 INFORMACIÓN [Thread-1] org.apache.coyote.AbstractProtocol.pause Pausing ProtocolHandler ["http-nio-8080"]
24-May-2026 16:17:30.262 INFORMACIÓN [Thread-1] org.apache.catalina.core.StandardService.stopInternal Parando servicio [Catalina]
24-May-2026 16:17:30.265 ADVERTENCIA [Thread-1] org.apache.catalina.loader.WebappClassLoaderBase.clearReferencesJdbc La aplicación web [eventosProyecto] registró el conductor JDBC [com.mysql.cj.jdbc.Driver] pero falló al anular el registro mientras la aplicación web estaba parada. Para prevenir un fallo de memoria, se ha anulado el registro del conductor JDBC por la fuerza.
24-May-2026 16:17:30.265 ADVERTENCIA [Thread-1] org.apache.catalina.loader.WebappClassLoaderBase.clearReferencesThreads The web application [eventosProyecto] appears to have started a thread named [mysql-cj-abandoned-connection-cleanup] but has failed to stop it. This is very likely to create a memory leak. Stack trace of thread:
 java.base/java.lang.Object.wait0(Native Method)
 java.base/java.lang.Object.wait(Object.java:389)
 java.base/java.lang.ref.ReferenceQueue.remove0(ReferenceQueue.java:123)
 java.base/java.lang.ref.ReferenceQueue.remove(ReferenceQueue.java:201)
 com.mysql.cj.jdbc.AbandonedConnectionCleanupThread.run(AbandonedConnectionCleanupThread.java:91)
 java.base/java.util.concurrent.ThreadPoolExecutor.runWorker(ThreadPoolExecutor.java:1090)
 java.base/java.util.concurrent.ThreadPoolExecutor$Worker.run(ThreadPoolExecutor.java:614)
 java.base/java.lang.Thread.run(Thread.java:1474)
24-May-2026 16:17:30.267 INFORMACIÓN [Thread-1] org.apache.coyote.AbstractProtocol.stop Stopping ProtocolHandler ["http-nio-8080"]
24-May-2026 16:17:30.271 INFORMACIÓN [Thread-1] org.apache.coyote.AbstractProtocol.destroy Destroying ProtocolHandler ["http-nio-8080"]
24-May-2026 16:17:32.046 INFORMACIÓN [main] org.apache.catalina.startup.VersionLoggerListener.log Nombre de la versión del servidor: Apache Tomcat/9.0.117
24-May-2026 16:17:32.048 INFORMACIÓN [main] org.apache.catalina.startup.VersionLoggerListener.log Server built:                      Mar 30 2026 18:21:16 UTC
24-May-2026 16:17:32.048 INFORMACIÓN [main] org.apache.catalina.startup.VersionLoggerListener.log Número de versión de servidor:     9.0.117.0
24-May-2026 16:17:32.048 INFORMACIÓN [main] org.apache.catalina.startup.VersionLoggerListener.log OS Name:                           Windows 11
24-May-2026 16:17:32.048 INFORMACIÓN [main] org.apache.catalina.startup.VersionLoggerListener.log Versión de Systema Operativo:      10.0
24-May-2026 16:17:32.048 INFORMACIÓN [main] org.apache.catalina.startup.VersionLoggerListener.log Arquitectura:                      amd64
24-May-2026 16:17:32.048 INFORMACIÓN [main] org.apache.catalina.startup.VersionLoggerListener.log Java Home:                         C:\Users\cetme\.jdks\ms-25.0.3
24-May-2026 16:17:32.048 INFORMACIÓN [main] org.apache.catalina.startup.VersionLoggerListener.log JVM Version:                       25.0.3+9-LTS
24-May-2026 16:17:32.049 INFORMACIÓN [main] org.apache.catalina.startup.VersionLoggerListener.log Vededor JVM:                       Microsoft
24-May-2026 16:17:32.049 INFORMACIÓN [main] org.apache.catalina.startup.VersionLoggerListener.log CATALINA_BASE:                     G:\IntelliJ\eventosProyecto
24-May-2026 16:17:32.049 INFORMACIÓN [main] org.apache.catalina.startup.VersionLoggerListener.log CATALINA_HOME:                     G:\IntelliJ\Tomcat\apache-tomcat-9.0.117-20260522T151456Z-3-001\apache-tomcat-9.0.117
24-May-2026 16:17:32.059 INFORMACIÓN [main] org.apache.catalina.startup.VersionLoggerListener.log Command line argument:             --add-opens=java.base/java.lang=ALL-UNNAMED
24-May-2026 16:17:32.059 INFORMACIÓN [main] org.apache.catalina.startup.VersionLoggerListener.log Command line argument:             --add-opens=java.base/java.io=ALL-UNNAMED
24-May-2026 16:17:32.059 INFORMACIÓN [main] org.apache.catalina.startup.VersionLoggerListener.log Command line argument:             --add-opens=java.base/java.util=ALL-UNNAMED
24-May-2026 16:17:32.059 INFORMACIÓN [main] org.apache.catalina.startup.VersionLoggerListener.log Command line argument:             --add-opens=java.base/java.util.concurrent=ALL-UNNAMED
24-May-2026 16:17:32.060 INFORMACIÓN [main] org.apache.catalina.startup.VersionLoggerListener.log Command line argument:             --add-opens=java.rmi/sun.rmi.transport=ALL-UNNAMED
24-May-2026 16:17:32.060 INFORMACIÓN [main] org.apache.catalina.startup.VersionLoggerListener.log Command line argument:             -Dcatalina.home=G:\IntelliJ\Tomcat\apache-tomcat-9.0.117-20260522T151456Z-3-001\apache-tomcat-9.0.117
24-May-2026 16:17:32.060 INFORMACIÓN [main] org.apache.catalina.startup.VersionLoggerListener.log Command line argument:             -Dcatalina.base=G:\IntelliJ\eventosProyecto
24-May-2026 16:17:32.060 INFORMACIÓN [main] org.apache.catalina.startup.VersionLoggerListener.log Command line argument:             -Djava.io.tmpdir=G:\IntelliJ\eventosProyecto\temp
24-May-2026 16:17:32.060 INFORMACIÓN [main] org.apache.catalina.startup.VersionLoggerListener.log Command line argument:             -Djava.util.logging.config.file=G:\IntelliJ\eventosProyecto\conf\logging.properties
24-May-2026 16:17:32.060 INFORMACIÓN [main] org.apache.catalina.startup.VersionLoggerListener.log Command line argument:             -Djava.util.logging.manager=org.apache.juli.ClassLoaderLogManager
24-May-2026 16:17:32.060 INFORMACIÓN [main] org.apache.catalina.startup.VersionLoggerListener.log Command line argument:             -javaagent:G:\IntelliJ\IntelliJ IDEA 2026.1.2\lib\idea_rt.jar=54183
24-May-2026 16:17:32.060 INFORMACIÓN [main] org.apache.catalina.startup.VersionLoggerListener.log Command line argument:             -Dfile.encoding=UTF-8
24-May-2026 16:17:32.060 INFORMACIÓN [main] org.apache.catalina.startup.VersionLoggerListener.log Command line argument:             -Dsun.stdout.encoding=UTF-8
24-May-2026 16:17:32.060 INFORMACIÓN [main] org.apache.catalina.startup.VersionLoggerListener.log Command line argument:             -Dsun.stderr.encoding=UTF-8
24-May-2026 16:17:32.066 INFORMACIÓN [main] org.apache.catalina.core.AprLifecycleListener.lifecycleEvent Cargada la biblioteca nativa APR de Apache Tomcat [1.3.7] con la versión APR [1.7.6].
24-May-2026 16:17:32.066 INFORMACIÓN [main] org.apache.catalina.core.AprLifecycleListener.lifecycleEvent Capacidades APR: IPv6 [true], enviar fichero [true], aceptar filtros [false], aleatorio [true], UDS [true].
24-May-2026 16:17:32.066 INFORMACIÓN [main] org.apache.catalina.core.AprLifecycleListener.lifecycleEvent APR/OpenSSL configuration: useAprConnector [false], useOpenSSL [true]
24-May-2026 16:17:32.074 INFORMACIÓN [main] org.apache.catalina.core.AprLifecycleListener.initializeSSL OpenSSL inicializado correctamente [OpenSSL 3.0.19 27 Jan 2026]
24-May-2026 16:17:32.286 INFORMACIÓN [main] org.apache.coyote.AbstractProtocol.init Inicializando el manejador de protocolo ["http-nio-8080"]

24-May-2026 16:17:32.299 INFORMACIÓN [main] org.apache.catalina.startup.Catalina.load Server initialization in [385] milliseconds
24-May-2026 16:17:32.331 INFORMACIÓN [main] org.apache.catalina.core.StandardService.startInternal Arrancando servicio [Catalina]
24-May-2026 16:17:32.331 INFORMACIÓN [main] org.apache.catalina.core.StandardEngine.startInternal Starting Servlet engine: [Apache Tomcat/9.0.117]
24-May-2026 16:17:32.346 INFORMACIÓN [main] org.apache.catalina.startup.HostConfig.deployDescriptor Desplieque del descriptor de configuración [G:\IntelliJ\eventosProyecto\conf\Catalina\localhost\eventosProyecto.xml]
24-May-2026 16:17:33.156 INFORMACIÓN [main] org.apache.jasper.servlet.TldScanner.scanJars Al menos un JAR, que se ha explorado buscando TLDs, aún no contenía TLDs. Activar historial de depuración para este historiador para una completa lista de los JARs que fueron explorados y de los que nos se halló TLDs. Saltarse JARs no necesarios durante la exploración puede dar lugar a una mejora de tiempo significativa en el arranque y compilación de JSP .
24-May-2026 16:17:33.239 INFORMACIÓN [main] org.apache.catalina.startup.HostConfig.deployDescriptor Deployment of deployment descriptor [G:\IntelliJ\eventosProyecto\conf\Catalina\localhost\eventosProyecto.xml] has finished in [890] ms
24-May-2026 16:17:33.242 INFORMACIÓN [main] org.apache.coyote.AbstractProtocol.start Starting ProtocolHandler ["http-nio-8080"]
24-May-2026 16:17:33.258 INFORMACIÓN [main] org.apache.catalina.startup.Catalina.start Server startup in [958] milliseconds
24-May-2026 16:18:18.315 INFORMACIÓN [Thread-1] org.apache.coyote.AbstractProtocol.pause Pausing ProtocolHandler ["http-nio-8080"]
24-May-2026 16:18:18.320 INFORMACIÓN [Thread-1] org.apache.catalina.core.StandardService.stopInternal Parando servicio [Catalina]
24-May-2026 16:18:18.322 ADVERTENCIA [Thread-1] org.apache.catalina.loader.WebappClassLoaderBase.clearReferencesJdbc La aplicación web [eventosProyecto] registró el conductor JDBC [com.mysql.cj.jdbc.Driver] pero falló al anular el registro mientras la aplicación web estaba parada. Para prevenir un fallo de memoria, se ha anulado el registro del conductor JDBC por la fuerza.
24-May-2026 16:18:18.322 ADVERTENCIA [Thread-1] org.apache.catalina.loader.WebappClassLoaderBase.clearReferencesThreads The web application [eventosProyecto] appears to have started a thread named [mysql-cj-abandoned-connection-cleanup] but has failed to stop it. This is very likely to create a memory leak. Stack trace of thread:
 java.base/java.lang.Object.wait0(Native Method)
 java.base/java.lang.Object.wait(Object.java:389)
 java.base/java.lang.ref.ReferenceQueue.remove0(ReferenceQueue.java:123)
 java.base/java.lang.ref.ReferenceQueue.remove(ReferenceQueue.java:201)
 com.mysql.cj.jdbc.AbandonedConnectionCleanupThread.run(AbandonedConnectionCleanupThread.java:91)
 java.base/java.util.concurrent.ThreadPoolExecutor.runWorker(ThreadPoolExecutor.java:1090)
 java.base/java.util.concurrent.ThreadPoolExecutor$Worker.run(ThreadPoolExecutor.java:614)
 java.base/java.lang.Thread.run(Thread.java:1474)
24-May-2026 16:18:18.324 INFORMACIÓN [Thread-1] org.apache.coyote.AbstractProtocol.stop Stopping ProtocolHandler ["http-nio-8080"]
24-May-2026 16:18:18.326 INFORMACIÓN [Thread-1] org.apache.coyote.AbstractProtocol.destroy Destroying ProtocolHandler ["http-nio-8080"]
24-May-2026 16:18:20.115 INFORMACIÓN [main] org.apache.catalina.startup.VersionLoggerListener.log Nombre de la versión del servidor: Apache Tomcat/9.0.117
24-May-2026 16:18:20.116 INFORMACIÓN [main] org.apache.catalina.startup.VersionLoggerListener.log Server built:                      Mar 30 2026 18:21:16 UTC
24-May-2026 16:18:20.116 INFORMACIÓN [main] org.apache.catalina.startup.VersionLoggerListener.log Número de versión de servidor:     9.0.117.0
24-May-2026 16:18:20.116 INFORMACIÓN [main] org.apache.catalina.startup.VersionLoggerListener.log OS Name:                           Windows 11
24-May-2026 16:18:20.118 INFORMACIÓN [main] org.apache.catalina.startup.VersionLoggerListener.log Versión de Systema Operativo:      10.0
24-May-2026 16:18:20.118 INFORMACIÓN [main] org.apache.catalina.startup.VersionLoggerListener.log Arquitectura:                      amd64
24-May-2026 16:18:20.118 INFORMACIÓN [main] org.apache.catalina.startup.VersionLoggerListener.log Java Home:                         C:\Users\cetme\.jdks\ms-25.0.3
24-May-2026 16:18:20.118 INFORMACIÓN [main] org.apache.catalina.startup.VersionLoggerListener.log JVM Version:                       25.0.3+9-LTS
24-May-2026 16:18:20.118 INFORMACIÓN [main] org.apache.catalina.startup.VersionLoggerListener.log Vededor JVM:                       Microsoft
24-May-2026 16:18:20.118 INFORMACIÓN [main] org.apache.catalina.startup.VersionLoggerListener.log CATALINA_BASE:                     G:\IntelliJ\eventosProyecto
24-May-2026 16:18:20.118 INFORMACIÓN [main] org.apache.catalina.startup.VersionLoggerListener.log CATALINA_HOME:                     G:\IntelliJ\Tomcat\apache-tomcat-9.0.117-20260522T151456Z-3-001\apache-tomcat-9.0.117
24-May-2026 16:18:20.129 INFORMACIÓN [main] org.apache.catalina.startup.VersionLoggerListener.log Command line argument:             --add-opens=java.base/java.lang=ALL-UNNAMED
24-May-2026 16:18:20.129 INFORMACIÓN [main] org.apache.catalina.startup.VersionLoggerListener.log Command line argument:             --add-opens=java.base/java.io=ALL-UNNAMED
24-May-2026 16:18:20.129 INFORMACIÓN [main] org.apache.catalina.startup.VersionLoggerListener.log Command line argument:             --add-opens=java.base/java.util=ALL-UNNAMED
24-May-2026 16:18:20.129 INFORMACIÓN [main] org.apache.catalina.startup.VersionLoggerListener.log Command line argument:             --add-opens=java.base/java.util.concurrent=ALL-UNNAMED
24-May-2026 16:18:20.129 INFORMACIÓN [main] org.apache.catalina.startup.VersionLoggerListener.log Command line argument:             --add-opens=java.rmi/sun.rmi.transport=ALL-UNNAMED
24-May-2026 16:18:20.129 INFORMACIÓN [main] org.apache.catalina.startup.VersionLoggerListener.log Command line argument:             -Dcatalina.home=G:\IntelliJ\Tomcat\apache-tomcat-9.0.117-20260522T151456Z-3-001\apache-tomcat-9.0.117
24-May-2026 16:18:20.129 INFORMACIÓN [main] org.apache.catalina.startup.VersionLoggerListener.log Command line argument:             -Dcatalina.base=G:\IntelliJ\eventosProyecto
24-May-2026 16:18:20.130 INFORMACIÓN [main] org.apache.catalina.startup.VersionLoggerListener.log Command line argument:             -Djava.io.tmpdir=G:\IntelliJ\eventosProyecto\temp
24-May-2026 16:18:20.130 INFORMACIÓN [main] org.apache.catalina.startup.VersionLoggerListener.log Command line argument:             -Djava.util.logging.config.file=G:\IntelliJ\eventosProyecto\conf\logging.properties
24-May-2026 16:18:20.130 INFORMACIÓN [main] org.apache.catalina.startup.VersionLoggerListener.log Command line argument:             -Djava.util.logging.manager=org.apache.juli.ClassLoaderLogManager
24-May-2026 16:18:20.130 INFORMACIÓN [main] org.apache.catalina.startup.VersionLoggerListener.log Command line argument:             -javaagent:G:\IntelliJ\IntelliJ IDEA 2026.1.2\lib\idea_rt.jar=63032
24-May-2026 16:18:20.130 INFORMACIÓN [main] org.apache.catalina.startup.VersionLoggerListener.log Command line argument:             -Dfile.encoding=UTF-8
24-May-2026 16:18:20.130 INFORMACIÓN [main] org.apache.catalina.startup.VersionLoggerListener.log Command line argument:             -Dsun.stdout.encoding=UTF-8
24-May-2026 16:18:20.130 INFORMACIÓN [main] org.apache.catalina.startup.VersionLoggerListener.log Command line argument:             -Dsun.stderr.encoding=UTF-8
24-May-2026 16:18:20.135 INFORMACIÓN [main] org.apache.catalina.core.AprLifecycleListener.lifecycleEvent Cargada la biblioteca nativa APR de Apache Tomcat [1.3.7] con la versión APR [1.7.6].
24-May-2026 16:18:20.136 INFORMACIÓN [main] org.apache.catalina.core.AprLifecycleListener.lifecycleEvent Capacidades APR: IPv6 [true], enviar fichero [true], aceptar filtros [false], aleatorio [true], UDS [true].
24-May-2026 16:18:20.136 INFORMACIÓN [main] org.apache.catalina.core.AprLifecycleListener.lifecycleEvent APR/OpenSSL configuration: useAprConnector [false], useOpenSSL [true]
24-May-2026 16:18:20.142 INFORMACIÓN [main] org.apache.catalina.core.AprLifecycleListener.initializeSSL OpenSSL inicializado correctamente [OpenSSL 3.0.19 27 Jan 2026]
24-May-2026 16:18:20.340 INFORMACIÓN [main] org.apache.coyote.AbstractProtocol.init Inicializando el manejador de protocolo ["http-nio-8080"]

24-May-2026 16:18:20.355 INFORMACIÓN [main] org.apache.catalina.startup.Catalina.load Server initialization in [369] milliseconds
24-May-2026 16:18:20.386 INFORMACIÓN [main] org.apache.catalina.core.StandardService.startInternal Arrancando servicio [Catalina]
24-May-2026 16:18:20.386 INFORMACIÓN [main] org.apache.catalina.core.StandardEngine.startInternal Starting Servlet engine: [Apache Tomcat/9.0.117]
24-May-2026 16:18:20.393 INFORMACIÓN [main] org.apache.catalina.startup.HostConfig.deployDescriptor Desplieque del descriptor de configuración [G:\IntelliJ\eventosProyecto\conf\Catalina\localhost\eventosProyecto.xml]
24-May-2026 16:18:20.635 GRAVE [main] org.apache.catalina.startup.HostConfig.deployDescriptor Error durante el despliegue del descriptor de configuración [G:\IntelliJ\eventosProyecto\conf\Catalina\localhost\eventosProyecto.xml]
	java.lang.IllegalStateException: Error starting child
		at org.apache.catalina.core.ContainerBase.addChildInternal(ContainerBase.java:600)
		at org.apache.catalina.core.ContainerBase.addChild(ContainerBase.java:569)
		at org.apache.catalina.core.StandardHost.addChild(StandardHost.java:608)
		at org.apache.catalina.startup.HostConfig.deployDescriptor(HostConfig.java:677)
		at org.apache.catalina.startup.HostConfig$DeployDescriptor.run(HostConfig.java:1836)
		at java.base/java.util.concurrent.Executors$RunnableAdapter.call(Executors.java:545)
		at java.base/java.util.concurrent.FutureTask.run(FutureTask.java:328)
		at org.apache.tomcat.util.threads.InlineExecutorService.execute(InlineExecutorService.java:82)
		at java.base/java.util.concurrent.AbstractExecutorService.submit(AbstractExecutorService.java:125)
		at org.apache.catalina.startup.HostConfig.deployDescriptors(HostConfig.java:572)
		at org.apache.catalina.startup.HostConfig.deployApps(HostConfig.java:463)
		at org.apache.catalina.startup.HostConfig.start(HostConfig.java:1576)
		at org.apache.catalina.startup.HostConfig.lifecycleEvent(HostConfig.java:309)
		at org.apache.catalina.util.LifecycleBase.fireLifecycleEvent(LifecycleBase.java:109)
		at org.apache.catalina.util.LifecycleBase.setStateInternal(LifecycleBase.java:389)
		at org.apache.catalina.util.LifecycleBase.setState(LifecycleBase.java:336)
		at org.apache.catalina.core.ContainerBase.startInternal(ContainerBase.java:774)
		at org.apache.catalina.core.StandardHost.startInternal(StandardHost.java:726)
		at org.apache.catalina.util.LifecycleBase.start(LifecycleBase.java:164)
		at org.apache.catalina.core.ContainerBase$StartChild.call(ContainerBase.java:1201)
		at org.apache.catalina.core.ContainerBase$StartChild.call(ContainerBase.java:1191)
		at java.base/java.util.concurrent.FutureTask.run(FutureTask.java:328)
		at org.apache.tomcat.util.threads.InlineExecutorService.execute(InlineExecutorService.java:82)
		at java.base/java.util.concurrent.AbstractExecutorService.submit(AbstractExecutorService.java:149)
		at org.apache.catalina.core.ContainerBase.startInternal(ContainerBase.java:747)
		at org.apache.catalina.core.StandardEngine.startInternal(StandardEngine.java:209)
		at org.apache.catalina.util.LifecycleBase.start(LifecycleBase.java:164)
		at org.apache.catalina.core.StandardService.startInternal(StandardService.java:410)
		at org.apache.catalina.util.LifecycleBase.start(LifecycleBase.java:164)
		at org.apache.catalina.core.StandardServer.startInternal(StandardServer.java:872)
		at org.apache.catalina.util.LifecycleBase.start(LifecycleBase.java:164)
		at org.apache.catalina.startup.Catalina.start(Catalina.java:736)
		at java.base/jdk.internal.reflect.DirectMethodHandleAccessor.invoke(DirectMethodHandleAccessor.java:104)
		at java.base/java.lang.reflect.Method.invoke(Method.java:565)
		at org.apache.catalina.startup.Bootstrap.start(Bootstrap.java:342)
		at org.apache.catalina.startup.Bootstrap.main(Bootstrap.java:473)
	Caused by: org.apache.catalina.LifecycleException: Failed to start component [StandardEngine[Catalina].StandardHost[localhost].StandardContext[/eventosProyecto]]
		at org.apache.catalina.util.LifecycleBase.handleSubClassException(LifecycleBase.java:404)
		at org.apache.catalina.util.LifecycleBase.start(LifecycleBase.java:179)
		at org.apache.catalina.core.ContainerBase.addChildInternal(ContainerBase.java:597)
		... 35 more
	Caused by: java.lang.IllegalArgumentException: Los servlets llamados [LogisticaServlet] y [dam.primero.servlet.logistica.LogisticaServlet] estan ambos mapeados al patrón de URL [/logistica/*] el cual no esta permitido
		at org.apache.tomcat.util.descriptor.web.WebXml.addServletMappingDecoded(WebXml.java:415)
		at org.apache.tomcat.util.descriptor.web.WebXml.addServletMapping(WebXml.java:406)
		at org.apache.catalina.startup.ContextConfig.processAnnotationWebServlet(ContextConfig.java:2554)
		at org.apache.catalina.startup.ContextConfig.processClass(ContextConfig.java:2260)
		at org.apache.catalina.startup.ContextConfig.processAnnotationsStream(ContextConfig.java:2249)
		at org.apache.catalina.startup.ContextConfig.processAnnotationsWebResource(ContextConfig.java:2160)
		at org.apache.catalina.startup.ContextConfig.processAnnotationsWebResource(ContextConfig.java:2155)
		at org.apache.catalina.startup.ContextConfig.processAnnotationsWebResource(ContextConfig.java:2155)
		at org.apache.catalina.startup.ContextConfig.processAnnotationsWebResource(ContextConfig.java:2155)
		at org.apache.catalina.startup.ContextConfig.processAnnotationsWebResource(ContextConfig.java:2155)
		at org.apache.catalina.startup.ContextConfig.processClasses(ContextConfig.java:1360)
		at org.apache.catalina.startup.ContextConfig.webConfig(ContextConfig.java:1270)
		at org.apache.catalina.startup.ContextConfig.configureStart(ContextConfig.java:971)
		at org.apache.catalina.startup.ContextConfig.lifecycleEvent(ContextConfig.java:288)
		at org.apache.catalina.util.LifecycleBase.fireLifecycleEvent(LifecycleBase.java:109)
		at org.apache.catalina.core.StandardContext.startInternal(StandardContext.java:4395)
		at org.apache.catalina.util.LifecycleBase.start(LifecycleBase.java:164)
		... 36 more
24-May-2026 16:18:20.645 INFORMACIÓN [main] org.apache.catalina.startup.HostConfig.deployDescriptor Deployment of deployment descriptor [G:\IntelliJ\eventosProyecto\conf\Catalina\localhost\eventosProyecto.xml] has finished in [248] ms
24-May-2026 16:18:20.648 INFORMACIÓN [main] org.apache.coyote.AbstractProtocol.start Starting ProtocolHandler ["http-nio-8080"]
24-May-2026 16:18:20.690 INFORMACIÓN [main] org.apache.catalina.startup.Catalina.start Server startup in [333] milliseconds
24-May-2026 16:19:09.976 INFORMACIÓN [Thread-1] org.apache.coyote.AbstractProtocol.pause Pausing ProtocolHandler ["http-nio-8080"]
24-May-2026 16:19:09.979 INFORMACIÓN [Thread-1] org.apache.catalina.core.StandardService.stopInternal Parando servicio [Catalina]
24-May-2026 16:19:09.980 INFORMACIÓN [Thread-1] org.apache.coyote.AbstractProtocol.stop Stopping ProtocolHandler ["http-nio-8080"]
24-May-2026 16:19:09.981 INFORMACIÓN [Thread-1] org.apache.coyote.AbstractProtocol.destroy Destroying ProtocolHandler ["http-nio-8080"]
24-May-2026 16:23:39.769 INFORMACIÓN [main] org.apache.catalina.startup.VersionLoggerListener.log Nombre de la versión del servidor: Apache Tomcat/9.0.117
24-May-2026 16:23:39.771 INFORMACIÓN [main] org.apache.catalina.startup.VersionLoggerListener.log Server built:                      Mar 30 2026 18:21:16 UTC
24-May-2026 16:23:39.771 INFORMACIÓN [main] org.apache.catalina.startup.VersionLoggerListener.log Número de versión de servidor:     9.0.117.0
24-May-2026 16:23:39.771 INFORMACIÓN [main] org.apache.catalina.startup.VersionLoggerListener.log OS Name:                           Windows 11
24-May-2026 16:23:39.771 INFORMACIÓN [main] org.apache.catalina.startup.VersionLoggerListener.log Versión de Systema Operativo:      10.0
24-May-2026 16:23:39.771 INFORMACIÓN [main] org.apache.catalina.startup.VersionLoggerListener.log Arquitectura:                      amd64
24-May-2026 16:23:39.771 INFORMACIÓN [main] org.apache.catalina.startup.VersionLoggerListener.log Java Home:                         C:\Users\cetme\.jdks\ms-25.0.3
24-May-2026 16:23:39.771 INFORMACIÓN [main] org.apache.catalina.startup.VersionLoggerListener.log JVM Version:                       25.0.3+9-LTS
24-May-2026 16:23:39.772 INFORMACIÓN [main] org.apache.catalina.startup.VersionLoggerListener.log Vededor JVM:                       Microsoft
24-May-2026 16:23:39.772 INFORMACIÓN [main] org.apache.catalina.startup.VersionLoggerListener.log CATALINA_BASE:                     G:\IntelliJ\eventosProyecto
24-May-2026 16:23:39.772 INFORMACIÓN [main] org.apache.catalina.startup.VersionLoggerListener.log CATALINA_HOME:                     G:\IntelliJ\Tomcat\apache-tomcat-9.0.117-20260522T151456Z-3-001\apache-tomcat-9.0.117
24-May-2026 16:23:39.783 INFORMACIÓN [main] org.apache.catalina.startup.VersionLoggerListener.log Command line argument:             --add-opens=java.base/java.lang=ALL-UNNAMED
24-May-2026 16:23:39.783 INFORMACIÓN [main] org.apache.catalina.startup.VersionLoggerListener.log Command line argument:             --add-opens=java.base/java.io=ALL-UNNAMED
24-May-2026 16:23:39.783 INFORMACIÓN [main] org.apache.catalina.startup.VersionLoggerListener.log Command line argument:             --add-opens=java.base/java.util=ALL-UNNAMED
24-May-2026 16:23:39.783 INFORMACIÓN [main] org.apache.catalina.startup.VersionLoggerListener.log Command line argument:             --add-opens=java.base/java.util.concurrent=ALL-UNNAMED
24-May-2026 16:23:39.783 INFORMACIÓN [main] org.apache.catalina.startup.VersionLoggerListener.log Command line argument:             --add-opens=java.rmi/sun.rmi.transport=ALL-UNNAMED
24-May-2026 16:23:39.783 INFORMACIÓN [main] org.apache.catalina.startup.VersionLoggerListener.log Command line argument:             -Dcatalina.home=G:\IntelliJ\Tomcat\apache-tomcat-9.0.117-20260522T151456Z-3-001\apache-tomcat-9.0.117
24-May-2026 16:23:39.783 INFORMACIÓN [main] org.apache.catalina.startup.VersionLoggerListener.log Command line argument:             -Dcatalina.base=G:\IntelliJ\eventosProyecto
24-May-2026 16:23:39.783 INFORMACIÓN [main] org.apache.catalina.startup.VersionLoggerListener.log Command line argument:             -Djava.io.tmpdir=G:\IntelliJ\eventosProyecto\temp
24-May-2026 16:23:39.783 INFORMACIÓN [main] org.apache.catalina.startup.VersionLoggerListener.log Command line argument:             -Djava.util.logging.config.file=G:\IntelliJ\eventosProyecto\conf\logging.properties
24-May-2026 16:23:39.784 INFORMACIÓN [main] org.apache.catalina.startup.VersionLoggerListener.log Command line argument:             -Djava.util.logging.manager=org.apache.juli.ClassLoaderLogManager
24-May-2026 16:23:39.784 INFORMACIÓN [main] org.apache.catalina.startup.VersionLoggerListener.log Command line argument:             -javaagent:G:\IntelliJ\IntelliJ IDEA 2026.1.2\lib\idea_rt.jar=50907
24-May-2026 16:23:39.784 INFORMACIÓN [main] org.apache.catalina.startup.VersionLoggerListener.log Command line argument:             -Dfile.encoding=UTF-8
24-May-2026 16:23:39.784 INFORMACIÓN [main] org.apache.catalina.startup.VersionLoggerListener.log Command line argument:             -Dsun.stdout.encoding=UTF-8
24-May-2026 16:23:39.784 INFORMACIÓN [main] org.apache.catalina.startup.VersionLoggerListener.log Command line argument:             -Dsun.stderr.encoding=UTF-8
24-May-2026 16:23:39.789 INFORMACIÓN [main] org.apache.catalina.core.AprLifecycleListener.lifecycleEvent Cargada la biblioteca nativa APR de Apache Tomcat [1.3.7] con la versión APR [1.7.6].
24-May-2026 16:23:39.790 INFORMACIÓN [main] org.apache.catalina.core.AprLifecycleListener.lifecycleEvent Capacidades APR: IPv6 [true], enviar fichero [true], aceptar filtros [false], aleatorio [true], UDS [true].
24-May-2026 16:23:39.790 INFORMACIÓN [main] org.apache.catalina.core.AprLifecycleListener.lifecycleEvent APR/OpenSSL configuration: useAprConnector [false], useOpenSSL [true]
24-May-2026 16:23:39.796 INFORMACIÓN [main] org.apache.catalina.core.AprLifecycleListener.initializeSSL OpenSSL inicializado correctamente [OpenSSL 3.0.19 27 Jan 2026]
24-May-2026 16:23:40.023 INFORMACIÓN [main] org.apache.coyote.AbstractProtocol.init Inicializando el manejador de protocolo ["http-nio-8080"]

24-May-2026 16:23:40.036 INFORMACIÓN [main] org.apache.catalina.startup.Catalina.load Server initialization in [404] milliseconds
24-May-2026 16:23:40.070 INFORMACIÓN [main] org.apache.catalina.core.StandardService.startInternal Arrancando servicio [Catalina]
24-May-2026 16:23:40.070 INFORMACIÓN [main] org.apache.catalina.core.StandardEngine.startInternal Starting Servlet engine: [Apache Tomcat/9.0.117]
24-May-2026 16:23:40.076 INFORMACIÓN [main] org.apache.catalina.startup.HostConfig.deployDescriptor Desplieque del descriptor de configuración [G:\IntelliJ\eventosProyecto\conf\Catalina\localhost\eventosProyecto.xml]
24-May-2026 16:23:40.918 INFORMACIÓN [main] org.apache.jasper.servlet.TldScanner.scanJars Al menos un JAR, que se ha explorado buscando TLDs, aún no contenía TLDs. Activar historial de depuración para este historiador para una completa lista de los JARs que fueron explorados y de los que nos se halló TLDs. Saltarse JARs no necesarios durante la exploración puede dar lugar a una mejora de tiempo significativa en el arranque y compilación de JSP .
24-May-2026 16:23:41.005 INFORMACIÓN [main] org.apache.catalina.startup.HostConfig.deployDescriptor Deployment of deployment descriptor [G:\IntelliJ\eventosProyecto\conf\Catalina\localhost\eventosProyecto.xml] has finished in [926] ms
24-May-2026 16:23:41.008 INFORMACIÓN [main] org.apache.coyote.AbstractProtocol.start Starting ProtocolHandler ["http-nio-8080"]
24-May-2026 16:23:41.025 INFORMACIÓN [main] org.apache.catalina.startup.Catalina.start Server startup in [987] milliseconds
24-May-2026 16:24:21.556 INFORMACIÓN [Thread-1] org.apache.coyote.AbstractProtocol.pause Pausing ProtocolHandler ["http-nio-8080"]
24-May-2026 16:24:21.563 INFORMACIÓN [Thread-1] org.apache.catalina.core.StandardService.stopInternal Parando servicio [Catalina]
24-May-2026 16:24:21.566 ADVERTENCIA [Thread-1] org.apache.catalina.loader.WebappClassLoaderBase.clearReferencesJdbc La aplicación web [eventosProyecto] registró el conductor JDBC [com.mysql.cj.jdbc.Driver] pero falló al anular el registro mientras la aplicación web estaba parada. Para prevenir un fallo de memoria, se ha anulado el registro del conductor JDBC por la fuerza.
24-May-2026 16:24:21.566 ADVERTENCIA [Thread-1] org.apache.catalina.loader.WebappClassLoaderBase.clearReferencesThreads The web application [eventosProyecto] appears to have started a thread named [mysql-cj-abandoned-connection-cleanup] but has failed to stop it. This is very likely to create a memory leak. Stack trace of thread:
 java.base/java.lang.Object.wait0(Native Method)
 java.base/java.lang.Object.wait(Object.java:389)
 java.base/java.lang.ref.ReferenceQueue.remove0(ReferenceQueue.java:123)
 java.base/java.lang.ref.ReferenceQueue.remove(ReferenceQueue.java:201)
 com.mysql.cj.jdbc.AbandonedConnectionCleanupThread.run(AbandonedConnectionCleanupThread.java:91)
 java.base/java.util.concurrent.ThreadPoolExecutor.runWorker(ThreadPoolExecutor.java:1090)
 java.base/java.util.concurrent.ThreadPoolExecutor$Worker.run(ThreadPoolExecutor.java:614)
 java.base/java.lang.Thread.run(Thread.java:1474)
24-May-2026 16:24:21.568 INFORMACIÓN [Thread-1] org.apache.coyote.AbstractProtocol.stop Stopping ProtocolHandler ["http-nio-8080"]
24-May-2026 16:24:21.569 INFORMACIÓN [Thread-1] org.apache.coyote.AbstractProtocol.destroy Destroying ProtocolHandler ["http-nio-8080"]
24-May-2026 16:24:35.387 INFORMACIÓN [main] org.apache.catalina.startup.VersionLoggerListener.log Nombre de la versión del servidor: Apache Tomcat/9.0.117
24-May-2026 16:24:35.390 INFORMACIÓN [main] org.apache.catalina.startup.VersionLoggerListener.log Server built:                      Mar 30 2026 18:21:16 UTC
24-May-2026 16:24:35.390 INFORMACIÓN [main] org.apache.catalina.startup.VersionLoggerListener.log Número de versión de servidor:     9.0.117.0
24-May-2026 16:24:35.390 INFORMACIÓN [main] org.apache.catalina.startup.VersionLoggerListener.log OS Name:                           Windows 11
24-May-2026 16:24:35.390 INFORMACIÓN [main] org.apache.catalina.startup.VersionLoggerListener.log Versión de Systema Operativo:      10.0
24-May-2026 16:24:35.390 INFORMACIÓN [main] org.apache.catalina.startup.VersionLoggerListener.log Arquitectura:                      amd64
24-May-2026 16:24:35.390 INFORMACIÓN [main] org.apache.catalina.startup.VersionLoggerListener.log Java Home:                         C:\Users\cetme\.jdks\ms-25.0.3
24-May-2026 16:24:35.391 INFORMACIÓN [main] org.apache.catalina.startup.VersionLoggerListener.log JVM Version:                       25.0.3+9-LTS
24-May-2026 16:24:35.391 INFORMACIÓN [main] org.apache.catalina.startup.VersionLoggerListener.log Vededor JVM:                       Microsoft
24-May-2026 16:24:35.391 INFORMACIÓN [main] org.apache.catalina.startup.VersionLoggerListener.log CATALINA_BASE:                     G:\IntelliJ\eventosProyecto
24-May-2026 16:24:35.391 INFORMACIÓN [main] org.apache.catalina.startup.VersionLoggerListener.log CATALINA_HOME:                     G:\IntelliJ\Tomcat\apache-tomcat-9.0.117-20260522T151456Z-3-001\apache-tomcat-9.0.117
24-May-2026 16:24:35.401 INFORMACIÓN [main] org.apache.catalina.startup.VersionLoggerListener.log Command line argument:             --add-opens=java.base/java.lang=ALL-UNNAMED
24-May-2026 16:24:35.401 INFORMACIÓN [main] org.apache.catalina.startup.VersionLoggerListener.log Command line argument:             --add-opens=java.base/java.io=ALL-UNNAMED
24-May-2026 16:24:35.401 INFORMACIÓN [main] org.apache.catalina.startup.VersionLoggerListener.log Command line argument:             --add-opens=java.base/java.util=ALL-UNNAMED
24-May-2026 16:24:35.401 INFORMACIÓN [main] org.apache.catalina.startup.VersionLoggerListener.log Command line argument:             --add-opens=java.base/java.util.concurrent=ALL-UNNAMED
24-May-2026 16:24:35.401 INFORMACIÓN [main] org.apache.catalina.startup.VersionLoggerListener.log Command line argument:             --add-opens=java.rmi/sun.rmi.transport=ALL-UNNAMED
24-May-2026 16:24:35.401 INFORMACIÓN [main] org.apache.catalina.startup.VersionLoggerListener.log Command line argument:             -Dcatalina.home=G:\IntelliJ\Tomcat\apache-tomcat-9.0.117-20260522T151456Z-3-001\apache-tomcat-9.0.117
24-May-2026 16:24:35.401 INFORMACIÓN [main] org.apache.catalina.startup.VersionLoggerListener.log Command line argument:             -Dcatalina.base=G:\IntelliJ\eventosProyecto
24-May-2026 16:24:35.401 INFORMACIÓN [main] org.apache.catalina.startup.VersionLoggerListener.log Command line argument:             -Djava.io.tmpdir=G:\IntelliJ\eventosProyecto\temp
24-May-2026 16:24:35.401 INFORMACIÓN [main] org.apache.catalina.startup.VersionLoggerListener.log Command line argument:             -Djava.util.logging.config.file=G:\IntelliJ\eventosProyecto\conf\logging.properties
24-May-2026 16:24:35.402 INFORMACIÓN [main] org.apache.catalina.startup.VersionLoggerListener.log Command line argument:             -Djava.util.logging.manager=org.apache.juli.ClassLoaderLogManager
24-May-2026 16:24:35.402 INFORMACIÓN [main] org.apache.catalina.startup.VersionLoggerListener.log Command line argument:             -javaagent:G:\IntelliJ\IntelliJ IDEA 2026.1.2\lib\idea_rt.jar=53622
24-May-2026 16:24:35.402 INFORMACIÓN [main] org.apache.catalina.startup.VersionLoggerListener.log Command line argument:             -Dfile.encoding=UTF-8
24-May-2026 16:24:35.402 INFORMACIÓN [main] org.apache.catalina.startup.VersionLoggerListener.log Command line argument:             -Dsun.stdout.encoding=UTF-8
24-May-2026 16:24:35.402 INFORMACIÓN [main] org.apache.catalina.startup.VersionLoggerListener.log Command line argument:             -Dsun.stderr.encoding=UTF-8
24-May-2026 16:24:35.408 INFORMACIÓN [main] org.apache.catalina.core.AprLifecycleListener.lifecycleEvent Cargada la biblioteca nativa APR de Apache Tomcat [1.3.7] con la versión APR [1.7.6].
24-May-2026 16:24:35.408 INFORMACIÓN [main] org.apache.catalina.core.AprLifecycleListener.lifecycleEvent Capacidades APR: IPv6 [true], enviar fichero [true], aceptar filtros [false], aleatorio [true], UDS [true].
24-May-2026 16:24:35.408 INFORMACIÓN [main] org.apache.catalina.core.AprLifecycleListener.lifecycleEvent APR/OpenSSL configuration: useAprConnector [false], useOpenSSL [true]
24-May-2026 16:24:35.415 INFORMACIÓN [main] org.apache.catalina.core.AprLifecycleListener.initializeSSL OpenSSL inicializado correctamente [OpenSSL 3.0.19 27 Jan 2026]
24-May-2026 16:24:35.665 INFORMACIÓN [main] org.apache.coyote.AbstractProtocol.init Inicializando el manejador de protocolo ["http-nio-8080"]

24-May-2026 16:24:35.680 INFORMACIÓN [main] org.apache.catalina.startup.Catalina.load Server initialization in [423] milliseconds
24-May-2026 16:24:35.716 INFORMACIÓN [main] org.apache.catalina.core.StandardService.startInternal Arrancando servicio [Catalina]
24-May-2026 16:24:35.716 INFORMACIÓN [main] org.apache.catalina.core.StandardEngine.startInternal Starting Servlet engine: [Apache Tomcat/9.0.117]
24-May-2026 16:24:35.728 INFORMACIÓN [main] org.apache.catalina.startup.HostConfig.deployDescriptor Desplieque del descriptor de configuración [G:\IntelliJ\eventosProyecto\conf\Catalina\localhost\eventosProyecto.xml]
24-May-2026 16:24:36.555 INFORMACIÓN [main] org.apache.jasper.servlet.TldScanner.scanJars Al menos un JAR, que se ha explorado buscando TLDs, aún no contenía TLDs. Activar historial de depuración para este historiador para una completa lista de los JARs que fueron explorados y de los que nos se halló TLDs. Saltarse JARs no necesarios durante la exploración puede dar lugar a una mejora de tiempo significativa en el arranque y compilación de JSP .
24-May-2026 16:24:36.639 INFORMACIÓN [main] org.apache.catalina.startup.HostConfig.deployDescriptor Deployment of deployment descriptor [G:\IntelliJ\eventosProyecto\conf\Catalina\localhost\eventosProyecto.xml] has finished in [908] ms
24-May-2026 16:24:36.642 INFORMACIÓN [main] org.apache.coyote.AbstractProtocol.start Starting ProtocolHandler ["http-nio-8080"]
24-May-2026 16:24:36.659 INFORMACIÓN [main] org.apache.catalina.startup.Catalina.start Server startup in [977] milliseconds
24-May-2026 16:25:53.428 INFORMACIÓN [Thread-1] org.apache.coyote.AbstractProtocol.pause Pausing ProtocolHandler ["http-nio-8080"]
24-May-2026 16:25:53.434 INFORMACIÓN [Thread-1] org.apache.catalina.core.StandardService.stopInternal Parando servicio [Catalina]
24-May-2026 16:25:53.437 ADVERTENCIA [Thread-1] org.apache.catalina.loader.WebappClassLoaderBase.clearReferencesJdbc La aplicación web [eventosProyecto] registró el conductor JDBC [com.mysql.cj.jdbc.Driver] pero falló al anular el registro mientras la aplicación web estaba parada. Para prevenir un fallo de memoria, se ha anulado el registro del conductor JDBC por la fuerza.
24-May-2026 16:25:53.437 ADVERTENCIA [Thread-1] org.apache.catalina.loader.WebappClassLoaderBase.clearReferencesThreads The web application [eventosProyecto] appears to have started a thread named [mysql-cj-abandoned-connection-cleanup] but has failed to stop it. This is very likely to create a memory leak. Stack trace of thread:
 java.base/java.lang.Object.wait0(Native Method)
 java.base/java.lang.Object.wait(Object.java:389)
 java.base/java.lang.ref.ReferenceQueue.remove0(ReferenceQueue.java:123)
 java.base/java.lang.ref.ReferenceQueue.remove(ReferenceQueue.java:201)
 com.mysql.cj.jdbc.AbandonedConnectionCleanupThread.run(AbandonedConnectionCleanupThread.java:91)
 java.base/java.util.concurrent.ThreadPoolExecutor.runWorker(ThreadPoolExecutor.java:1090)
 java.base/java.util.concurrent.ThreadPoolExecutor$Worker.run(ThreadPoolExecutor.java:614)
 java.base/java.lang.Thread.run(Thread.java:1474)
24-May-2026 16:25:53.440 INFORMACIÓN [Thread-1] org.apache.coyote.AbstractProtocol.stop Stopping ProtocolHandler ["http-nio-8080"]
24-May-2026 16:25:53.443 INFORMACIÓN [Thread-1] org.apache.coyote.AbstractProtocol.destroy Destroying ProtocolHandler ["http-nio-8080"]
24-May-2026 16:25:54.777 INFORMACIÓN [main] org.apache.catalina.startup.VersionLoggerListener.log Nombre de la versión del servidor: Apache Tomcat/9.0.117
24-May-2026 16:25:54.780 INFORMACIÓN [main] org.apache.catalina.startup.VersionLoggerListener.log Server built:                      Mar 30 2026 18:21:16 UTC
24-May-2026 16:25:54.780 INFORMACIÓN [main] org.apache.catalina.startup.VersionLoggerListener.log Número de versión de servidor:     9.0.117.0
24-May-2026 16:25:54.780 INFORMACIÓN [main] org.apache.catalina.startup.VersionLoggerListener.log OS Name:                           Windows 11
24-May-2026 16:25:54.780 INFORMACIÓN [main] org.apache.catalina.startup.VersionLoggerListener.log Versión de Systema Operativo:      10.0
24-May-2026 16:25:54.780 INFORMACIÓN [main] org.apache.catalina.startup.VersionLoggerListener.log Arquitectura:                      amd64
24-May-2026 16:25:54.780 INFORMACIÓN [main] org.apache.catalina.startup.VersionLoggerListener.log Java Home:                         C:\Users\cetme\.jdks\ms-25.0.3
24-May-2026 16:25:54.780 INFORMACIÓN [main] org.apache.catalina.startup.VersionLoggerListener.log JVM Version:                       25.0.3+9-LTS
24-May-2026 16:25:54.781 INFORMACIÓN [main] org.apache.catalina.startup.VersionLoggerListener.log Vededor JVM:                       Microsoft
24-May-2026 16:25:54.781 INFORMACIÓN [main] org.apache.catalina.startup.VersionLoggerListener.log CATALINA_BASE:                     G:\IntelliJ\eventosProyecto
24-May-2026 16:25:54.781 INFORMACIÓN [main] org.apache.catalina.startup.VersionLoggerListener.log CATALINA_HOME:                     G:\IntelliJ\Tomcat\apache-tomcat-9.0.117-20260522T151456Z-3-001\apache-tomcat-9.0.117
24-May-2026 16:25:54.791 INFORMACIÓN [main] org.apache.catalina.startup.VersionLoggerListener.log Command line argument:             --add-opens=java.base/java.lang=ALL-UNNAMED
24-May-2026 16:25:54.791 INFORMACIÓN [main] org.apache.catalina.startup.VersionLoggerListener.log Command line argument:             --add-opens=java.base/java.io=ALL-UNNAMED
24-May-2026 16:25:54.791 INFORMACIÓN [main] org.apache.catalina.startup.VersionLoggerListener.log Command line argument:             --add-opens=java.base/java.util=ALL-UNNAMED
24-May-2026 16:25:54.792 INFORMACIÓN [main] org.apache.catalina.startup.VersionLoggerListener.log Command line argument:             --add-opens=java.base/java.util.concurrent=ALL-UNNAMED
24-May-2026 16:25:54.792 INFORMACIÓN [main] org.apache.catalina.startup.VersionLoggerListener.log Command line argument:             --add-opens=java.rmi/sun.rmi.transport=ALL-UNNAMED
24-May-2026 16:25:54.792 INFORMACIÓN [main] org.apache.catalina.startup.VersionLoggerListener.log Command line argument:             -Dcatalina.home=G:\IntelliJ\Tomcat\apache-tomcat-9.0.117-20260522T151456Z-3-001\apache-tomcat-9.0.117
24-May-2026 16:25:54.792 INFORMACIÓN [main] org.apache.catalina.startup.VersionLoggerListener.log Command line argument:             -Dcatalina.base=G:\IntelliJ\eventosProyecto
24-May-2026 16:25:54.792 INFORMACIÓN [main] org.apache.catalina.startup.VersionLoggerListener.log Command line argument:             -Djava.io.tmpdir=G:\IntelliJ\eventosProyecto\temp
24-May-2026 16:25:54.792 INFORMACIÓN [main] org.apache.catalina.startup.VersionLoggerListener.log Command line argument:             -Djava.util.logging.config.file=G:\IntelliJ\eventosProyecto\conf\logging.properties
24-May-2026 16:25:54.792 INFORMACIÓN [main] org.apache.catalina.startup.VersionLoggerListener.log Command line argument:             -Djava.util.logging.manager=org.apache.juli.ClassLoaderLogManager
24-May-2026 16:25:54.792 INFORMACIÓN [main] org.apache.catalina.startup.VersionLoggerListener.log Command line argument:             -javaagent:G:\IntelliJ\IntelliJ IDEA 2026.1.2\lib\idea_rt.jar=64621
24-May-2026 16:25:54.792 INFORMACIÓN [main] org.apache.catalina.startup.VersionLoggerListener.log Command line argument:             -Dfile.encoding=UTF-8
24-May-2026 16:25:54.792 INFORMACIÓN [main] org.apache.catalina.startup.VersionLoggerListener.log Command line argument:             -Dsun.stdout.encoding=UTF-8
24-May-2026 16:25:54.792 INFORMACIÓN [main] org.apache.catalina.startup.VersionLoggerListener.log Command line argument:             -Dsun.stderr.encoding=UTF-8
24-May-2026 16:25:54.798 INFORMACIÓN [main] org.apache.catalina.core.AprLifecycleListener.lifecycleEvent Cargada la biblioteca nativa APR de Apache Tomcat [1.3.7] con la versión APR [1.7.6].
24-May-2026 16:25:54.799 INFORMACIÓN [main] org.apache.catalina.core.AprLifecycleListener.lifecycleEvent Capacidades APR: IPv6 [true], enviar fichero [true], aceptar filtros [false], aleatorio [true], UDS [true].
24-May-2026 16:25:54.799 INFORMACIÓN [main] org.apache.catalina.core.AprLifecycleListener.lifecycleEvent APR/OpenSSL configuration: useAprConnector [false], useOpenSSL [true]
24-May-2026 16:25:54.806 INFORMACIÓN [main] org.apache.catalina.core.AprLifecycleListener.initializeSSL OpenSSL inicializado correctamente [OpenSSL 3.0.19 27 Jan 2026]
24-May-2026 16:25:55.015 INFORMACIÓN [main] org.apache.coyote.AbstractProtocol.init Inicializando el manejador de protocolo ["http-nio-8080"]

24-May-2026 16:25:55.028 INFORMACIÓN [main] org.apache.catalina.startup.Catalina.load Server initialization in [407] milliseconds
24-May-2026 16:25:55.056 INFORMACIÓN [main] org.apache.catalina.core.StandardService.startInternal Arrancando servicio [Catalina]
24-May-2026 16:25:55.058 INFORMACIÓN [main] org.apache.catalina.core.StandardEngine.startInternal Starting Servlet engine: [Apache Tomcat/9.0.117]
24-May-2026 16:25:55.071 INFORMACIÓN [main] org.apache.catalina.startup.HostConfig.deployDescriptor Desplieque del descriptor de configuración [G:\IntelliJ\eventosProyecto\conf\Catalina\localhost\eventosProyecto.xml]
24-May-2026 16:25:55.896 INFORMACIÓN [main] org.apache.jasper.servlet.TldScanner.scanJars Al menos un JAR, que se ha explorado buscando TLDs, aún no contenía TLDs. Activar historial de depuración para este historiador para una completa lista de los JARs que fueron explorados y de los que nos se halló TLDs. Saltarse JARs no necesarios durante la exploración puede dar lugar a una mejora de tiempo significativa en el arranque y compilación de JSP .
24-May-2026 16:25:55.981 INFORMACIÓN [main] org.apache.catalina.startup.HostConfig.deployDescriptor Deployment of deployment descriptor [G:\IntelliJ\eventosProyecto\conf\Catalina\localhost\eventosProyecto.xml] has finished in [906] ms
24-May-2026 16:25:55.983 INFORMACIÓN [main] org.apache.coyote.AbstractProtocol.start Starting ProtocolHandler ["http-nio-8080"]
24-May-2026 16:25:56.001 INFORMACIÓN [main] org.apache.catalina.startup.Catalina.start Server startup in [972] milliseconds
24-May-2026 16:30:04.119 INFORMACIÓN [Thread-1] org.apache.coyote.AbstractProtocol.pause Pausing ProtocolHandler ["http-nio-8080"]
24-May-2026 16:30:04.123 INFORMACIÓN [Thread-1] org.apache.catalina.core.StandardService.stopInternal Parando servicio [Catalina]
24-May-2026 16:30:04.126 ADVERTENCIA [Thread-1] org.apache.catalina.loader.WebappClassLoaderBase.clearReferencesJdbc La aplicación web [eventosProyecto] registró el conductor JDBC [com.mysql.cj.jdbc.Driver] pero falló al anular el registro mientras la aplicación web estaba parada. Para prevenir un fallo de memoria, se ha anulado el registro del conductor JDBC por la fuerza.
24-May-2026 16:30:04.126 ADVERTENCIA [Thread-1] org.apache.catalina.loader.WebappClassLoaderBase.clearReferencesThreads The web application [eventosProyecto] appears to have started a thread named [mysql-cj-abandoned-connection-cleanup] but has failed to stop it. This is very likely to create a memory leak. Stack trace of thread:
 java.base/java.lang.Object.wait0(Native Method)
 java.base/java.lang.Object.wait(Object.java:389)
 java.base/java.lang.ref.ReferenceQueue.remove0(ReferenceQueue.java:123)
 java.base/java.lang.ref.ReferenceQueue.remove(ReferenceQueue.java:201)
 com.mysql.cj.jdbc.AbandonedConnectionCleanupThread.run(AbandonedConnectionCleanupThread.java:91)
 java.base/java.util.concurrent.ThreadPoolExecutor.runWorker(ThreadPoolExecutor.java:1090)
 java.base/java.util.concurrent.ThreadPoolExecutor$Worker.run(ThreadPoolExecutor.java:614)
 java.base/java.lang.Thread.run(Thread.java:1474)
24-May-2026 16:30:04.129 INFORMACIÓN [Thread-1] org.apache.coyote.AbstractProtocol.stop Stopping ProtocolHandler ["http-nio-8080"]
24-May-2026 16:30:04.131 INFORMACIÓN [Thread-1] org.apache.coyote.AbstractProtocol.destroy Destroying ProtocolHandler ["http-nio-8080"]
24-May-2026 16:30:05.354 INFORMACIÓN [main] org.apache.catalina.startup.VersionLoggerListener.log Nombre de la versión del servidor: Apache Tomcat/9.0.117
24-May-2026 16:30:05.356 INFORMACIÓN [main] org.apache.catalina.startup.VersionLoggerListener.log Server built:                      Mar 30 2026 18:21:16 UTC
24-May-2026 16:30:05.358 INFORMACIÓN [main] org.apache.catalina.startup.VersionLoggerListener.log Número de versión de servidor:     9.0.117.0
24-May-2026 16:30:05.358 INFORMACIÓN [main] org.apache.catalina.startup.VersionLoggerListener.log OS Name:                           Windows 11
24-May-2026 16:30:05.358 INFORMACIÓN [main] org.apache.catalina.startup.VersionLoggerListener.log Versión de Systema Operativo:      10.0
24-May-2026 16:30:05.358 INFORMACIÓN [main] org.apache.catalina.startup.VersionLoggerListener.log Arquitectura:                      amd64
24-May-2026 16:30:05.358 INFORMACIÓN [main] org.apache.catalina.startup.VersionLoggerListener.log Java Home:                         C:\Users\cetme\.jdks\ms-25.0.3
24-May-2026 16:30:05.358 INFORMACIÓN [main] org.apache.catalina.startup.VersionLoggerListener.log JVM Version:                       25.0.3+9-LTS
24-May-2026 16:30:05.358 INFORMACIÓN [main] org.apache.catalina.startup.VersionLoggerListener.log Vededor JVM:                       Microsoft
24-May-2026 16:30:05.358 INFORMACIÓN [main] org.apache.catalina.startup.VersionLoggerListener.log CATALINA_BASE:                     G:\IntelliJ\eventosProyecto
24-May-2026 16:30:05.359 INFORMACIÓN [main] org.apache.catalina.startup.VersionLoggerListener.log CATALINA_HOME:                     G:\IntelliJ\Tomcat\apache-tomcat-9.0.117-20260522T151456Z-3-001\apache-tomcat-9.0.117
24-May-2026 16:30:05.370 INFORMACIÓN [main] org.apache.catalina.startup.VersionLoggerListener.log Command line argument:             --add-opens=java.base/java.lang=ALL-UNNAMED
24-May-2026 16:30:05.370 INFORMACIÓN [main] org.apache.catalina.startup.VersionLoggerListener.log Command line argument:             --add-opens=java.base/java.io=ALL-UNNAMED
24-May-2026 16:30:05.370 INFORMACIÓN [main] org.apache.catalina.startup.VersionLoggerListener.log Command line argument:             --add-opens=java.base/java.util=ALL-UNNAMED
24-May-2026 16:30:05.370 INFORMACIÓN [main] org.apache.catalina.startup.VersionLoggerListener.log Command line argument:             --add-opens=java.base/java.util.concurrent=ALL-UNNAMED
24-May-2026 16:30:05.370 INFORMACIÓN [main] org.apache.catalina.startup.VersionLoggerListener.log Command line argument:             --add-opens=java.rmi/sun.rmi.transport=ALL-UNNAMED
24-May-2026 16:30:05.371 INFORMACIÓN [main] org.apache.catalina.startup.VersionLoggerListener.log Command line argument:             -Dcatalina.home=G:\IntelliJ\Tomcat\apache-tomcat-9.0.117-20260522T151456Z-3-001\apache-tomcat-9.0.117
24-May-2026 16:30:05.371 INFORMACIÓN [main] org.apache.catalina.startup.VersionLoggerListener.log Command line argument:             -Dcatalina.base=G:\IntelliJ\eventosProyecto
24-May-2026 16:30:05.371 INFORMACIÓN [main] org.apache.catalina.startup.VersionLoggerListener.log Command line argument:             -Djava.io.tmpdir=G:\IntelliJ\eventosProyecto\temp
24-May-2026 16:30:05.371 INFORMACIÓN [main] org.apache.catalina.startup.VersionLoggerListener.log Command line argument:             -Djava.util.logging.config.file=G:\IntelliJ\eventosProyecto\conf\logging.properties
24-May-2026 16:30:05.371 INFORMACIÓN [main] org.apache.catalina.startup.VersionLoggerListener.log Command line argument:             -Djava.util.logging.manager=org.apache.juli.ClassLoaderLogManager
24-May-2026 16:30:05.371 INFORMACIÓN [main] org.apache.catalina.startup.VersionLoggerListener.log Command line argument:             -javaagent:G:\IntelliJ\IntelliJ IDEA 2026.1.2\lib\idea_rt.jar=55488
24-May-2026 16:30:05.371 INFORMACIÓN [main] org.apache.catalina.startup.VersionLoggerListener.log Command line argument:             -Dfile.encoding=UTF-8
24-May-2026 16:30:05.371 INFORMACIÓN [main] org.apache.catalina.startup.VersionLoggerListener.log Command line argument:             -Dsun.stdout.encoding=UTF-8
24-May-2026 16:30:05.371 INFORMACIÓN [main] org.apache.catalina.startup.VersionLoggerListener.log Command line argument:             -Dsun.stderr.encoding=UTF-8
24-May-2026 16:30:05.377 INFORMACIÓN [main] org.apache.catalina.core.AprLifecycleListener.lifecycleEvent Cargada la biblioteca nativa APR de Apache Tomcat [1.3.7] con la versión APR [1.7.6].
24-May-2026 16:30:05.377 INFORMACIÓN [main] org.apache.catalina.core.AprLifecycleListener.lifecycleEvent Capacidades APR: IPv6 [true], enviar fichero [true], aceptar filtros [false], aleatorio [true], UDS [true].
24-May-2026 16:30:05.377 INFORMACIÓN [main] org.apache.catalina.core.AprLifecycleListener.lifecycleEvent APR/OpenSSL configuration: useAprConnector [false], useOpenSSL [true]
24-May-2026 16:30:05.384 INFORMACIÓN [main] org.apache.catalina.core.AprLifecycleListener.initializeSSL OpenSSL inicializado correctamente [OpenSSL 3.0.19 27 Jan 2026]
24-May-2026 16:30:05.605 INFORMACIÓN [main] org.apache.coyote.AbstractProtocol.init Inicializando el manejador de protocolo ["http-nio-8080"]

24-May-2026 16:30:05.621 INFORMACIÓN [main] org.apache.catalina.startup.Catalina.load Server initialization in [425] milliseconds
24-May-2026 16:30:05.651 INFORMACIÓN [main] org.apache.catalina.core.StandardService.startInternal Arrancando servicio [Catalina]
24-May-2026 16:30:05.651 INFORMACIÓN [main] org.apache.catalina.core.StandardEngine.startInternal Starting Servlet engine: [Apache Tomcat/9.0.117]
24-May-2026 16:30:05.660 INFORMACIÓN [main] org.apache.catalina.startup.HostConfig.deployDescriptor Desplieque del descriptor de configuración [G:\IntelliJ\eventosProyecto\conf\Catalina\localhost\eventosProyecto.xml]
24-May-2026 16:30:06.474 INFORMACIÓN [main] org.apache.jasper.servlet.TldScanner.scanJars Al menos un JAR, que se ha explorado buscando TLDs, aún no contenía TLDs. Activar historial de depuración para este historiador para una completa lista de los JARs que fueron explorados y de los que nos se halló TLDs. Saltarse JARs no necesarios durante la exploración puede dar lugar a una mejora de tiempo significativa en el arranque y compilación de JSP .
24-May-2026 16:30:06.559 INFORMACIÓN [main] org.apache.catalina.startup.HostConfig.deployDescriptor Deployment of deployment descriptor [G:\IntelliJ\eventosProyecto\conf\Catalina\localhost\eventosProyecto.xml] has finished in [896] ms
24-May-2026 16:30:06.561 INFORMACIÓN [main] org.apache.coyote.AbstractProtocol.start Starting ProtocolHandler ["http-nio-8080"]
24-May-2026 16:30:06.579 INFORMACIÓN [main] org.apache.catalina.startup.Catalina.start Server startup in [956] milliseconds
24-May-2026 16:33:46.427 INFORMACIÓN [Thread-1] org.apache.coyote.AbstractProtocol.pause Pausing ProtocolHandler ["http-nio-8080"]
24-May-2026 16:33:46.431 INFORMACIÓN [Thread-1] org.apache.catalina.core.StandardService.stopInternal Parando servicio [Catalina]
24-May-2026 16:33:46.434 ADVERTENCIA [Thread-1] org.apache.catalina.loader.WebappClassLoaderBase.clearReferencesJdbc La aplicación web [eventosProyecto] registró el conductor JDBC [com.mysql.cj.jdbc.Driver] pero falló al anular el registro mientras la aplicación web estaba parada. Para prevenir un fallo de memoria, se ha anulado el registro del conductor JDBC por la fuerza.
24-May-2026 16:33:46.435 ADVERTENCIA [Thread-1] org.apache.catalina.loader.WebappClassLoaderBase.clearReferencesThreads The web application [eventosProyecto] appears to have started a thread named [mysql-cj-abandoned-connection-cleanup] but has failed to stop it. This is very likely to create a memory leak. Stack trace of thread:
 java.base/java.lang.Object.wait0(Native Method)
 java.base/java.lang.Object.wait(Object.java:389)
 java.base/java.lang.ref.ReferenceQueue.remove0(ReferenceQueue.java:123)
 java.base/java.lang.ref.ReferenceQueue.remove(ReferenceQueue.java:201)
 com.mysql.cj.jdbc.AbandonedConnectionCleanupThread.run(AbandonedConnectionCleanupThread.java:91)
 java.base/java.util.concurrent.ThreadPoolExecutor.runWorker(ThreadPoolExecutor.java:1090)
 java.base/java.util.concurrent.ThreadPoolExecutor$Worker.run(ThreadPoolExecutor.java:614)
 java.base/java.lang.Thread.run(Thread.java:1474)
24-May-2026 16:33:46.437 INFORMACIÓN [Thread-1] org.apache.coyote.AbstractProtocol.stop Stopping ProtocolHandler ["http-nio-8080"]
24-May-2026 16:33:46.438 INFORMACIÓN [Thread-1] org.apache.coyote.AbstractProtocol.destroy Destroying ProtocolHandler ["http-nio-8080"]
24-May-2026 16:33:48.202 INFORMACIÓN [main] org.apache.catalina.startup.VersionLoggerListener.log Nombre de la versión del servidor: Apache Tomcat/9.0.117
24-May-2026 16:33:48.204 INFORMACIÓN [main] org.apache.catalina.startup.VersionLoggerListener.log Server built:                      Mar 30 2026 18:21:16 UTC
24-May-2026 16:33:48.204 INFORMACIÓN [main] org.apache.catalina.startup.VersionLoggerListener.log Número de versión de servidor:     9.0.117.0
24-May-2026 16:33:48.204 INFORMACIÓN [main] org.apache.catalina.startup.VersionLoggerListener.log OS Name:                           Windows 11
24-May-2026 16:33:48.204 INFORMACIÓN [main] org.apache.catalina.startup.VersionLoggerListener.log Versión de Systema Operativo:      10.0
24-May-2026 16:33:48.204 INFORMACIÓN [main] org.apache.catalina.startup.VersionLoggerListener.log Arquitectura:                      amd64
24-May-2026 16:33:48.205 INFORMACIÓN [main] org.apache.catalina.startup.VersionLoggerListener.log Java Home:                         C:\Users\cetme\.jdks\ms-25.0.3
24-May-2026 16:33:48.205 INFORMACIÓN [main] org.apache.catalina.startup.VersionLoggerListener.log JVM Version:                       25.0.3+9-LTS
24-May-2026 16:33:48.205 INFORMACIÓN [main] org.apache.catalina.startup.VersionLoggerListener.log Vededor JVM:                       Microsoft
24-May-2026 16:33:48.205 INFORMACIÓN [main] org.apache.catalina.startup.VersionLoggerListener.log CATALINA_BASE:                     G:\IntelliJ\eventosProyecto
24-May-2026 16:33:48.205 INFORMACIÓN [main] org.apache.catalina.startup.VersionLoggerListener.log CATALINA_HOME:                     G:\IntelliJ\Tomcat\apache-tomcat-9.0.117-20260522T151456Z-3-001\apache-tomcat-9.0.117
24-May-2026 16:33:48.215 INFORMACIÓN [main] org.apache.catalina.startup.VersionLoggerListener.log Command line argument:             --add-opens=java.base/java.lang=ALL-UNNAMED
24-May-2026 16:33:48.215 INFORMACIÓN [main] org.apache.catalina.startup.VersionLoggerListener.log Command line argument:             --add-opens=java.base/java.io=ALL-UNNAMED
24-May-2026 16:33:48.215 INFORMACIÓN [main] org.apache.catalina.startup.VersionLoggerListener.log Command line argument:             --add-opens=java.base/java.util=ALL-UNNAMED
24-May-2026 16:33:48.215 INFORMACIÓN [main] org.apache.catalina.startup.VersionLoggerListener.log Command line argument:             --add-opens=java.base/java.util.concurrent=ALL-UNNAMED
24-May-2026 16:33:48.215 INFORMACIÓN [main] org.apache.catalina.startup.VersionLoggerListener.log Command line argument:             --add-opens=java.rmi/sun.rmi.transport=ALL-UNNAMED
24-May-2026 16:33:48.215 INFORMACIÓN [main] org.apache.catalina.startup.VersionLoggerListener.log Command line argument:             -Dcatalina.home=G:\IntelliJ\Tomcat\apache-tomcat-9.0.117-20260522T151456Z-3-001\apache-tomcat-9.0.117
24-May-2026 16:33:48.215 INFORMACIÓN [main] org.apache.catalina.startup.VersionLoggerListener.log Command line argument:             -Dcatalina.base=G:\IntelliJ\eventosProyecto
24-May-2026 16:33:48.215 INFORMACIÓN [main] org.apache.catalina.startup.VersionLoggerListener.log Command line argument:             -Djava.io.tmpdir=G:\IntelliJ\eventosProyecto\temp
24-May-2026 16:33:48.215 INFORMACIÓN [main] org.apache.catalina.startup.VersionLoggerListener.log Command line argument:             -Djava.util.logging.config.file=G:\IntelliJ\eventosProyecto\conf\logging.properties
24-May-2026 16:33:48.215 INFORMACIÓN [main] org.apache.catalina.startup.VersionLoggerListener.log Command line argument:             -Djava.util.logging.manager=org.apache.juli.ClassLoaderLogManager
24-May-2026 16:33:48.215 INFORMACIÓN [main] org.apache.catalina.startup.VersionLoggerListener.log Command line argument:             -javaagent:G:\IntelliJ\IntelliJ IDEA 2026.1.2\lib\idea_rt.jar=60531
24-May-2026 16:33:48.215 INFORMACIÓN [main] org.apache.catalina.startup.VersionLoggerListener.log Command line argument:             -Dfile.encoding=UTF-8
24-May-2026 16:33:48.215 INFORMACIÓN [main] org.apache.catalina.startup.VersionLoggerListener.log Command line argument:             -Dsun.stdout.encoding=UTF-8
24-May-2026 16:33:48.216 INFORMACIÓN [main] org.apache.catalina.startup.VersionLoggerListener.log Command line argument:             -Dsun.stderr.encoding=UTF-8
24-May-2026 16:33:48.221 INFORMACIÓN [main] org.apache.catalina.core.AprLifecycleListener.lifecycleEvent Cargada la biblioteca nativa APR de Apache Tomcat [1.3.7] con la versión APR [1.7.6].
24-May-2026 16:33:48.221 INFORMACIÓN [main] org.apache.catalina.core.AprLifecycleListener.lifecycleEvent Capacidades APR: IPv6 [true], enviar fichero [true], aceptar filtros [false], aleatorio [true], UDS [true].
24-May-2026 16:33:48.221 INFORMACIÓN [main] org.apache.catalina.core.AprLifecycleListener.lifecycleEvent APR/OpenSSL configuration: useAprConnector [false], useOpenSSL [true]
24-May-2026 16:33:48.228 INFORMACIÓN [main] org.apache.catalina.core.AprLifecycleListener.initializeSSL OpenSSL inicializado correctamente [OpenSSL 3.0.19 27 Jan 2026]
24-May-2026 16:33:48.442 INFORMACIÓN [main] org.apache.coyote.AbstractProtocol.init Inicializando el manejador de protocolo ["http-nio-8080"]

24-May-2026 16:33:48.454 INFORMACIÓN [main] org.apache.catalina.startup.Catalina.load Server initialization in [382] milliseconds
24-May-2026 16:33:48.486 INFORMACIÓN [main] org.apache.catalina.core.StandardService.startInternal Arrancando servicio [Catalina]
24-May-2026 16:33:48.486 INFORMACIÓN [main] org.apache.catalina.core.StandardEngine.startInternal Starting Servlet engine: [Apache Tomcat/9.0.117]
24-May-2026 16:33:48.509 INFORMACIÓN [main] org.apache.catalina.startup.HostConfig.deployDescriptor Desplieque del descriptor de configuración [G:\IntelliJ\eventosProyecto\conf\Catalina\localhost\eventosProyecto.xml]
24-May-2026 16:33:49.325 INFORMACIÓN [main] org.apache.jasper.servlet.TldScanner.scanJars Al menos un JAR, que se ha explorado buscando TLDs, aún no contenía TLDs. Activar historial de depuración para este historiador para una completa lista de los JARs que fueron explorados y de los que nos se halló TLDs. Saltarse JARs no necesarios durante la exploración puede dar lugar a una mejora de tiempo significativa en el arranque y compilación de JSP .
24-May-2026 16:33:49.411 INFORMACIÓN [main] org.apache.catalina.startup.HostConfig.deployDescriptor Deployment of deployment descriptor [G:\IntelliJ\eventosProyecto\conf\Catalina\localhost\eventosProyecto.xml] has finished in [897] ms
24-May-2026 16:33:49.413 INFORMACIÓN [main] org.apache.coyote.AbstractProtocol.start Starting ProtocolHandler ["http-nio-8080"]
24-May-2026 16:33:49.430 INFORMACIÓN [main] org.apache.catalina.startup.Catalina.start Server startup in [974] milliseconds
24-May-2026 16:35:05.838 INFORMACIÓN [Thread-1] org.apache.coyote.AbstractProtocol.pause Pausing ProtocolHandler ["http-nio-8080"]
24-May-2026 16:35:05.843 INFORMACIÓN [Thread-1] org.apache.catalina.core.StandardService.stopInternal Parando servicio [Catalina]
24-May-2026 16:35:05.846 ADVERTENCIA [Thread-1] org.apache.catalina.loader.WebappClassLoaderBase.clearReferencesJdbc La aplicación web [eventosProyecto] registró el conductor JDBC [com.mysql.cj.jdbc.Driver] pero falló al anular el registro mientras la aplicación web estaba parada. Para prevenir un fallo de memoria, se ha anulado el registro del conductor JDBC por la fuerza.
24-May-2026 16:35:05.846 ADVERTENCIA [Thread-1] org.apache.catalina.loader.WebappClassLoaderBase.clearReferencesThreads The web application [eventosProyecto] appears to have started a thread named [mysql-cj-abandoned-connection-cleanup] but has failed to stop it. This is very likely to create a memory leak. Stack trace of thread:
 java.base/java.lang.Object.wait0(Native Method)
 java.base/java.lang.Object.wait(Object.java:389)
 java.base/java.lang.ref.ReferenceQueue.remove0(ReferenceQueue.java:123)
 java.base/java.lang.ref.ReferenceQueue.remove(ReferenceQueue.java:201)
 com.mysql.cj.jdbc.AbandonedConnectionCleanupThread.run(AbandonedConnectionCleanupThread.java:91)
 java.base/java.util.concurrent.ThreadPoolExecutor.runWorker(ThreadPoolExecutor.java:1090)
 java.base/java.util.concurrent.ThreadPoolExecutor$Worker.run(ThreadPoolExecutor.java:614)
 java.base/java.lang.Thread.run(Thread.java:1474)
24-May-2026 16:35:05.848 INFORMACIÓN [Thread-1] org.apache.coyote.AbstractProtocol.stop Stopping ProtocolHandler ["http-nio-8080"]
24-May-2026 16:35:05.850 INFORMACIÓN [Thread-1] org.apache.coyote.AbstractProtocol.destroy Destroying ProtocolHandler ["http-nio-8080"]
24-May-2026 16:35:07.719 INFORMACIÓN [main] org.apache.catalina.startup.VersionLoggerListener.log Nombre de la versión del servidor: Apache Tomcat/9.0.117
24-May-2026 16:35:07.721 INFORMACIÓN [main] org.apache.catalina.startup.VersionLoggerListener.log Server built:                      Mar 30 2026 18:21:16 UTC
24-May-2026 16:35:07.721 INFORMACIÓN [main] org.apache.catalina.startup.VersionLoggerListener.log Número de versión de servidor:     9.0.117.0
24-May-2026 16:35:07.721 INFORMACIÓN [main] org.apache.catalina.startup.VersionLoggerListener.log OS Name:                           Windows 11
24-May-2026 16:35:07.721 INFORMACIÓN [main] org.apache.catalina.startup.VersionLoggerListener.log Versión de Systema Operativo:      10.0
24-May-2026 16:35:07.722 INFORMACIÓN [main] org.apache.catalina.startup.VersionLoggerListener.log Arquitectura:                      amd64
24-May-2026 16:35:07.722 INFORMACIÓN [main] org.apache.catalina.startup.VersionLoggerListener.log Java Home:                         C:\Users\cetme\.jdks\ms-25.0.3
24-May-2026 16:35:07.722 INFORMACIÓN [main] org.apache.catalina.startup.VersionLoggerListener.log JVM Version:                       25.0.3+9-LTS
24-May-2026 16:35:07.722 INFORMACIÓN [main] org.apache.catalina.startup.VersionLoggerListener.log Vededor JVM:                       Microsoft
24-May-2026 16:35:07.722 INFORMACIÓN [main] org.apache.catalina.startup.VersionLoggerListener.log CATALINA_BASE:                     G:\IntelliJ\eventosProyecto
24-May-2026 16:35:07.722 INFORMACIÓN [main] org.apache.catalina.startup.VersionLoggerListener.log CATALINA_HOME:                     G:\IntelliJ\Tomcat\apache-tomcat-9.0.117-20260522T151456Z-3-001\apache-tomcat-9.0.117
24-May-2026 16:35:07.732 INFORMACIÓN [main] org.apache.catalina.startup.VersionLoggerListener.log Command line argument:             --add-opens=java.base/java.lang=ALL-UNNAMED
24-May-2026 16:35:07.732 INFORMACIÓN [main] org.apache.catalina.startup.VersionLoggerListener.log Command line argument:             --add-opens=java.base/java.io=ALL-UNNAMED
24-May-2026 16:35:07.732 INFORMACIÓN [main] org.apache.catalina.startup.VersionLoggerListener.log Command line argument:             --add-opens=java.base/java.util=ALL-UNNAMED
24-May-2026 16:35:07.732 INFORMACIÓN [main] org.apache.catalina.startup.VersionLoggerListener.log Command line argument:             --add-opens=java.base/java.util.concurrent=ALL-UNNAMED
24-May-2026 16:35:07.732 INFORMACIÓN [main] org.apache.catalina.startup.VersionLoggerListener.log Command line argument:             --add-opens=java.rmi/sun.rmi.transport=ALL-UNNAMED
24-May-2026 16:35:07.733 INFORMACIÓN [main] org.apache.catalina.startup.VersionLoggerListener.log Command line argument:             -Dcatalina.home=G:\IntelliJ\Tomcat\apache-tomcat-9.0.117-20260522T151456Z-3-001\apache-tomcat-9.0.117
24-May-2026 16:35:07.733 INFORMACIÓN [main] org.apache.catalina.startup.VersionLoggerListener.log Command line argument:             -Dcatalina.base=G:\IntelliJ\eventosProyecto
24-May-2026 16:35:07.733 INFORMACIÓN [main] org.apache.catalina.startup.VersionLoggerListener.log Command line argument:             -Djava.io.tmpdir=G:\IntelliJ\eventosProyecto\temp
24-May-2026 16:35:07.733 INFORMACIÓN [main] org.apache.catalina.startup.VersionLoggerListener.log Command line argument:             -Djava.util.logging.config.file=G:\IntelliJ\eventosProyecto\conf\logging.properties
24-May-2026 16:35:07.733 INFORMACIÓN [main] org.apache.catalina.startup.VersionLoggerListener.log Command line argument:             -Djava.util.logging.manager=org.apache.juli.ClassLoaderLogManager
24-May-2026 16:35:07.733 INFORMACIÓN [main] org.apache.catalina.startup.VersionLoggerListener.log Command line argument:             -javaagent:G:\IntelliJ\IntelliJ IDEA 2026.1.2\lib\idea_rt.jar=53236
24-May-2026 16:35:07.733 INFORMACIÓN [main] org.apache.catalina.startup.VersionLoggerListener.log Command line argument:             -Dfile.encoding=UTF-8
24-May-2026 16:35:07.733 INFORMACIÓN [main] org.apache.catalina.startup.VersionLoggerListener.log Command line argument:             -Dsun.stdout.encoding=UTF-8
24-May-2026 16:35:07.733 INFORMACIÓN [main] org.apache.catalina.startup.VersionLoggerListener.log Command line argument:             -Dsun.stderr.encoding=UTF-8
24-May-2026 16:35:07.738 INFORMACIÓN [main] org.apache.catalina.core.AprLifecycleListener.lifecycleEvent Cargada la biblioteca nativa APR de Apache Tomcat [1.3.7] con la versión APR [1.7.6].
24-May-2026 16:35:07.738 INFORMACIÓN [main] org.apache.catalina.core.AprLifecycleListener.lifecycleEvent Capacidades APR: IPv6 [true], enviar fichero [true], aceptar filtros [false], aleatorio [true], UDS [true].
24-May-2026 16:35:07.738 INFORMACIÓN [main] org.apache.catalina.core.AprLifecycleListener.lifecycleEvent APR/OpenSSL configuration: useAprConnector [false], useOpenSSL [true]
24-May-2026 16:35:07.745 INFORMACIÓN [main] org.apache.catalina.core.AprLifecycleListener.initializeSSL OpenSSL inicializado correctamente [OpenSSL 3.0.19 27 Jan 2026]
24-May-2026 16:35:07.953 INFORMACIÓN [main] org.apache.coyote.AbstractProtocol.init Inicializando el manejador de protocolo ["http-nio-8080"]

24-May-2026 16:35:07.965 INFORMACIÓN [main] org.apache.catalina.startup.Catalina.load Server initialization in [374] milliseconds
24-May-2026 16:35:07.996 INFORMACIÓN [main] org.apache.catalina.core.StandardService.startInternal Arrancando servicio [Catalina]
24-May-2026 16:35:07.996 INFORMACIÓN [main] org.apache.catalina.core.StandardEngine.startInternal Starting Servlet engine: [Apache Tomcat/9.0.117]
24-May-2026 16:35:08.015 INFORMACIÓN [main] org.apache.catalina.startup.HostConfig.deployDescriptor Desplieque del descriptor de configuración [G:\IntelliJ\eventosProyecto\conf\Catalina\localhost\eventosProyecto.xml]
24-May-2026 16:35:08.865 INFORMACIÓN [main] org.apache.jasper.servlet.TldScanner.scanJars Al menos un JAR, que se ha explorado buscando TLDs, aún no contenía TLDs. Activar historial de depuración para este historiador para una completa lista de los JARs que fueron explorados y de los que nos se halló TLDs. Saltarse JARs no necesarios durante la exploración puede dar lugar a una mejora de tiempo significativa en el arranque y compilación de JSP .
24-May-2026 16:35:08.949 INFORMACIÓN [main] org.apache.catalina.startup.HostConfig.deployDescriptor Deployment of deployment descriptor [G:\IntelliJ\eventosProyecto\conf\Catalina\localhost\eventosProyecto.xml] has finished in [930] ms
24-May-2026 16:35:08.951 INFORMACIÓN [main] org.apache.coyote.AbstractProtocol.start Starting ProtocolHandler ["http-nio-8080"]
24-May-2026 16:35:08.968 INFORMACIÓN [main] org.apache.catalina.startup.Catalina.start Server startup in [1000] milliseconds
24-May-2026 16:37:46.451 INFORMACIÓN [Thread-1] org.apache.coyote.AbstractProtocol.pause Pausing ProtocolHandler ["http-nio-8080"]
24-May-2026 16:37:46.455 INFORMACIÓN [Thread-1] org.apache.catalina.core.StandardService.stopInternal Parando servicio [Catalina]
24-May-2026 16:37:46.458 ADVERTENCIA [Thread-1] org.apache.catalina.loader.WebappClassLoaderBase.clearReferencesJdbc La aplicación web [eventosProyecto] registró el conductor JDBC [com.mysql.cj.jdbc.Driver] pero falló al anular el registro mientras la aplicación web estaba parada. Para prevenir un fallo de memoria, se ha anulado el registro del conductor JDBC por la fuerza.
24-May-2026 16:37:46.458 ADVERTENCIA [Thread-1] org.apache.catalina.loader.WebappClassLoaderBase.clearReferencesThreads The web application [eventosProyecto] appears to have started a thread named [mysql-cj-abandoned-connection-cleanup] but has failed to stop it. This is very likely to create a memory leak. Stack trace of thread:
 java.base/java.lang.Object.wait0(Native Method)
 java.base/java.lang.Object.wait(Object.java:389)
 java.base/java.lang.ref.ReferenceQueue.remove0(ReferenceQueue.java:123)
 java.base/java.lang.ref.ReferenceQueue.remove(ReferenceQueue.java:201)
 com.mysql.cj.jdbc.AbandonedConnectionCleanupThread.run(AbandonedConnectionCleanupThread.java:91)
 java.base/java.util.concurrent.ThreadPoolExecutor.runWorker(ThreadPoolExecutor.java:1090)
 java.base/java.util.concurrent.ThreadPoolExecutor$Worker.run(ThreadPoolExecutor.java:614)
 java.base/java.lang.Thread.run(Thread.java:1474)
24-May-2026 16:37:46.460 INFORMACIÓN [Thread-1] org.apache.coyote.AbstractProtocol.stop Stopping ProtocolHandler ["http-nio-8080"]
24-May-2026 16:37:46.462 INFORMACIÓN [Thread-1] org.apache.coyote.AbstractProtocol.destroy Destroying ProtocolHandler ["http-nio-8080"]
24-May-2026 16:37:48.541 INFORMACIÓN [main] org.apache.catalina.startup.VersionLoggerListener.log Nombre de la versión del servidor: Apache Tomcat/9.0.117
24-May-2026 16:37:48.544 INFORMACIÓN [main] org.apache.catalina.startup.VersionLoggerListener.log Server built:                      Mar 30 2026 18:21:16 UTC
24-May-2026 16:37:48.544 INFORMACIÓN [main] org.apache.catalina.startup.VersionLoggerListener.log Número de versión de servidor:     9.0.117.0
24-May-2026 16:37:48.544 INFORMACIÓN [main] org.apache.catalina.startup.VersionLoggerListener.log OS Name:                           Windows 11
24-May-2026 16:37:48.544 INFORMACIÓN [main] org.apache.catalina.startup.VersionLoggerListener.log Versión de Systema Operativo:      10.0
24-May-2026 16:37:48.544 INFORMACIÓN [main] org.apache.catalina.startup.VersionLoggerListener.log Arquitectura:                      amd64
24-May-2026 16:37:48.544 INFORMACIÓN [main] org.apache.catalina.startup.VersionLoggerListener.log Java Home:                         C:\Users\cetme\.jdks\ms-25.0.3
24-May-2026 16:37:48.544 INFORMACIÓN [main] org.apache.catalina.startup.VersionLoggerListener.log JVM Version:                       25.0.3+9-LTS
24-May-2026 16:37:48.544 INFORMACIÓN [main] org.apache.catalina.startup.VersionLoggerListener.log Vededor JVM:                       Microsoft
24-May-2026 16:37:48.545 INFORMACIÓN [main] org.apache.catalina.startup.VersionLoggerListener.log CATALINA_BASE:                     G:\IntelliJ\eventosProyecto
24-May-2026 16:37:48.545 INFORMACIÓN [main] org.apache.catalina.startup.VersionLoggerListener.log CATALINA_HOME:                     G:\IntelliJ\Tomcat\apache-tomcat-9.0.117-20260522T151456Z-3-001\apache-tomcat-9.0.117
24-May-2026 16:37:48.557 INFORMACIÓN [main] org.apache.catalina.startup.VersionLoggerListener.log Command line argument:             --add-opens=java.base/java.lang=ALL-UNNAMED
24-May-2026 16:37:48.557 INFORMACIÓN [main] org.apache.catalina.startup.VersionLoggerListener.log Command line argument:             --add-opens=java.base/java.io=ALL-UNNAMED
24-May-2026 16:37:48.557 INFORMACIÓN [main] org.apache.catalina.startup.VersionLoggerListener.log Command line argument:             --add-opens=java.base/java.util=ALL-UNNAMED
24-May-2026 16:37:48.557 INFORMACIÓN [main] org.apache.catalina.startup.VersionLoggerListener.log Command line argument:             --add-opens=java.base/java.util.concurrent=ALL-UNNAMED
24-May-2026 16:37:48.557 INFORMACIÓN [main] org.apache.catalina.startup.VersionLoggerListener.log Command line argument:             --add-opens=java.rmi/sun.rmi.transport=ALL-UNNAMED
24-May-2026 16:37:48.557 INFORMACIÓN [main] org.apache.catalina.startup.VersionLoggerListener.log Command line argument:             -Dcatalina.home=G:\IntelliJ\Tomcat\apache-tomcat-9.0.117-20260522T151456Z-3-001\apache-tomcat-9.0.117
24-May-2026 16:37:48.557 INFORMACIÓN [main] org.apache.catalina.startup.VersionLoggerListener.log Command line argument:             -Dcatalina.base=G:\IntelliJ\eventosProyecto
24-May-2026 16:37:48.557 INFORMACIÓN [main] org.apache.catalina.startup.VersionLoggerListener.log Command line argument:             -Djava.io.tmpdir=G:\IntelliJ\eventosProyecto\temp
24-May-2026 16:37:48.557 INFORMACIÓN [main] org.apache.catalina.startup.VersionLoggerListener.log Command line argument:             -Djava.util.logging.config.file=G:\IntelliJ\eventosProyecto\conf\logging.properties
24-May-2026 16:37:48.557 INFORMACIÓN [main] org.apache.catalina.startup.VersionLoggerListener.log Command line argument:             -Djava.util.logging.manager=org.apache.juli.ClassLoaderLogManager
24-May-2026 16:37:48.557 INFORMACIÓN [main] org.apache.catalina.startup.VersionLoggerListener.log Command line argument:             -javaagent:G:\IntelliJ\IntelliJ IDEA 2026.1.2\lib\idea_rt.jar=62359
24-May-2026 16:37:48.557 INFORMACIÓN [main] org.apache.catalina.startup.VersionLoggerListener.log Command line argument:             -Dfile.encoding=UTF-8
24-May-2026 16:37:48.558 INFORMACIÓN [main] org.apache.catalina.startup.VersionLoggerListener.log Command line argument:             -Dsun.stdout.encoding=UTF-8
24-May-2026 16:37:48.558 INFORMACIÓN [main] org.apache.catalina.startup.VersionLoggerListener.log Command line argument:             -Dsun.stderr.encoding=UTF-8
24-May-2026 16:37:48.564 INFORMACIÓN [main] org.apache.catalina.core.AprLifecycleListener.lifecycleEvent Cargada la biblioteca nativa APR de Apache Tomcat [1.3.7] con la versión APR [1.7.6].
24-May-2026 16:37:48.564 INFORMACIÓN [main] org.apache.catalina.core.AprLifecycleListener.lifecycleEvent Capacidades APR: IPv6 [true], enviar fichero [true], aceptar filtros [false], aleatorio [true], UDS [true].
24-May-2026 16:37:48.564 INFORMACIÓN [main] org.apache.catalina.core.AprLifecycleListener.lifecycleEvent APR/OpenSSL configuration: useAprConnector [false], useOpenSSL [true]
24-May-2026 16:37:48.571 INFORMACIÓN [main] org.apache.catalina.core.AprLifecycleListener.initializeSSL OpenSSL inicializado correctamente [OpenSSL 3.0.19 27 Jan 2026]
24-May-2026 16:37:48.811 INFORMACIÓN [main] org.apache.coyote.AbstractProtocol.init Inicializando el manejador de protocolo ["http-nio-8080"]

24-May-2026 16:37:48.826 INFORMACIÓN [main] org.apache.catalina.startup.Catalina.load Server initialization in [439] milliseconds
24-May-2026 16:37:48.860 INFORMACIÓN [main] org.apache.catalina.core.StandardService.startInternal Arrancando servicio [Catalina]
24-May-2026 16:37:48.861 INFORMACIÓN [main] org.apache.catalina.core.StandardEngine.startInternal Starting Servlet engine: [Apache Tomcat/9.0.117]
24-May-2026 16:37:48.873 INFORMACIÓN [main] org.apache.catalina.startup.HostConfig.deployDescriptor Desplieque del descriptor de configuración [G:\IntelliJ\eventosProyecto\conf\Catalina\localhost\eventosProyecto.xml]
24-May-2026 16:37:49.729 INFORMACIÓN [main] org.apache.jasper.servlet.TldScanner.scanJars Al menos un JAR, que se ha explorado buscando TLDs, aún no contenía TLDs. Activar historial de depuración para este historiador para una completa lista de los JARs que fueron explorados y de los que nos se halló TLDs. Saltarse JARs no necesarios durante la exploración puede dar lugar a una mejora de tiempo significativa en el arranque y compilación de JSP .
24-May-2026 16:37:49.814 INFORMACIÓN [main] org.apache.catalina.startup.HostConfig.deployDescriptor Deployment of deployment descriptor [G:\IntelliJ\eventosProyecto\conf\Catalina\localhost\eventosProyecto.xml] has finished in [937] ms
24-May-2026 16:37:49.816 INFORMACIÓN [main] org.apache.coyote.AbstractProtocol.start Starting ProtocolHandler ["http-nio-8080"]
24-May-2026 16:37:49.834 INFORMACIÓN [main] org.apache.catalina.startup.Catalina.start Server startup in [1007] milliseconds
24-May-2026 16:38:36.484 INFORMACIÓN [Thread-1] org.apache.coyote.AbstractProtocol.pause Pausing ProtocolHandler ["http-nio-8080"]
24-May-2026 16:38:36.488 INFORMACIÓN [Thread-1] org.apache.catalina.core.StandardService.stopInternal Parando servicio [Catalina]
24-May-2026 16:38:36.491 ADVERTENCIA [Thread-1] org.apache.catalina.loader.WebappClassLoaderBase.clearReferencesJdbc La aplicación web [eventosProyecto] registró el conductor JDBC [com.mysql.cj.jdbc.Driver] pero falló al anular el registro mientras la aplicación web estaba parada. Para prevenir un fallo de memoria, se ha anulado el registro del conductor JDBC por la fuerza.
24-May-2026 16:38:36.491 ADVERTENCIA [Thread-1] org.apache.catalina.loader.WebappClassLoaderBase.clearReferencesThreads The web application [eventosProyecto] appears to have started a thread named [mysql-cj-abandoned-connection-cleanup] but has failed to stop it. This is very likely to create a memory leak. Stack trace of thread:
 java.base/java.lang.Object.wait0(Native Method)
 java.base/java.lang.Object.wait(Object.java:389)
 java.base/java.lang.ref.ReferenceQueue.remove0(ReferenceQueue.java:123)
 java.base/java.lang.ref.ReferenceQueue.remove(ReferenceQueue.java:201)
 com.mysql.cj.jdbc.AbandonedConnectionCleanupThread.run(AbandonedConnectionCleanupThread.java:91)
 java.base/java.util.concurrent.ThreadPoolExecutor.runWorker(ThreadPoolExecutor.java:1090)
 java.base/java.util.concurrent.ThreadPoolExecutor$Worker.run(ThreadPoolExecutor.java:614)
 java.base/java.lang.Thread.run(Thread.java:1474)
24-May-2026 16:38:36.493 INFORMACIÓN [Thread-1] org.apache.coyote.AbstractProtocol.stop Stopping ProtocolHandler ["http-nio-8080"]
24-May-2026 16:38:36.496 INFORMACIÓN [Thread-1] org.apache.coyote.AbstractProtocol.destroy Destroying ProtocolHandler ["http-nio-8080"]
24-May-2026 16:38:37.725 INFORMACIÓN [main] org.apache.catalina.startup.VersionLoggerListener.log Nombre de la versión del servidor: Apache Tomcat/9.0.117
24-May-2026 16:38:37.728 INFORMACIÓN [main] org.apache.catalina.startup.VersionLoggerListener.log Server built:                      Mar 30 2026 18:21:16 UTC
24-May-2026 16:38:37.728 INFORMACIÓN [main] org.apache.catalina.startup.VersionLoggerListener.log Número de versión de servidor:     9.0.117.0
24-May-2026 16:38:37.729 INFORMACIÓN [main] org.apache.catalina.startup.VersionLoggerListener.log OS Name:                           Windows 11
24-May-2026 16:38:37.729 INFORMACIÓN [main] org.apache.catalina.startup.VersionLoggerListener.log Versión de Systema Operativo:      10.0
24-May-2026 16:38:37.729 INFORMACIÓN [main] org.apache.catalina.startup.VersionLoggerListener.log Arquitectura:                      amd64
24-May-2026 16:38:37.729 INFORMACIÓN [main] org.apache.catalina.startup.VersionLoggerListener.log Java Home:                         C:\Users\cetme\.jdks\ms-25.0.3
24-May-2026 16:38:37.729 INFORMACIÓN [main] org.apache.catalina.startup.VersionLoggerListener.log JVM Version:                       25.0.3+9-LTS
24-May-2026 16:38:37.729 INFORMACIÓN [main] org.apache.catalina.startup.VersionLoggerListener.log Vededor JVM:                       Microsoft
24-May-2026 16:38:37.729 INFORMACIÓN [main] org.apache.catalina.startup.VersionLoggerListener.log CATALINA_BASE:                     G:\IntelliJ\eventosProyecto
24-May-2026 16:38:37.730 INFORMACIÓN [main] org.apache.catalina.startup.VersionLoggerListener.log CATALINA_HOME:                     G:\IntelliJ\Tomcat\apache-tomcat-9.0.117-20260522T151456Z-3-001\apache-tomcat-9.0.117
24-May-2026 16:38:37.742 INFORMACIÓN [main] org.apache.catalina.startup.VersionLoggerListener.log Command line argument:             --add-opens=java.base/java.lang=ALL-UNNAMED
24-May-2026 16:38:37.742 INFORMACIÓN [main] org.apache.catalina.startup.VersionLoggerListener.log Command line argument:             --add-opens=java.base/java.io=ALL-UNNAMED
24-May-2026 16:38:37.742 INFORMACIÓN [main] org.apache.catalina.startup.VersionLoggerListener.log Command line argument:             --add-opens=java.base/java.util=ALL-UNNAMED
24-May-2026 16:38:37.742 INFORMACIÓN [main] org.apache.catalina.startup.VersionLoggerListener.log Command line argument:             --add-opens=java.base/java.util.concurrent=ALL-UNNAMED
24-May-2026 16:38:37.742 INFORMACIÓN [main] org.apache.catalina.startup.VersionLoggerListener.log Command line argument:             --add-opens=java.rmi/sun.rmi.transport=ALL-UNNAMED
24-May-2026 16:38:37.742 INFORMACIÓN [main] org.apache.catalina.startup.VersionLoggerListener.log Command line argument:             -Dcatalina.home=G:\IntelliJ\Tomcat\apache-tomcat-9.0.117-20260522T151456Z-3-001\apache-tomcat-9.0.117
24-May-2026 16:38:37.742 INFORMACIÓN [main] org.apache.catalina.startup.VersionLoggerListener.log Command line argument:             -Dcatalina.base=G:\IntelliJ\eventosProyecto
24-May-2026 16:38:37.742 INFORMACIÓN [main] org.apache.catalina.startup.VersionLoggerListener.log Command line argument:             -Djava.io.tmpdir=G:\IntelliJ\eventosProyecto\temp
24-May-2026 16:38:37.743 INFORMACIÓN [main] org.apache.catalina.startup.VersionLoggerListener.log Command line argument:             -Djava.util.logging.config.file=G:\IntelliJ\eventosProyecto\conf\logging.properties
24-May-2026 16:38:37.743 INFORMACIÓN [main] org.apache.catalina.startup.VersionLoggerListener.log Command line argument:             -Djava.util.logging.manager=org.apache.juli.ClassLoaderLogManager
24-May-2026 16:38:37.743 INFORMACIÓN [main] org.apache.catalina.startup.VersionLoggerListener.log Command line argument:             -javaagent:G:\IntelliJ\IntelliJ IDEA 2026.1.2\lib\idea_rt.jar=56780
24-May-2026 16:38:37.743 INFORMACIÓN [main] org.apache.catalina.startup.VersionLoggerListener.log Command line argument:             -Dfile.encoding=UTF-8
24-May-2026 16:38:37.743 INFORMACIÓN [main] org.apache.catalina.startup.VersionLoggerListener.log Command line argument:             -Dsun.stdout.encoding=UTF-8
24-May-2026 16:38:37.743 INFORMACIÓN [main] org.apache.catalina.startup.VersionLoggerListener.log Command line argument:             -Dsun.stderr.encoding=UTF-8
24-May-2026 16:38:37.750 INFORMACIÓN [main] org.apache.catalina.core.AprLifecycleListener.lifecycleEvent Cargada la biblioteca nativa APR de Apache Tomcat [1.3.7] con la versión APR [1.7.6].
24-May-2026 16:38:37.750 INFORMACIÓN [main] org.apache.catalina.core.AprLifecycleListener.lifecycleEvent Capacidades APR: IPv6 [true], enviar fichero [true], aceptar filtros [false], aleatorio [true], UDS [true].
24-May-2026 16:38:37.750 INFORMACIÓN [main] org.apache.catalina.core.AprLifecycleListener.lifecycleEvent APR/OpenSSL configuration: useAprConnector [false], useOpenSSL [true]
24-May-2026 16:38:37.756 INFORMACIÓN [main] org.apache.catalina.core.AprLifecycleListener.initializeSSL OpenSSL inicializado correctamente [OpenSSL 3.0.19 27 Jan 2026]
24-May-2026 16:38:37.973 INFORMACIÓN [main] org.apache.coyote.AbstractProtocol.init Inicializando el manejador de protocolo ["http-nio-8080"]

24-May-2026 16:38:37.986 INFORMACIÓN [main] org.apache.catalina.startup.Catalina.load Server initialization in [454] milliseconds
24-May-2026 16:38:38.014 INFORMACIÓN [main] org.apache.catalina.core.StandardService.startInternal Arrancando servicio [Catalina]
24-May-2026 16:38:38.015 INFORMACIÓN [main] org.apache.catalina.core.StandardEngine.startInternal Starting Servlet engine: [Apache Tomcat/9.0.117]
24-May-2026 16:38:38.027 INFORMACIÓN [main] org.apache.catalina.startup.HostConfig.deployDescriptor Desplieque del descriptor de configuración [G:\IntelliJ\eventosProyecto\conf\Catalina\localhost\eventosProyecto.xml]
24-May-2026 16:38:38.855 INFORMACIÓN [main] org.apache.jasper.servlet.TldScanner.scanJars Al menos un JAR, que se ha explorado buscando TLDs, aún no contenía TLDs. Activar historial de depuración para este historiador para una completa lista de los JARs que fueron explorados y de los que nos se halló TLDs. Saltarse JARs no necesarios durante la exploración puede dar lugar a una mejora de tiempo significativa en el arranque y compilación de JSP .
24-May-2026 16:38:38.942 INFORMACIÓN [main] org.apache.catalina.startup.HostConfig.deployDescriptor Deployment of deployment descriptor [G:\IntelliJ\eventosProyecto\conf\Catalina\localhost\eventosProyecto.xml] has finished in [912] ms
24-May-2026 16:38:38.945 INFORMACIÓN [main] org.apache.coyote.AbstractProtocol.start Starting ProtocolHandler ["http-nio-8080"]
24-May-2026 16:38:38.963 INFORMACIÓN [main] org.apache.catalina.startup.Catalina.start Server startup in [976] milliseconds
24-May-2026 16:39:06.902 INFORMACIÓN [Thread-1] org.apache.coyote.AbstractProtocol.pause Pausing ProtocolHandler ["http-nio-8080"]
24-May-2026 16:39:06.906 INFORMACIÓN [Thread-1] org.apache.catalina.core.StandardService.stopInternal Parando servicio [Catalina]
24-May-2026 16:39:06.909 ADVERTENCIA [Thread-1] org.apache.catalina.loader.WebappClassLoaderBase.clearReferencesJdbc La aplicación web [eventosProyecto] registró el conductor JDBC [com.mysql.cj.jdbc.Driver] pero falló al anular el registro mientras la aplicación web estaba parada. Para prevenir un fallo de memoria, se ha anulado el registro del conductor JDBC por la fuerza.
24-May-2026 16:39:06.910 ADVERTENCIA [Thread-1] org.apache.catalina.loader.WebappClassLoaderBase.clearReferencesThreads The web application [eventosProyecto] appears to have started a thread named [mysql-cj-abandoned-connection-cleanup] but has failed to stop it. This is very likely to create a memory leak. Stack trace of thread:
 java.base/java.lang.Object.wait0(Native Method)
 java.base/java.lang.Object.wait(Object.java:389)
 java.base/java.lang.ref.ReferenceQueue.remove0(ReferenceQueue.java:123)
 java.base/java.lang.ref.ReferenceQueue.remove(ReferenceQueue.java:201)
 com.mysql.cj.jdbc.AbandonedConnectionCleanupThread.run(AbandonedConnectionCleanupThread.java:91)
 java.base/java.util.concurrent.ThreadPoolExecutor.runWorker(ThreadPoolExecutor.java:1090)
 java.base/java.util.concurrent.ThreadPoolExecutor$Worker.run(ThreadPoolExecutor.java:614)
 java.base/java.lang.Thread.run(Thread.java:1474)
24-May-2026 16:39:06.912 INFORMACIÓN [Thread-1] org.apache.coyote.AbstractProtocol.stop Stopping ProtocolHandler ["http-nio-8080"]
24-May-2026 16:39:06.914 INFORMACIÓN [Thread-1] org.apache.coyote.AbstractProtocol.destroy Destroying ProtocolHandler ["http-nio-8080"]
24-May-2026 16:39:08.771 INFORMACIÓN [main] org.apache.catalina.startup.VersionLoggerListener.log Nombre de la versión del servidor: Apache Tomcat/9.0.117
24-May-2026 16:39:08.773 INFORMACIÓN [main] org.apache.catalina.startup.VersionLoggerListener.log Server built:                      Mar 30 2026 18:21:16 UTC
24-May-2026 16:39:08.773 INFORMACIÓN [main] org.apache.catalina.startup.VersionLoggerListener.log Número de versión de servidor:     9.0.117.0
24-May-2026 16:39:08.773 INFORMACIÓN [main] org.apache.catalina.startup.VersionLoggerListener.log OS Name:                           Windows 11
24-May-2026 16:39:08.773 INFORMACIÓN [main] org.apache.catalina.startup.VersionLoggerListener.log Versión de Systema Operativo:      10.0
24-May-2026 16:39:08.774 INFORMACIÓN [main] org.apache.catalina.startup.VersionLoggerListener.log Arquitectura:                      amd64
24-May-2026 16:39:08.774 INFORMACIÓN [main] org.apache.catalina.startup.VersionLoggerListener.log Java Home:                         C:\Users\cetme\.jdks\ms-25.0.3
24-May-2026 16:39:08.774 INFORMACIÓN [main] org.apache.catalina.startup.VersionLoggerListener.log JVM Version:                       25.0.3+9-LTS
24-May-2026 16:39:08.774 INFORMACIÓN [main] org.apache.catalina.startup.VersionLoggerListener.log Vededor JVM:                       Microsoft
24-May-2026 16:39:08.774 INFORMACIÓN [main] org.apache.catalina.startup.VersionLoggerListener.log CATALINA_BASE:                     G:\IntelliJ\eventosProyecto
24-May-2026 16:39:08.774 INFORMACIÓN [main] org.apache.catalina.startup.VersionLoggerListener.log CATALINA_HOME:                     G:\IntelliJ\Tomcat\apache-tomcat-9.0.117-20260522T151456Z-3-001\apache-tomcat-9.0.117
24-May-2026 16:39:08.784 INFORMACIÓN [main] org.apache.catalina.startup.VersionLoggerListener.log Command line argument:             --add-opens=java.base/java.lang=ALL-UNNAMED
24-May-2026 16:39:08.784 INFORMACIÓN [main] org.apache.catalina.startup.VersionLoggerListener.log Command line argument:             --add-opens=java.base/java.io=ALL-UNNAMED
24-May-2026 16:39:08.784 INFORMACIÓN [main] org.apache.catalina.startup.VersionLoggerListener.log Command line argument:             --add-opens=java.base/java.util=ALL-UNNAMED
24-May-2026 16:39:08.784 INFORMACIÓN [main] org.apache.catalina.startup.VersionLoggerListener.log Command line argument:             --add-opens=java.base/java.util.concurrent=ALL-UNNAMED
24-May-2026 16:39:08.784 INFORMACIÓN [main] org.apache.catalina.startup.VersionLoggerListener.log Command line argument:             --add-opens=java.rmi/sun.rmi.transport=ALL-UNNAMED
24-May-2026 16:39:08.784 INFORMACIÓN [main] org.apache.catalina.startup.VersionLoggerListener.log Command line argument:             -Dcatalina.home=G:\IntelliJ\Tomcat\apache-tomcat-9.0.117-20260522T151456Z-3-001\apache-tomcat-9.0.117
24-May-2026 16:39:08.784 INFORMACIÓN [main] org.apache.catalina.startup.VersionLoggerListener.log Command line argument:             -Dcatalina.base=G:\IntelliJ\eventosProyecto
24-May-2026 16:39:08.784 INFORMACIÓN [main] org.apache.catalina.startup.VersionLoggerListener.log Command line argument:             -Djava.io.tmpdir=G:\IntelliJ\eventosProyecto\temp
24-May-2026 16:39:08.784 INFORMACIÓN [main] org.apache.catalina.startup.VersionLoggerListener.log Command line argument:             -Djava.util.logging.config.file=G:\IntelliJ\eventosProyecto\conf\logging.properties
24-May-2026 16:39:08.784 INFORMACIÓN [main] org.apache.catalina.startup.VersionLoggerListener.log Command line argument:             -Djava.util.logging.manager=org.apache.juli.ClassLoaderLogManager
24-May-2026 16:39:08.784 INFORMACIÓN [main] org.apache.catalina.startup.VersionLoggerListener.log Command line argument:             -javaagent:G:\IntelliJ\IntelliJ IDEA 2026.1.2\lib\idea_rt.jar=51962
24-May-2026 16:39:08.784 INFORMACIÓN [main] org.apache.catalina.startup.VersionLoggerListener.log Command line argument:             -Dfile.encoding=UTF-8
24-May-2026 16:39:08.785 INFORMACIÓN [main] org.apache.catalina.startup.VersionLoggerListener.log Command line argument:             -Dsun.stdout.encoding=UTF-8
24-May-2026 16:39:08.785 INFORMACIÓN [main] org.apache.catalina.startup.VersionLoggerListener.log Command line argument:             -Dsun.stderr.encoding=UTF-8
24-May-2026 16:39:08.790 INFORMACIÓN [main] org.apache.catalina.core.AprLifecycleListener.lifecycleEvent Cargada la biblioteca nativa APR de Apache Tomcat [1.3.7] con la versión APR [1.7.6].
24-May-2026 16:39:08.790 INFORMACIÓN [main] org.apache.catalina.core.AprLifecycleListener.lifecycleEvent Capacidades APR: IPv6 [true], enviar fichero [true], aceptar filtros [false], aleatorio [true], UDS [true].
24-May-2026 16:39:08.790 INFORMACIÓN [main] org.apache.catalina.core.AprLifecycleListener.lifecycleEvent APR/OpenSSL configuration: useAprConnector [false], useOpenSSL [true]
24-May-2026 16:39:08.797 INFORMACIÓN [main] org.apache.catalina.core.AprLifecycleListener.initializeSSL OpenSSL inicializado correctamente [OpenSSL 3.0.19 27 Jan 2026]
24-May-2026 16:39:09.008 INFORMACIÓN [main] org.apache.coyote.AbstractProtocol.init Inicializando el manejador de protocolo ["http-nio-8080"]

24-May-2026 16:39:09.023 INFORMACIÓN [main] org.apache.catalina.startup.Catalina.load Server initialization in [381] milliseconds
24-May-2026 16:39:09.052 INFORMACIÓN [main] org.apache.catalina.core.StandardService.startInternal Arrancando servicio [Catalina]
24-May-2026 16:39:09.052 INFORMACIÓN [main] org.apache.catalina.core.StandardEngine.startInternal Starting Servlet engine: [Apache Tomcat/9.0.117]
24-May-2026 16:39:09.062 INFORMACIÓN [main] org.apache.catalina.startup.HostConfig.deployDescriptor Desplieque del descriptor de configuración [G:\IntelliJ\eventosProyecto\conf\Catalina\localhost\eventosProyecto.xml]
24-May-2026 16:39:09.897 INFORMACIÓN [main] org.apache.jasper.servlet.TldScanner.scanJars Al menos un JAR, que se ha explorado buscando TLDs, aún no contenía TLDs. Activar historial de depuración para este historiador para una completa lista de los JARs que fueron explorados y de los que nos se halló TLDs. Saltarse JARs no necesarios durante la exploración puede dar lugar a una mejora de tiempo significativa en el arranque y compilación de JSP .
24-May-2026 16:39:09.984 INFORMACIÓN [main] org.apache.catalina.startup.HostConfig.deployDescriptor Deployment of deployment descriptor [G:\IntelliJ\eventosProyecto\conf\Catalina\localhost\eventosProyecto.xml] has finished in [918] ms
24-May-2026 16:39:09.986 INFORMACIÓN [main] org.apache.coyote.AbstractProtocol.start Starting ProtocolHandler ["http-nio-8080"]
24-May-2026 16:39:10.004 INFORMACIÓN [main] org.apache.catalina.startup.Catalina.start Server startup in [979] milliseconds
24-May-2026 16:39:46.166 INFORMACIÓN [Thread-1] org.apache.coyote.AbstractProtocol.pause Pausing ProtocolHandler ["http-nio-8080"]
24-May-2026 16:39:46.170 INFORMACIÓN [Thread-1] org.apache.catalina.core.StandardService.stopInternal Parando servicio [Catalina]
24-May-2026 16:39:46.173 ADVERTENCIA [Thread-1] org.apache.catalina.loader.WebappClassLoaderBase.clearReferencesJdbc La aplicación web [eventosProyecto] registró el conductor JDBC [com.mysql.cj.jdbc.Driver] pero falló al anular el registro mientras la aplicación web estaba parada. Para prevenir un fallo de memoria, se ha anulado el registro del conductor JDBC por la fuerza.
24-May-2026 16:39:46.174 ADVERTENCIA [Thread-1] org.apache.catalina.loader.WebappClassLoaderBase.clearReferencesThreads The web application [eventosProyecto] appears to have started a thread named [mysql-cj-abandoned-connection-cleanup] but has failed to stop it. This is very likely to create a memory leak. Stack trace of thread:
 java.base/java.lang.Object.wait0(Native Method)
 java.base/java.lang.Object.wait(Object.java:389)
 java.base/java.lang.ref.ReferenceQueue.remove0(ReferenceQueue.java:123)
 java.base/java.lang.ref.ReferenceQueue.remove(ReferenceQueue.java:201)
 com.mysql.cj.jdbc.AbandonedConnectionCleanupThread.run(AbandonedConnectionCleanupThread.java:91)
 java.base/java.util.concurrent.ThreadPoolExecutor.runWorker(ThreadPoolExecutor.java:1090)
 java.base/java.util.concurrent.ThreadPoolExecutor$Worker.run(ThreadPoolExecutor.java:614)
 java.base/java.lang.Thread.run(Thread.java:1474)
24-May-2026 16:39:46.177 INFORMACIÓN [Thread-1] org.apache.coyote.AbstractProtocol.stop Stopping ProtocolHandler ["http-nio-8080"]
24-May-2026 16:39:46.179 INFORMACIÓN [Thread-1] org.apache.coyote.AbstractProtocol.destroy Destroying ProtocolHandler ["http-nio-8080"]
24-May-2026 16:39:48.029 INFORMACIÓN [main] org.apache.catalina.startup.VersionLoggerListener.log Nombre de la versión del servidor: Apache Tomcat/9.0.117
24-May-2026 16:39:48.031 INFORMACIÓN [main] org.apache.catalina.startup.VersionLoggerListener.log Server built:                      Mar 30 2026 18:21:16 UTC
24-May-2026 16:39:48.031 INFORMACIÓN [main] org.apache.catalina.startup.VersionLoggerListener.log Número de versión de servidor:     9.0.117.0
24-May-2026 16:39:48.031 INFORMACIÓN [main] org.apache.catalina.startup.VersionLoggerListener.log OS Name:                           Windows 11
24-May-2026 16:39:48.031 INFORMACIÓN [main] org.apache.catalina.startup.VersionLoggerListener.log Versión de Systema Operativo:      10.0
24-May-2026 16:39:48.032 INFORMACIÓN [main] org.apache.catalina.startup.VersionLoggerListener.log Arquitectura:                      amd64
24-May-2026 16:39:48.032 INFORMACIÓN [main] org.apache.catalina.startup.VersionLoggerListener.log Java Home:                         C:\Users\cetme\.jdks\ms-25.0.3
24-May-2026 16:39:48.032 INFORMACIÓN [main] org.apache.catalina.startup.VersionLoggerListener.log JVM Version:                       25.0.3+9-LTS
24-May-2026 16:39:48.032 INFORMACIÓN [main] org.apache.catalina.startup.VersionLoggerListener.log Vededor JVM:                       Microsoft
24-May-2026 16:39:48.032 INFORMACIÓN [main] org.apache.catalina.startup.VersionLoggerListener.log CATALINA_BASE:                     G:\IntelliJ\eventosProyecto
24-May-2026 16:39:48.032 INFORMACIÓN [main] org.apache.catalina.startup.VersionLoggerListener.log CATALINA_HOME:                     G:\IntelliJ\Tomcat\apache-tomcat-9.0.117-20260522T151456Z-3-001\apache-tomcat-9.0.117
24-May-2026 16:39:48.042 INFORMACIÓN [main] org.apache.catalina.startup.VersionLoggerListener.log Command line argument:             --add-opens=java.base/java.lang=ALL-UNNAMED
24-May-2026 16:39:48.042 INFORMACIÓN [main] org.apache.catalina.startup.VersionLoggerListener.log Command line argument:             --add-opens=java.base/java.io=ALL-UNNAMED
24-May-2026 16:39:48.042 INFORMACIÓN [main] org.apache.catalina.startup.VersionLoggerListener.log Command line argument:             --add-opens=java.base/java.util=ALL-UNNAMED
24-May-2026 16:39:48.042 INFORMACIÓN [main] org.apache.catalina.startup.VersionLoggerListener.log Command line argument:             --add-opens=java.base/java.util.concurrent=ALL-UNNAMED
24-May-2026 16:39:48.042 INFORMACIÓN [main] org.apache.catalina.startup.VersionLoggerListener.log Command line argument:             --add-opens=java.rmi/sun.rmi.transport=ALL-UNNAMED
24-May-2026 16:39:48.042 INFORMACIÓN [main] org.apache.catalina.startup.VersionLoggerListener.log Command line argument:             -Dcatalina.home=G:\IntelliJ\Tomcat\apache-tomcat-9.0.117-20260522T151456Z-3-001\apache-tomcat-9.0.117
24-May-2026 16:39:48.042 INFORMACIÓN [main] org.apache.catalina.startup.VersionLoggerListener.log Command line argument:             -Dcatalina.base=G:\IntelliJ\eventosProyecto
24-May-2026 16:39:48.042 INFORMACIÓN [main] org.apache.catalina.startup.VersionLoggerListener.log Command line argument:             -Djava.io.tmpdir=G:\IntelliJ\eventosProyecto\temp
24-May-2026 16:39:48.042 INFORMACIÓN [main] org.apache.catalina.startup.VersionLoggerListener.log Command line argument:             -Djava.util.logging.config.file=G:\IntelliJ\eventosProyecto\conf\logging.properties
24-May-2026 16:39:48.042 INFORMACIÓN [main] org.apache.catalina.startup.VersionLoggerListener.log Command line argument:             -Djava.util.logging.manager=org.apache.juli.ClassLoaderLogManager
24-May-2026 16:39:48.042 INFORMACIÓN [main] org.apache.catalina.startup.VersionLoggerListener.log Command line argument:             -javaagent:G:\IntelliJ\IntelliJ IDEA 2026.1.2\lib\idea_rt.jar=52023
24-May-2026 16:39:48.042 INFORMACIÓN [main] org.apache.catalina.startup.VersionLoggerListener.log Command line argument:             -Dfile.encoding=UTF-8
24-May-2026 16:39:48.042 INFORMACIÓN [main] org.apache.catalina.startup.VersionLoggerListener.log Command line argument:             -Dsun.stdout.encoding=UTF-8
24-May-2026 16:39:48.042 INFORMACIÓN [main] org.apache.catalina.startup.VersionLoggerListener.log Command line argument:             -Dsun.stderr.encoding=UTF-8
24-May-2026 16:39:48.048 INFORMACIÓN [main] org.apache.catalina.core.AprLifecycleListener.lifecycleEvent Cargada la biblioteca nativa APR de Apache Tomcat [1.3.7] con la versión APR [1.7.6].
24-May-2026 16:39:48.048 INFORMACIÓN [main] org.apache.catalina.core.AprLifecycleListener.lifecycleEvent Capacidades APR: IPv6 [true], enviar fichero [true], aceptar filtros [false], aleatorio [true], UDS [true].
24-May-2026 16:39:48.049 INFORMACIÓN [main] org.apache.catalina.core.AprLifecycleListener.lifecycleEvent APR/OpenSSL configuration: useAprConnector [false], useOpenSSL [true]
24-May-2026 16:39:48.055 INFORMACIÓN [main] org.apache.catalina.core.AprLifecycleListener.initializeSSL OpenSSL inicializado correctamente [OpenSSL 3.0.19 27 Jan 2026]
24-May-2026 16:39:48.312 INFORMACIÓN [main] org.apache.coyote.AbstractProtocol.init Inicializando el manejador de protocolo ["http-nio-8080"]

24-May-2026 16:39:48.330 INFORMACIÓN [main] org.apache.catalina.startup.Catalina.load Server initialization in [432] milliseconds
24-May-2026 16:39:48.369 INFORMACIÓN [main] org.apache.catalina.core.StandardService.startInternal Arrancando servicio [Catalina]
24-May-2026 16:39:48.369 INFORMACIÓN [main] org.apache.catalina.core.StandardEngine.startInternal Starting Servlet engine: [Apache Tomcat/9.0.117]
24-May-2026 16:39:48.383 INFORMACIÓN [main] org.apache.catalina.startup.HostConfig.deployDescriptor Desplieque del descriptor de configuración [G:\IntelliJ\eventosProyecto\conf\Catalina\localhost\eventosProyecto.xml]
24-May-2026 16:39:49.218 INFORMACIÓN [main] org.apache.jasper.servlet.TldScanner.scanJars Al menos un JAR, que se ha explorado buscando TLDs, aún no contenía TLDs. Activar historial de depuración para este historiador para una completa lista de los JARs que fueron explorados y de los que nos se halló TLDs. Saltarse JARs no necesarios durante la exploración puede dar lugar a una mejora de tiempo significativa en el arranque y compilación de JSP .
24-May-2026 16:39:49.306 INFORMACIÓN [main] org.apache.catalina.startup.HostConfig.deployDescriptor Deployment of deployment descriptor [G:\IntelliJ\eventosProyecto\conf\Catalina\localhost\eventosProyecto.xml] has finished in [921] ms
24-May-2026 16:39:49.310 INFORMACIÓN [main] org.apache.coyote.AbstractProtocol.start Starting ProtocolHandler ["http-nio-8080"]
24-May-2026 16:39:49.326 INFORMACIÓN [main] org.apache.catalina.startup.Catalina.start Server startup in [994] milliseconds
24-May-2026 17:08:11.714 INFORMACIÓN [Thread-1] org.apache.coyote.AbstractProtocol.pause Pausing ProtocolHandler ["http-nio-8080"]
24-May-2026 17:08:11.718 INFORMACIÓN [Thread-1] org.apache.catalina.core.StandardService.stopInternal Parando servicio [Catalina]
24-May-2026 17:08:11.721 ADVERTENCIA [Thread-1] org.apache.catalina.loader.WebappClassLoaderBase.clearReferencesJdbc La aplicación web [eventosProyecto] registró el conductor JDBC [com.mysql.cj.jdbc.Driver] pero falló al anular el registro mientras la aplicación web estaba parada. Para prevenir un fallo de memoria, se ha anulado el registro del conductor JDBC por la fuerza.
24-May-2026 17:08:11.721 ADVERTENCIA [Thread-1] org.apache.catalina.loader.WebappClassLoaderBase.clearReferencesThreads The web application [eventosProyecto] appears to have started a thread named [mysql-cj-abandoned-connection-cleanup] but has failed to stop it. This is very likely to create a memory leak. Stack trace of thread:
 java.base/java.lang.Object.wait0(Native Method)
 java.base/java.lang.Object.wait(Object.java:389)
 java.base/java.lang.ref.ReferenceQueue.remove0(ReferenceQueue.java:123)
 java.base/java.lang.ref.ReferenceQueue.remove(ReferenceQueue.java:201)
 com.mysql.cj.jdbc.AbandonedConnectionCleanupThread.run(AbandonedConnectionCleanupThread.java:91)
 java.base/java.util.concurrent.ThreadPoolExecutor.runWorker(ThreadPoolExecutor.java:1090)
 java.base/java.util.concurrent.ThreadPoolExecutor$Worker.run(ThreadPoolExecutor.java:614)
 java.base/java.lang.Thread.run(Thread.java:1474)
24-May-2026 17:08:11.724 INFORMACIÓN [Thread-1] org.apache.coyote.AbstractProtocol.stop Stopping ProtocolHandler ["http-nio-8080"]
24-May-2026 17:08:11.726 INFORMACIÓN [Thread-1] org.apache.coyote.AbstractProtocol.destroy Destroying ProtocolHandler ["http-nio-8080"]
24-May-2026 19:21:47.774 INFORMACIÓN [main] org.apache.catalina.startup.VersionLoggerListener.log Nombre de la versión del servidor: Apache Tomcat/9.0.117
24-May-2026 19:21:47.777 INFORMACIÓN [main] org.apache.catalina.startup.VersionLoggerListener.log Server built:                      Mar 30 2026 18:21:16 UTC
24-May-2026 19:21:47.777 INFORMACIÓN [main] org.apache.catalina.startup.VersionLoggerListener.log Número de versión de servidor:     9.0.117.0
24-May-2026 19:21:47.777 INFORMACIÓN [main] org.apache.catalina.startup.VersionLoggerListener.log OS Name:                           Windows 11
24-May-2026 19:21:47.777 INFORMACIÓN [main] org.apache.catalina.startup.VersionLoggerListener.log Versión de Systema Operativo:      10.0
24-May-2026 19:21:47.777 INFORMACIÓN [main] org.apache.catalina.startup.VersionLoggerListener.log Arquitectura:                      amd64
24-May-2026 19:21:47.777 INFORMACIÓN [main] org.apache.catalina.startup.VersionLoggerListener.log Java Home:                         C:\Users\cetme\.jdks\ms-25.0.3
24-May-2026 19:21:47.777 INFORMACIÓN [main] org.apache.catalina.startup.VersionLoggerListener.log JVM Version:                       25.0.3+9-LTS
24-May-2026 19:21:47.777 INFORMACIÓN [main] org.apache.catalina.startup.VersionLoggerListener.log Vededor JVM:                       Microsoft
24-May-2026 19:21:47.778 INFORMACIÓN [main] org.apache.catalina.startup.VersionLoggerListener.log CATALINA_BASE:                     G:\IntelliJ\eventosProyecto
24-May-2026 19:21:47.778 INFORMACIÓN [main] org.apache.catalina.startup.VersionLoggerListener.log CATALINA_HOME:                     G:\IntelliJ\Tomcat\apache-tomcat-9.0.117-20260522T151456Z-3-001\apache-tomcat-9.0.117
24-May-2026 19:21:47.788 INFORMACIÓN [main] org.apache.catalina.startup.VersionLoggerListener.log Command line argument:             --add-opens=java.base/java.lang=ALL-UNNAMED
24-May-2026 19:21:47.788 INFORMACIÓN [main] org.apache.catalina.startup.VersionLoggerListener.log Command line argument:             --add-opens=java.base/java.io=ALL-UNNAMED
24-May-2026 19:21:47.788 INFORMACIÓN [main] org.apache.catalina.startup.VersionLoggerListener.log Command line argument:             --add-opens=java.base/java.util=ALL-UNNAMED
24-May-2026 19:21:47.788 INFORMACIÓN [main] org.apache.catalina.startup.VersionLoggerListener.log Command line argument:             --add-opens=java.base/java.util.concurrent=ALL-UNNAMED
24-May-2026 19:21:47.788 INFORMACIÓN [main] org.apache.catalina.startup.VersionLoggerListener.log Command line argument:             --add-opens=java.rmi/sun.rmi.transport=ALL-UNNAMED
24-May-2026 19:21:47.788 INFORMACIÓN [main] org.apache.catalina.startup.VersionLoggerListener.log Command line argument:             -Dcatalina.home=G:\IntelliJ\Tomcat\apache-tomcat-9.0.117-20260522T151456Z-3-001\apache-tomcat-9.0.117
24-May-2026 19:21:47.788 INFORMACIÓN [main] org.apache.catalina.startup.VersionLoggerListener.log Command line argument:             -Dcatalina.base=G:\IntelliJ\eventosProyecto
24-May-2026 19:21:47.788 INFORMACIÓN [main] org.apache.catalina.startup.VersionLoggerListener.log Command line argument:             -Djava.io.tmpdir=G:\IntelliJ\eventosProyecto\temp
24-May-2026 19:21:47.788 INFORMACIÓN [main] org.apache.catalina.startup.VersionLoggerListener.log Command line argument:             -Djava.util.logging.config.file=G:\IntelliJ\eventosProyecto\conf\logging.properties
24-May-2026 19:21:47.788 INFORMACIÓN [main] org.apache.catalina.startup.VersionLoggerListener.log Command line argument:             -Djava.util.logging.manager=org.apache.juli.ClassLoaderLogManager
24-May-2026 19:21:47.788 INFORMACIÓN [main] org.apache.catalina.startup.VersionLoggerListener.log Command line argument:             -javaagent:G:\IntelliJ\IntelliJ IDEA 2026.1.2\lib\idea_rt.jar=56440
24-May-2026 19:21:47.788 INFORMACIÓN [main] org.apache.catalina.startup.VersionLoggerListener.log Command line argument:             -Dfile.encoding=UTF-8
24-May-2026 19:21:47.788 INFORMACIÓN [main] org.apache.catalina.startup.VersionLoggerListener.log Command line argument:             -Dsun.stdout.encoding=UTF-8
24-May-2026 19:21:47.788 INFORMACIÓN [main] org.apache.catalina.startup.VersionLoggerListener.log Command line argument:             -Dsun.stderr.encoding=UTF-8
24-May-2026 19:21:47.918 INFORMACIÓN [main] org.apache.catalina.core.AprLifecycleListener.lifecycleEvent Cargada la biblioteca nativa APR de Apache Tomcat [1.3.7] con la versión APR [1.7.6].
24-May-2026 19:21:47.918 INFORMACIÓN [main] org.apache.catalina.core.AprLifecycleListener.lifecycleEvent Capacidades APR: IPv6 [true], enviar fichero [true], aceptar filtros [false], aleatorio [true], UDS [true].
24-May-2026 19:21:47.918 INFORMACIÓN [main] org.apache.catalina.core.AprLifecycleListener.lifecycleEvent APR/OpenSSL configuration: useAprConnector [false], useOpenSSL [true]
24-May-2026 19:21:47.926 INFORMACIÓN [main] org.apache.catalina.core.AprLifecycleListener.initializeSSL OpenSSL inicializado correctamente [OpenSSL 3.0.19 27 Jan 2026]
24-May-2026 19:21:48.210 INFORMACIÓN [main] org.apache.coyote.AbstractProtocol.init Inicializando el manejador de protocolo ["http-nio-8080"]

24-May-2026 19:21:48.227 INFORMACIÓN [main] org.apache.catalina.startup.Catalina.load Server initialization in [602] milliseconds
24-May-2026 19:21:48.263 INFORMACIÓN [main] org.apache.catalina.core.StandardService.startInternal Arrancando servicio [Catalina]
24-May-2026 19:21:48.264 INFORMACIÓN [main] org.apache.catalina.core.StandardEngine.startInternal Starting Servlet engine: [Apache Tomcat/9.0.117]
24-May-2026 19:21:48.282 INFORMACIÓN [main] org.apache.catalina.startup.HostConfig.deployDescriptor Desplieque del descriptor de configuración [G:\IntelliJ\eventosProyecto\conf\Catalina\localhost\eventosProyecto.xml]
24-May-2026 19:21:49.282 INFORMACIÓN [main] org.apache.jasper.servlet.TldScanner.scanJars Al menos un JAR, que se ha explorado buscando TLDs, aún no contenía TLDs. Activar historial de depuración para este historiador para una completa lista de los JARs que fueron explorados y de los que nos se halló TLDs. Saltarse JARs no necesarios durante la exploración puede dar lugar a una mejora de tiempo significativa en el arranque y compilación de JSP .
24-May-2026 19:21:49.373 INFORMACIÓN [main] org.apache.catalina.startup.HostConfig.deployDescriptor Deployment of deployment descriptor [G:\IntelliJ\eventosProyecto\conf\Catalina\localhost\eventosProyecto.xml] has finished in [1.088] ms
24-May-2026 19:21:49.376 INFORMACIÓN [main] org.apache.coyote.AbstractProtocol.start Starting ProtocolHandler ["http-nio-8080"]
24-May-2026 19:21:49.393 INFORMACIÓN [main] org.apache.catalina.startup.Catalina.start Server startup in [1165] milliseconds
24-May-2026 19:22:32.274 INFORMACIÓN [Thread-1] org.apache.coyote.AbstractProtocol.pause Pausing ProtocolHandler ["http-nio-8080"]
24-May-2026 19:22:32.280 INFORMACIÓN [Thread-1] org.apache.catalina.core.StandardService.stopInternal Parando servicio [Catalina]
24-May-2026 19:22:32.283 ADVERTENCIA [Thread-1] org.apache.catalina.loader.WebappClassLoaderBase.clearReferencesJdbc La aplicación web [eventosProyecto] registró el conductor JDBC [com.mysql.cj.jdbc.Driver] pero falló al anular el registro mientras la aplicación web estaba parada. Para prevenir un fallo de memoria, se ha anulado el registro del conductor JDBC por la fuerza.
24-May-2026 19:22:32.284 ADVERTENCIA [Thread-1] org.apache.catalina.loader.WebappClassLoaderBase.clearReferencesThreads The web application [eventosProyecto] appears to have started a thread named [mysql-cj-abandoned-connection-cleanup] but has failed to stop it. This is very likely to create a memory leak. Stack trace of thread:
 java.base/java.lang.Object.wait0(Native Method)
 java.base/java.lang.Object.wait(Object.java:389)
 java.base/java.lang.ref.ReferenceQueue.remove0(ReferenceQueue.java:123)
 java.base/java.lang.ref.ReferenceQueue.remove(ReferenceQueue.java:201)
 com.mysql.cj.jdbc.AbandonedConnectionCleanupThread.run(AbandonedConnectionCleanupThread.java:91)
 java.base/java.util.concurrent.ThreadPoolExecutor.runWorker(ThreadPoolExecutor.java:1090)
 java.base/java.util.concurrent.ThreadPoolExecutor$Worker.run(ThreadPoolExecutor.java:614)
 java.base/java.lang.Thread.run(Thread.java:1474)
24-May-2026 19:22:32.286 INFORMACIÓN [Thread-1] org.apache.coyote.AbstractProtocol.stop Stopping ProtocolHandler ["http-nio-8080"]
24-May-2026 19:22:32.288 INFORMACIÓN [Thread-1] org.apache.coyote.AbstractProtocol.destroy Destroying ProtocolHandler ["http-nio-8080"]
24-May-2026 19:22:33.603 INFORMACIÓN [main] org.apache.catalina.startup.VersionLoggerListener.log Nombre de la versión del servidor: Apache Tomcat/9.0.117
24-May-2026 19:22:33.606 INFORMACIÓN [main] org.apache.catalina.startup.VersionLoggerListener.log Server built:                      Mar 30 2026 18:21:16 UTC
24-May-2026 19:22:33.606 INFORMACIÓN [main] org.apache.catalina.startup.VersionLoggerListener.log Número de versión de servidor:     9.0.117.0
24-May-2026 19:22:33.606 INFORMACIÓN [main] org.apache.catalina.startup.VersionLoggerListener.log OS Name:                           Windows 11
24-May-2026 19:22:33.606 INFORMACIÓN [main] org.apache.catalina.startup.VersionLoggerListener.log Versión de Systema Operativo:      10.0
24-May-2026 19:22:33.606 INFORMACIÓN [main] org.apache.catalina.startup.VersionLoggerListener.log Arquitectura:                      amd64
24-May-2026 19:22:33.606 INFORMACIÓN [main] org.apache.catalina.startup.VersionLoggerListener.log Java Home:                         C:\Users\cetme\.jdks\ms-25.0.3
24-May-2026 19:22:33.606 INFORMACIÓN [main] org.apache.catalina.startup.VersionLoggerListener.log JVM Version:                       25.0.3+9-LTS
24-May-2026 19:22:33.606 INFORMACIÓN [main] org.apache.catalina.startup.VersionLoggerListener.log Vededor JVM:                       Microsoft
24-May-2026 19:22:33.606 INFORMACIÓN [main] org.apache.catalina.startup.VersionLoggerListener.log CATALINA_BASE:                     G:\IntelliJ\eventosProyecto
24-May-2026 19:22:33.607 INFORMACIÓN [main] org.apache.catalina.startup.VersionLoggerListener.log CATALINA_HOME:                     G:\IntelliJ\Tomcat\apache-tomcat-9.0.117-20260522T151456Z-3-001\apache-tomcat-9.0.117
24-May-2026 19:22:33.619 INFORMACIÓN [main] org.apache.catalina.startup.VersionLoggerListener.log Command line argument:             --add-opens=java.base/java.lang=ALL-UNNAMED
24-May-2026 19:22:33.619 INFORMACIÓN [main] org.apache.catalina.startup.VersionLoggerListener.log Command line argument:             --add-opens=java.base/java.io=ALL-UNNAMED
24-May-2026 19:22:33.620 INFORMACIÓN [main] org.apache.catalina.startup.VersionLoggerListener.log Command line argument:             --add-opens=java.base/java.util=ALL-UNNAMED
24-May-2026 19:22:33.620 INFORMACIÓN [main] org.apache.catalina.startup.VersionLoggerListener.log Command line argument:             --add-opens=java.base/java.util.concurrent=ALL-UNNAMED
24-May-2026 19:22:33.620 INFORMACIÓN [main] org.apache.catalina.startup.VersionLoggerListener.log Command line argument:             --add-opens=java.rmi/sun.rmi.transport=ALL-UNNAMED
24-May-2026 19:22:33.620 INFORMACIÓN [main] org.apache.catalina.startup.VersionLoggerListener.log Command line argument:             -Dcatalina.home=G:\IntelliJ\Tomcat\apache-tomcat-9.0.117-20260522T151456Z-3-001\apache-tomcat-9.0.117
24-May-2026 19:22:33.620 INFORMACIÓN [main] org.apache.catalina.startup.VersionLoggerListener.log Command line argument:             -Dcatalina.base=G:\IntelliJ\eventosProyecto
24-May-2026 19:22:33.620 INFORMACIÓN [main] org.apache.catalina.startup.VersionLoggerListener.log Command line argument:             -Djava.io.tmpdir=G:\IntelliJ\eventosProyecto\temp
24-May-2026 19:22:33.620 INFORMACIÓN [main] org.apache.catalina.startup.VersionLoggerListener.log Command line argument:             -Djava.util.logging.config.file=G:\IntelliJ\eventosProyecto\conf\logging.properties
24-May-2026 19:22:33.620 INFORMACIÓN [main] org.apache.catalina.startup.VersionLoggerListener.log Command line argument:             -Djava.util.logging.manager=org.apache.juli.ClassLoaderLogManager
24-May-2026 19:22:33.620 INFORMACIÓN [main] org.apache.catalina.startup.VersionLoggerListener.log Command line argument:             -javaagent:G:\IntelliJ\IntelliJ IDEA 2026.1.2\lib\idea_rt.jar=51730
24-May-2026 19:22:33.620 INFORMACIÓN [main] org.apache.catalina.startup.VersionLoggerListener.log Command line argument:             -Dfile.encoding=UTF-8
24-May-2026 19:22:33.620 INFORMACIÓN [main] org.apache.catalina.startup.VersionLoggerListener.log Command line argument:             -Dsun.stdout.encoding=UTF-8
24-May-2026 19:22:33.620 INFORMACIÓN [main] org.apache.catalina.startup.VersionLoggerListener.log Command line argument:             -Dsun.stderr.encoding=UTF-8
24-May-2026 19:22:33.627 INFORMACIÓN [main] org.apache.catalina.core.AprLifecycleListener.lifecycleEvent Cargada la biblioteca nativa APR de Apache Tomcat [1.3.7] con la versión APR [1.7.6].
24-May-2026 19:22:33.627 INFORMACIÓN [main] org.apache.catalina.core.AprLifecycleListener.lifecycleEvent Capacidades APR: IPv6 [true], enviar fichero [true], aceptar filtros [false], aleatorio [true], UDS [true].
24-May-2026 19:22:33.627 INFORMACIÓN [main] org.apache.catalina.core.AprLifecycleListener.lifecycleEvent APR/OpenSSL configuration: useAprConnector [false], useOpenSSL [true]
24-May-2026 19:22:33.635 INFORMACIÓN [main] org.apache.catalina.core.AprLifecycleListener.initializeSSL OpenSSL inicializado correctamente [OpenSSL 3.0.19 27 Jan 2026]
24-May-2026 19:22:33.884 INFORMACIÓN [main] org.apache.coyote.AbstractProtocol.init Inicializando el manejador de protocolo ["http-nio-8080"]

24-May-2026 19:22:33.898 INFORMACIÓN [main] org.apache.catalina.startup.Catalina.load Server initialization in [483] milliseconds
24-May-2026 19:22:33.930 INFORMACIÓN [main] org.apache.catalina.core.StandardService.startInternal Arrancando servicio [Catalina]
24-May-2026 19:22:33.930 INFORMACIÓN [main] org.apache.catalina.core.StandardEngine.startInternal Starting Servlet engine: [Apache Tomcat/9.0.117]
24-May-2026 19:22:33.940 INFORMACIÓN [main] org.apache.catalina.startup.HostConfig.deployDescriptor Desplieque del descriptor de configuración [G:\IntelliJ\eventosProyecto\conf\Catalina\localhost\eventosProyecto.xml]
24-May-2026 19:22:34.767 INFORMACIÓN [main] org.apache.jasper.servlet.TldScanner.scanJars Al menos un JAR, que se ha explorado buscando TLDs, aún no contenía TLDs. Activar historial de depuración para este historiador para una completa lista de los JARs que fueron explorados y de los que nos se halló TLDs. Saltarse JARs no necesarios durante la exploración puede dar lugar a una mejora de tiempo significativa en el arranque y compilación de JSP .
24-May-2026 19:22:34.857 INFORMACIÓN [main] org.apache.catalina.startup.HostConfig.deployDescriptor Deployment of deployment descriptor [G:\IntelliJ\eventosProyecto\conf\Catalina\localhost\eventosProyecto.xml] has finished in [913] ms
24-May-2026 19:22:34.860 INFORMACIÓN [main] org.apache.coyote.AbstractProtocol.start Starting ProtocolHandler ["http-nio-8080"]
24-May-2026 19:22:34.877 INFORMACIÓN [main] org.apache.catalina.startup.Catalina.start Server startup in [977] milliseconds
24-May-2026 19:28:03.257 INFORMACIÓN [Thread-1] org.apache.coyote.AbstractProtocol.pause Pausing ProtocolHandler ["http-nio-8080"]
24-May-2026 19:28:03.262 INFORMACIÓN [Thread-1] org.apache.catalina.core.StandardService.stopInternal Parando servicio [Catalina]
24-May-2026 19:28:03.265 ADVERTENCIA [Thread-1] org.apache.catalina.loader.WebappClassLoaderBase.clearReferencesJdbc La aplicación web [eventosProyecto] registró el conductor JDBC [com.mysql.cj.jdbc.Driver] pero falló al anular el registro mientras la aplicación web estaba parada. Para prevenir un fallo de memoria, se ha anulado el registro del conductor JDBC por la fuerza.
24-May-2026 19:28:03.265 ADVERTENCIA [Thread-1] org.apache.catalina.loader.WebappClassLoaderBase.clearReferencesThreads The web application [eventosProyecto] appears to have started a thread named [mysql-cj-abandoned-connection-cleanup] but has failed to stop it. This is very likely to create a memory leak. Stack trace of thread:
 java.base/java.lang.Object.wait0(Native Method)
 java.base/java.lang.Object.wait(Object.java:389)
 java.base/java.lang.ref.ReferenceQueue.remove0(ReferenceQueue.java:123)
 java.base/java.lang.ref.ReferenceQueue.remove(ReferenceQueue.java:201)
 com.mysql.cj.jdbc.AbandonedConnectionCleanupThread.run(AbandonedConnectionCleanupThread.java:91)
 java.base/java.util.concurrent.ThreadPoolExecutor.runWorker(ThreadPoolExecutor.java:1090)
 java.base/java.util.concurrent.ThreadPoolExecutor$Worker.run(ThreadPoolExecutor.java:614)
 java.base/java.lang.Thread.run(Thread.java:1474)
24-May-2026 19:28:03.267 INFORMACIÓN [Thread-1] org.apache.coyote.AbstractProtocol.stop Stopping ProtocolHandler ["http-nio-8080"]
24-May-2026 19:28:03.270 INFORMACIÓN [Thread-1] org.apache.coyote.AbstractProtocol.destroy Destroying ProtocolHandler ["http-nio-8080"]
24-May-2026 19:28:04.537 INFORMACIÓN [main] org.apache.catalina.startup.VersionLoggerListener.log Nombre de la versión del servidor: Apache Tomcat/9.0.117
24-May-2026 19:28:04.541 INFORMACIÓN [main] org.apache.catalina.startup.VersionLoggerListener.log Server built:                      Mar 30 2026 18:21:16 UTC
24-May-2026 19:28:04.542 INFORMACIÓN [main] org.apache.catalina.startup.VersionLoggerListener.log Número de versión de servidor:     9.0.117.0
24-May-2026 19:28:04.542 INFORMACIÓN [main] org.apache.catalina.startup.VersionLoggerListener.log OS Name:                           Windows 11
24-May-2026 19:28:04.542 INFORMACIÓN [main] org.apache.catalina.startup.VersionLoggerListener.log Versión de Systema Operativo:      10.0
24-May-2026 19:28:04.542 INFORMACIÓN [main] org.apache.catalina.startup.VersionLoggerListener.log Arquitectura:                      amd64
24-May-2026 19:28:04.542 INFORMACIÓN [main] org.apache.catalina.startup.VersionLoggerListener.log Java Home:                         C:\Users\cetme\.jdks\ms-25.0.3
24-May-2026 19:28:04.542 INFORMACIÓN [main] org.apache.catalina.startup.VersionLoggerListener.log JVM Version:                       25.0.3+9-LTS
24-May-2026 19:28:04.542 INFORMACIÓN [main] org.apache.catalina.startup.VersionLoggerListener.log Vededor JVM:                       Microsoft
24-May-2026 19:28:04.543 INFORMACIÓN [main] org.apache.catalina.startup.VersionLoggerListener.log CATALINA_BASE:                     G:\IntelliJ\eventosProyecto
24-May-2026 19:28:04.543 INFORMACIÓN [main] org.apache.catalina.startup.VersionLoggerListener.log CATALINA_HOME:                     G:\IntelliJ\Tomcat\apache-tomcat-9.0.117-20260522T151456Z-3-001\apache-tomcat-9.0.117
24-May-2026 19:28:04.576 INFORMACIÓN [main] org.apache.catalina.startup.VersionLoggerListener.log Command line argument:             --add-opens=java.base/java.lang=ALL-UNNAMED
24-May-2026 19:28:04.576 INFORMACIÓN [main] org.apache.catalina.startup.VersionLoggerListener.log Command line argument:             --add-opens=java.base/java.io=ALL-UNNAMED
24-May-2026 19:28:04.576 INFORMACIÓN [main] org.apache.catalina.startup.VersionLoggerListener.log Command line argument:             --add-opens=java.base/java.util=ALL-UNNAMED
24-May-2026 19:28:04.576 INFORMACIÓN [main] org.apache.catalina.startup.VersionLoggerListener.log Command line argument:             --add-opens=java.base/java.util.concurrent=ALL-UNNAMED
24-May-2026 19:28:04.576 INFORMACIÓN [main] org.apache.catalina.startup.VersionLoggerListener.log Command line argument:             --add-opens=java.rmi/sun.rmi.transport=ALL-UNNAMED
24-May-2026 19:28:04.576 INFORMACIÓN [main] org.apache.catalina.startup.VersionLoggerListener.log Command line argument:             -Dcatalina.home=G:\IntelliJ\Tomcat\apache-tomcat-9.0.117-20260522T151456Z-3-001\apache-tomcat-9.0.117
24-May-2026 19:28:04.576 INFORMACIÓN [main] org.apache.catalina.startup.VersionLoggerListener.log Command line argument:             -Dcatalina.base=G:\IntelliJ\eventosProyecto
24-May-2026 19:28:04.576 INFORMACIÓN [main] org.apache.catalina.startup.VersionLoggerListener.log Command line argument:             -Djava.io.tmpdir=G:\IntelliJ\eventosProyecto\temp
24-May-2026 19:28:04.576 INFORMACIÓN [main] org.apache.catalina.startup.VersionLoggerListener.log Command line argument:             -Djava.util.logging.config.file=G:\IntelliJ\eventosProyecto\conf\logging.properties
24-May-2026 19:28:04.576 INFORMACIÓN [main] org.apache.catalina.startup.VersionLoggerListener.log Command line argument:             -Djava.util.logging.manager=org.apache.juli.ClassLoaderLogManager
24-May-2026 19:28:04.576 INFORMACIÓN [main] org.apache.catalina.startup.VersionLoggerListener.log Command line argument:             -javaagent:G:\IntelliJ\IntelliJ IDEA 2026.1.2\lib\idea_rt.jar=53390
24-May-2026 19:28:04.577 INFORMACIÓN [main] org.apache.catalina.startup.VersionLoggerListener.log Command line argument:             -Dfile.encoding=UTF-8
24-May-2026 19:28:04.577 INFORMACIÓN [main] org.apache.catalina.startup.VersionLoggerListener.log Command line argument:             -Dsun.stdout.encoding=UTF-8
24-May-2026 19:28:04.577 INFORMACIÓN [main] org.apache.catalina.startup.VersionLoggerListener.log Command line argument:             -Dsun.stderr.encoding=UTF-8
24-May-2026 19:28:04.585 INFORMACIÓN [main] org.apache.catalina.core.AprLifecycleListener.lifecycleEvent Cargada la biblioteca nativa APR de Apache Tomcat [1.3.7] con la versión APR [1.7.6].
24-May-2026 19:28:04.585 INFORMACIÓN [main] org.apache.catalina.core.AprLifecycleListener.lifecycleEvent Capacidades APR: IPv6 [true], enviar fichero [true], aceptar filtros [false], aleatorio [true], UDS [true].
24-May-2026 19:28:04.585 INFORMACIÓN [main] org.apache.catalina.core.AprLifecycleListener.lifecycleEvent APR/OpenSSL configuration: useAprConnector [false], useOpenSSL [true]
24-May-2026 19:28:04.594 INFORMACIÓN [main] org.apache.catalina.core.AprLifecycleListener.initializeSSL OpenSSL inicializado correctamente [OpenSSL 3.0.19 27 Jan 2026]
24-May-2026 19:28:04.852 INFORMACIÓN [main] org.apache.coyote.AbstractProtocol.init Inicializando el manejador de protocolo ["http-nio-8080"]

24-May-2026 19:28:04.865 INFORMACIÓN [main] org.apache.catalina.startup.Catalina.load Server initialization in [520] milliseconds
24-May-2026 19:28:04.898 INFORMACIÓN [main] org.apache.catalina.core.StandardService.startInternal Arrancando servicio [Catalina]
24-May-2026 19:28:04.899 INFORMACIÓN [main] org.apache.catalina.core.StandardEngine.startInternal Starting Servlet engine: [Apache Tomcat/9.0.117]
24-May-2026 19:28:04.919 INFORMACIÓN [main] org.apache.catalina.startup.HostConfig.deployDescriptor Desplieque del descriptor de configuración [G:\IntelliJ\eventosProyecto\conf\Catalina\localhost\eventosProyecto.xml]
24-May-2026 19:28:05.763 INFORMACIÓN [main] org.apache.jasper.servlet.TldScanner.scanJars Al menos un JAR, que se ha explorado buscando TLDs, aún no contenía TLDs. Activar historial de depuración para este historiador para una completa lista de los JARs que fueron explorados y de los que nos se halló TLDs. Saltarse JARs no necesarios durante la exploración puede dar lugar a una mejora de tiempo significativa en el arranque y compilación de JSP .
24-May-2026 19:28:05.852 INFORMACIÓN [main] org.apache.catalina.startup.HostConfig.deployDescriptor Deployment of deployment descriptor [G:\IntelliJ\eventosProyecto\conf\Catalina\localhost\eventosProyecto.xml] has finished in [929] ms
24-May-2026 19:28:05.855 INFORMACIÓN [main] org.apache.coyote.AbstractProtocol.start Starting ProtocolHandler ["http-nio-8080"]
24-May-2026 19:28:05.872 INFORMACIÓN [main] org.apache.catalina.startup.Catalina.start Server startup in [1006] milliseconds
24-May-2026 19:32:39.332 INFORMACIÓN [Thread-1] org.apache.coyote.AbstractProtocol.pause Pausing ProtocolHandler ["http-nio-8080"]
24-May-2026 19:32:39.339 INFORMACIÓN [Thread-1] org.apache.catalina.core.StandardService.stopInternal Parando servicio [Catalina]
24-May-2026 19:32:39.342 ADVERTENCIA [Thread-1] org.apache.catalina.loader.WebappClassLoaderBase.clearReferencesJdbc La aplicación web [eventosProyecto] registró el conductor JDBC [com.mysql.cj.jdbc.Driver] pero falló al anular el registro mientras la aplicación web estaba parada. Para prevenir un fallo de memoria, se ha anulado el registro del conductor JDBC por la fuerza.
24-May-2026 19:32:39.342 ADVERTENCIA [Thread-1] org.apache.catalina.loader.WebappClassLoaderBase.clearReferencesThreads The web application [eventosProyecto] appears to have started a thread named [mysql-cj-abandoned-connection-cleanup] but has failed to stop it. This is very likely to create a memory leak. Stack trace of thread:
 java.base/java.lang.Object.wait0(Native Method)
 java.base/java.lang.Object.wait(Object.java:389)
 java.base/java.lang.ref.ReferenceQueue.remove0(ReferenceQueue.java:123)
 java.base/java.lang.ref.ReferenceQueue.remove(ReferenceQueue.java:201)
 com.mysql.cj.jdbc.AbandonedConnectionCleanupThread.run(AbandonedConnectionCleanupThread.java:91)
 java.base/java.util.concurrent.ThreadPoolExecutor.runWorker(ThreadPoolExecutor.java:1090)
 java.base/java.util.concurrent.ThreadPoolExecutor$Worker.run(ThreadPoolExecutor.java:614)
 java.base/java.lang.Thread.run(Thread.java:1474)
24-May-2026 19:32:39.344 INFORMACIÓN [Thread-1] org.apache.coyote.AbstractProtocol.stop Stopping ProtocolHandler ["http-nio-8080"]
24-May-2026 19:32:39.347 INFORMACIÓN [Thread-1] org.apache.coyote.AbstractProtocol.destroy Destroying ProtocolHandler ["http-nio-8080"]
24-May-2026 19:32:40.601 INFORMACIÓN [main] org.apache.catalina.startup.VersionLoggerListener.log Nombre de la versión del servidor: Apache Tomcat/9.0.117
24-May-2026 19:32:40.603 INFORMACIÓN [main] org.apache.catalina.startup.VersionLoggerListener.log Server built:                      Mar 30 2026 18:21:16 UTC
24-May-2026 19:32:40.603 INFORMACIÓN [main] org.apache.catalina.startup.VersionLoggerListener.log Número de versión de servidor:     9.0.117.0
24-May-2026 19:32:40.603 INFORMACIÓN [main] org.apache.catalina.startup.VersionLoggerListener.log OS Name:                           Windows 11
24-May-2026 19:32:40.603 INFORMACIÓN [main] org.apache.catalina.startup.VersionLoggerListener.log Versión de Systema Operativo:      10.0
24-May-2026 19:32:40.603 INFORMACIÓN [main] org.apache.catalina.startup.VersionLoggerListener.log Arquitectura:                      amd64
24-May-2026 19:32:40.604 INFORMACIÓN [main] org.apache.catalina.startup.VersionLoggerListener.log Java Home:                         C:\Users\cetme\.jdks\ms-25.0.3
24-May-2026 19:32:40.604 INFORMACIÓN [main] org.apache.catalina.startup.VersionLoggerListener.log JVM Version:                       25.0.3+9-LTS
24-May-2026 19:32:40.604 INFORMACIÓN [main] org.apache.catalina.startup.VersionLoggerListener.log Vededor JVM:                       Microsoft
24-May-2026 19:32:40.604 INFORMACIÓN [main] org.apache.catalina.startup.VersionLoggerListener.log CATALINA_BASE:                     G:\IntelliJ\eventosProyecto
24-May-2026 19:32:40.604 INFORMACIÓN [main] org.apache.catalina.startup.VersionLoggerListener.log CATALINA_HOME:                     G:\IntelliJ\Tomcat\apache-tomcat-9.0.117-20260522T151456Z-3-001\apache-tomcat-9.0.117
24-May-2026 19:32:40.614 INFORMACIÓN [main] org.apache.catalina.startup.VersionLoggerListener.log Command line argument:             --add-opens=java.base/java.lang=ALL-UNNAMED
24-May-2026 19:32:40.614 INFORMACIÓN [main] org.apache.catalina.startup.VersionLoggerListener.log Command line argument:             --add-opens=java.base/java.io=ALL-UNNAMED
24-May-2026 19:32:40.614 INFORMACIÓN [main] org.apache.catalina.startup.VersionLoggerListener.log Command line argument:             --add-opens=java.base/java.util=ALL-UNNAMED
24-May-2026 19:32:40.614 INFORMACIÓN [main] org.apache.catalina.startup.VersionLoggerListener.log Command line argument:             --add-opens=java.base/java.util.concurrent=ALL-UNNAMED
24-May-2026 19:32:40.614 INFORMACIÓN [main] org.apache.catalina.startup.VersionLoggerListener.log Command line argument:             --add-opens=java.rmi/sun.rmi.transport=ALL-UNNAMED
24-May-2026 19:32:40.614 INFORMACIÓN [main] org.apache.catalina.startup.VersionLoggerListener.log Command line argument:             -Dcatalina.home=G:\IntelliJ\Tomcat\apache-tomcat-9.0.117-20260522T151456Z-3-001\apache-tomcat-9.0.117
24-May-2026 19:32:40.616 INFORMACIÓN [main] org.apache.catalina.startup.VersionLoggerListener.log Command line argument:             -Dcatalina.base=G:\IntelliJ\eventosProyecto
24-May-2026 19:32:40.616 INFORMACIÓN [main] org.apache.catalina.startup.VersionLoggerListener.log Command line argument:             -Djava.io.tmpdir=G:\IntelliJ\eventosProyecto\temp
24-May-2026 19:32:40.616 INFORMACIÓN [main] org.apache.catalina.startup.VersionLoggerListener.log Command line argument:             -Djava.util.logging.config.file=G:\IntelliJ\eventosProyecto\conf\logging.properties
24-May-2026 19:32:40.616 INFORMACIÓN [main] org.apache.catalina.startup.VersionLoggerListener.log Command line argument:             -Djava.util.logging.manager=org.apache.juli.ClassLoaderLogManager
24-May-2026 19:32:40.616 INFORMACIÓN [main] org.apache.catalina.startup.VersionLoggerListener.log Command line argument:             -javaagent:G:\IntelliJ\IntelliJ IDEA 2026.1.2\lib\idea_rt.jar=59958
24-May-2026 19:32:40.616 INFORMACIÓN [main] org.apache.catalina.startup.VersionLoggerListener.log Command line argument:             -Dfile.encoding=UTF-8
24-May-2026 19:32:40.616 INFORMACIÓN [main] org.apache.catalina.startup.VersionLoggerListener.log Command line argument:             -Dsun.stdout.encoding=UTF-8
24-May-2026 19:32:40.616 INFORMACIÓN [main] org.apache.catalina.startup.VersionLoggerListener.log Command line argument:             -Dsun.stderr.encoding=UTF-8
24-May-2026 19:32:40.621 INFORMACIÓN [main] org.apache.catalina.core.AprLifecycleListener.lifecycleEvent Cargada la biblioteca nativa APR de Apache Tomcat [1.3.7] con la versión APR [1.7.6].
24-May-2026 19:32:40.622 INFORMACIÓN [main] org.apache.catalina.core.AprLifecycleListener.lifecycleEvent Capacidades APR: IPv6 [true], enviar fichero [true], aceptar filtros [false], aleatorio [true], UDS [true].
24-May-2026 19:32:40.622 INFORMACIÓN [main] org.apache.catalina.core.AprLifecycleListener.lifecycleEvent APR/OpenSSL configuration: useAprConnector [false], useOpenSSL [true]
24-May-2026 19:32:40.629 INFORMACIÓN [main] org.apache.catalina.core.AprLifecycleListener.initializeSSL OpenSSL inicializado correctamente [OpenSSL 3.0.19 27 Jan 2026]
24-May-2026 19:32:40.850 INFORMACIÓN [main] org.apache.coyote.AbstractProtocol.init Inicializando el manejador de protocolo ["http-nio-8080"]

24-May-2026 19:32:40.866 INFORMACIÓN [main] org.apache.catalina.startup.Catalina.load Server initialization in [436] milliseconds
24-May-2026 19:32:40.896 INFORMACIÓN [main] org.apache.catalina.core.StandardService.startInternal Arrancando servicio [Catalina]
24-May-2026 19:32:40.897 INFORMACIÓN [main] org.apache.catalina.core.StandardEngine.startInternal Starting Servlet engine: [Apache Tomcat/9.0.117]
24-May-2026 19:32:40.909 INFORMACIÓN [main] org.apache.catalina.startup.HostConfig.deployDescriptor Desplieque del descriptor de configuración [G:\IntelliJ\eventosProyecto\conf\Catalina\localhost\eventosProyecto.xml]
24-May-2026 19:32:41.757 INFORMACIÓN [main] org.apache.jasper.servlet.TldScanner.scanJars Al menos un JAR, que se ha explorado buscando TLDs, aún no contenía TLDs. Activar historial de depuración para este historiador para una completa lista de los JARs que fueron explorados y de los que nos se halló TLDs. Saltarse JARs no necesarios durante la exploración puede dar lugar a una mejora de tiempo significativa en el arranque y compilación de JSP .
24-May-2026 19:32:41.844 INFORMACIÓN [main] org.apache.catalina.startup.HostConfig.deployDescriptor Deployment of deployment descriptor [G:\IntelliJ\eventosProyecto\conf\Catalina\localhost\eventosProyecto.xml] has finished in [932] ms
24-May-2026 19:32:41.848 INFORMACIÓN [main] org.apache.coyote.AbstractProtocol.start Starting ProtocolHandler ["http-nio-8080"]
24-May-2026 19:32:41.866 INFORMACIÓN [main] org.apache.catalina.startup.Catalina.start Server startup in [998] milliseconds
24-May-2026 19:42:57.505 INFORMACIÓN [Thread-1] org.apache.coyote.AbstractProtocol.pause Pausing ProtocolHandler ["http-nio-8080"]
24-May-2026 19:42:57.508 INFORMACIÓN [Thread-1] org.apache.catalina.core.StandardService.stopInternal Parando servicio [Catalina]
24-May-2026 19:42:57.512 ADVERTENCIA [Thread-1] org.apache.catalina.loader.WebappClassLoaderBase.clearReferencesJdbc La aplicación web [eventosProyecto] registró el conductor JDBC [com.mysql.cj.jdbc.Driver] pero falló al anular el registro mientras la aplicación web estaba parada. Para prevenir un fallo de memoria, se ha anulado el registro del conductor JDBC por la fuerza.
24-May-2026 19:42:57.512 ADVERTENCIA [Thread-1] org.apache.catalina.loader.WebappClassLoaderBase.clearReferencesThreads The web application [eventosProyecto] appears to have started a thread named [mysql-cj-abandoned-connection-cleanup] but has failed to stop it. This is very likely to create a memory leak. Stack trace of thread:
 java.base/java.lang.Object.wait0(Native Method)
 java.base/java.lang.Object.wait(Object.java:389)
 java.base/java.lang.ref.ReferenceQueue.remove0(ReferenceQueue.java:123)
 java.base/java.lang.ref.ReferenceQueue.remove(ReferenceQueue.java:201)
 com.mysql.cj.jdbc.AbandonedConnectionCleanupThread.run(AbandonedConnectionCleanupThread.java:91)
 java.base/java.util.concurrent.ThreadPoolExecutor.runWorker(ThreadPoolExecutor.java:1090)
 java.base/java.util.concurrent.ThreadPoolExecutor$Worker.run(ThreadPoolExecutor.java:614)
 java.base/java.lang.Thread.run(Thread.java:1474)
24-May-2026 19:42:57.514 INFORMACIÓN [Thread-1] org.apache.coyote.AbstractProtocol.stop Stopping ProtocolHandler ["http-nio-8080"]
24-May-2026 19:42:57.519 INFORMACIÓN [Thread-1] org.apache.coyote.AbstractProtocol.destroy Destroying ProtocolHandler ["http-nio-8080"]
24-May-2026 19:42:59.513 INFORMACIÓN [main] org.apache.catalina.startup.VersionLoggerListener.log Nombre de la versión del servidor: Apache Tomcat/9.0.117
24-May-2026 19:42:59.515 INFORMACIÓN [main] org.apache.catalina.startup.VersionLoggerListener.log Server built:                      Mar 30 2026 18:21:16 UTC
24-May-2026 19:42:59.515 INFORMACIÓN [main] org.apache.catalina.startup.VersionLoggerListener.log Número de versión de servidor:     9.0.117.0
24-May-2026 19:42:59.515 INFORMACIÓN [main] org.apache.catalina.startup.VersionLoggerListener.log OS Name:                           Windows 11
24-May-2026 19:42:59.515 INFORMACIÓN [main] org.apache.catalina.startup.VersionLoggerListener.log Versión de Systema Operativo:      10.0
24-May-2026 19:42:59.515 INFORMACIÓN [main] org.apache.catalina.startup.VersionLoggerListener.log Arquitectura:                      amd64
24-May-2026 19:42:59.516 INFORMACIÓN [main] org.apache.catalina.startup.VersionLoggerListener.log Java Home:                         C:\Users\cetme\.jdks\ms-25.0.3
24-May-2026 19:42:59.516 INFORMACIÓN [main] org.apache.catalina.startup.VersionLoggerListener.log JVM Version:                       25.0.3+9-LTS
24-May-2026 19:42:59.516 INFORMACIÓN [main] org.apache.catalina.startup.VersionLoggerListener.log Vededor JVM:                       Microsoft
24-May-2026 19:42:59.516 INFORMACIÓN [main] org.apache.catalina.startup.VersionLoggerListener.log CATALINA_BASE:                     G:\IntelliJ\eventosProyecto
24-May-2026 19:42:59.516 INFORMACIÓN [main] org.apache.catalina.startup.VersionLoggerListener.log CATALINA_HOME:                     G:\IntelliJ\Tomcat\apache-tomcat-9.0.117-20260522T151456Z-3-001\apache-tomcat-9.0.117
24-May-2026 19:42:59.525 INFORMACIÓN [main] org.apache.catalina.startup.VersionLoggerListener.log Command line argument:             --add-opens=java.base/java.lang=ALL-UNNAMED
24-May-2026 19:42:59.525 INFORMACIÓN [main] org.apache.catalina.startup.VersionLoggerListener.log Command line argument:             --add-opens=java.base/java.io=ALL-UNNAMED
24-May-2026 19:42:59.525 INFORMACIÓN [main] org.apache.catalina.startup.VersionLoggerListener.log Command line argument:             --add-opens=java.base/java.util=ALL-UNNAMED
24-May-2026 19:42:59.526 INFORMACIÓN [main] org.apache.catalina.startup.VersionLoggerListener.log Command line argument:             --add-opens=java.base/java.util.concurrent=ALL-UNNAMED
24-May-2026 19:42:59.526 INFORMACIÓN [main] org.apache.catalina.startup.VersionLoggerListener.log Command line argument:             --add-opens=java.rmi/sun.rmi.transport=ALL-UNNAMED
24-May-2026 19:42:59.526 INFORMACIÓN [main] org.apache.catalina.startup.VersionLoggerListener.log Command line argument:             -Dcatalina.home=G:\IntelliJ\Tomcat\apache-tomcat-9.0.117-20260522T151456Z-3-001\apache-tomcat-9.0.117
24-May-2026 19:42:59.526 INFORMACIÓN [main] org.apache.catalina.startup.VersionLoggerListener.log Command line argument:             -Dcatalina.base=G:\IntelliJ\eventosProyecto
24-May-2026 19:42:59.526 INFORMACIÓN [main] org.apache.catalina.startup.VersionLoggerListener.log Command line argument:             -Djava.io.tmpdir=G:\IntelliJ\eventosProyecto\temp
24-May-2026 19:42:59.526 INFORMACIÓN [main] org.apache.catalina.startup.VersionLoggerListener.log Command line argument:             -Djava.util.logging.config.file=G:\IntelliJ\eventosProyecto\conf\logging.properties
24-May-2026 19:42:59.526 INFORMACIÓN [main] org.apache.catalina.startup.VersionLoggerListener.log Command line argument:             -Djava.util.logging.manager=org.apache.juli.ClassLoaderLogManager
24-May-2026 19:42:59.526 INFORMACIÓN [main] org.apache.catalina.startup.VersionLoggerListener.log Command line argument:             -javaagent:G:\IntelliJ\IntelliJ IDEA 2026.1.2\lib\idea_rt.jar=52329
24-May-2026 19:42:59.526 INFORMACIÓN [main] org.apache.catalina.startup.VersionLoggerListener.log Command line argument:             -Dfile.encoding=UTF-8
24-May-2026 19:42:59.526 INFORMACIÓN [main] org.apache.catalina.startup.VersionLoggerListener.log Command line argument:             -Dsun.stdout.encoding=UTF-8
24-May-2026 19:42:59.526 INFORMACIÓN [main] org.apache.catalina.startup.VersionLoggerListener.log Command line argument:             -Dsun.stderr.encoding=UTF-8
24-May-2026 19:42:59.532 INFORMACIÓN [main] org.apache.catalina.core.AprLifecycleListener.lifecycleEvent Cargada la biblioteca nativa APR de Apache Tomcat [1.3.7] con la versión APR [1.7.6].
24-May-2026 19:42:59.532 INFORMACIÓN [main] org.apache.catalina.core.AprLifecycleListener.lifecycleEvent Capacidades APR: IPv6 [true], enviar fichero [true], aceptar filtros [false], aleatorio [true], UDS [true].
24-May-2026 19:42:59.532 INFORMACIÓN [main] org.apache.catalina.core.AprLifecycleListener.lifecycleEvent APR/OpenSSL configuration: useAprConnector [false], useOpenSSL [true]
24-May-2026 19:42:59.538 INFORMACIÓN [main] org.apache.catalina.core.AprLifecycleListener.initializeSSL OpenSSL inicializado correctamente [OpenSSL 3.0.19 27 Jan 2026]
24-May-2026 19:42:59.765 INFORMACIÓN [main] org.apache.coyote.AbstractProtocol.init Inicializando el manejador de protocolo ["http-nio-8080"]

24-May-2026 19:42:59.781 INFORMACIÓN [main] org.apache.catalina.startup.Catalina.load Server initialization in [402] milliseconds
24-May-2026 19:42:59.814 INFORMACIÓN [main] org.apache.catalina.core.StandardService.startInternal Arrancando servicio [Catalina]
24-May-2026 19:42:59.814 INFORMACIÓN [main] org.apache.catalina.core.StandardEngine.startInternal Starting Servlet engine: [Apache Tomcat/9.0.117]
24-May-2026 19:42:59.829 INFORMACIÓN [main] org.apache.catalina.startup.HostConfig.deployDescriptor Desplieque del descriptor de configuración [G:\IntelliJ\eventosProyecto\conf\Catalina\localhost\eventosProyecto.xml]
24-May-2026 19:43:00.673 INFORMACIÓN [main] org.apache.jasper.servlet.TldScanner.scanJars Al menos un JAR, que se ha explorado buscando TLDs, aún no contenía TLDs. Activar historial de depuración para este historiador para una completa lista de los JARs que fueron explorados y de los que nos se halló TLDs. Saltarse JARs no necesarios durante la exploración puede dar lugar a una mejora de tiempo significativa en el arranque y compilación de JSP .
24-May-2026 19:43:00.759 INFORMACIÓN [main] org.apache.catalina.startup.HostConfig.deployDescriptor Deployment of deployment descriptor [G:\IntelliJ\eventosProyecto\conf\Catalina\localhost\eventosProyecto.xml] has finished in [926] ms
24-May-2026 19:43:00.762 INFORMACIÓN [main] org.apache.coyote.AbstractProtocol.start Starting ProtocolHandler ["http-nio-8080"]
24-May-2026 19:43:00.780 INFORMACIÓN [main] org.apache.catalina.startup.Catalina.start Server startup in [997] milliseconds
24-May-2026 19:51:52.878 INFORMACIÓN [Thread-1] org.apache.coyote.AbstractProtocol.pause Pausing ProtocolHandler ["http-nio-8080"]
24-May-2026 19:51:52.884 INFORMACIÓN [Thread-1] org.apache.catalina.core.StandardService.stopInternal Parando servicio [Catalina]
24-May-2026 19:51:52.888 ADVERTENCIA [Thread-1] org.apache.catalina.loader.WebappClassLoaderBase.clearReferencesJdbc La aplicación web [eventosProyecto] registró el conductor JDBC [com.mysql.cj.jdbc.Driver] pero falló al anular el registro mientras la aplicación web estaba parada. Para prevenir un fallo de memoria, se ha anulado el registro del conductor JDBC por la fuerza.
24-May-2026 19:51:52.888 ADVERTENCIA [Thread-1] org.apache.catalina.loader.WebappClassLoaderBase.clearReferencesThreads The web application [eventosProyecto] appears to have started a thread named [mysql-cj-abandoned-connection-cleanup] but has failed to stop it. This is very likely to create a memory leak. Stack trace of thread:
 java.base/java.lang.Object.wait0(Native Method)
 java.base/java.lang.Object.wait(Object.java:389)
 java.base/java.lang.ref.ReferenceQueue.remove0(ReferenceQueue.java:123)
 java.base/java.lang.ref.ReferenceQueue.remove(ReferenceQueue.java:201)
 com.mysql.cj.jdbc.AbandonedConnectionCleanupThread.run(AbandonedConnectionCleanupThread.java:91)
 java.base/java.util.concurrent.ThreadPoolExecutor.runWorker(ThreadPoolExecutor.java:1090)
 java.base/java.util.concurrent.ThreadPoolExecutor$Worker.run(ThreadPoolExecutor.java:614)
 java.base/java.lang.Thread.run(Thread.java:1474)
24-May-2026 19:51:52.891 INFORMACIÓN [Thread-1] org.apache.coyote.AbstractProtocol.stop Stopping ProtocolHandler ["http-nio-8080"]
24-May-2026 19:51:52.894 INFORMACIÓN [Thread-1] org.apache.coyote.AbstractProtocol.destroy Destroying ProtocolHandler ["http-nio-8080"]
24-May-2026 19:51:54.821 INFORMACIÓN [main] org.apache.catalina.startup.VersionLoggerListener.log Nombre de la versión del servidor: Apache Tomcat/9.0.117
24-May-2026 19:51:54.824 INFORMACIÓN [main] org.apache.catalina.startup.VersionLoggerListener.log Server built:                      Mar 30 2026 18:21:16 UTC
24-May-2026 19:51:54.824 INFORMACIÓN [main] org.apache.catalina.startup.VersionLoggerListener.log Número de versión de servidor:     9.0.117.0
24-May-2026 19:51:54.824 INFORMACIÓN [main] org.apache.catalina.startup.VersionLoggerListener.log OS Name:                           Windows 11
24-May-2026 19:51:54.824 INFORMACIÓN [main] org.apache.catalina.startup.VersionLoggerListener.log Versión de Systema Operativo:      10.0
24-May-2026 19:51:54.824 INFORMACIÓN [main] org.apache.catalina.startup.VersionLoggerListener.log Arquitectura:                      amd64
24-May-2026 19:51:54.825 INFORMACIÓN [main] org.apache.catalina.startup.VersionLoggerListener.log Java Home:                         C:\Users\cetme\.jdks\ms-25.0.3
24-May-2026 19:51:54.825 INFORMACIÓN [main] org.apache.catalina.startup.VersionLoggerListener.log JVM Version:                       25.0.3+9-LTS
24-May-2026 19:51:54.825 INFORMACIÓN [main] org.apache.catalina.startup.VersionLoggerListener.log Vededor JVM:                       Microsoft
24-May-2026 19:51:54.825 INFORMACIÓN [main] org.apache.catalina.startup.VersionLoggerListener.log CATALINA_BASE:                     G:\IntelliJ\eventosProyecto
24-May-2026 19:51:54.825 INFORMACIÓN [main] org.apache.catalina.startup.VersionLoggerListener.log CATALINA_HOME:                     G:\IntelliJ\Tomcat\apache-tomcat-9.0.117-20260522T151456Z-3-001\apache-tomcat-9.0.117
24-May-2026 19:51:54.835 INFORMACIÓN [main] org.apache.catalina.startup.VersionLoggerListener.log Command line argument:             --add-opens=java.base/java.lang=ALL-UNNAMED
24-May-2026 19:51:54.835 INFORMACIÓN [main] org.apache.catalina.startup.VersionLoggerListener.log Command line argument:             --add-opens=java.base/java.io=ALL-UNNAMED
24-May-2026 19:51:54.835 INFORMACIÓN [main] org.apache.catalina.startup.VersionLoggerListener.log Command line argument:             --add-opens=java.base/java.util=ALL-UNNAMED
24-May-2026 19:51:54.835 INFORMACIÓN [main] org.apache.catalina.startup.VersionLoggerListener.log Command line argument:             --add-opens=java.base/java.util.concurrent=ALL-UNNAMED
24-May-2026 19:51:54.835 INFORMACIÓN [main] org.apache.catalina.startup.VersionLoggerListener.log Command line argument:             --add-opens=java.rmi/sun.rmi.transport=ALL-UNNAMED
24-May-2026 19:51:54.835 INFORMACIÓN [main] org.apache.catalina.startup.VersionLoggerListener.log Command line argument:             -Dcatalina.home=G:\IntelliJ\Tomcat\apache-tomcat-9.0.117-20260522T151456Z-3-001\apache-tomcat-9.0.117
24-May-2026 19:51:54.835 INFORMACIÓN [main] org.apache.catalina.startup.VersionLoggerListener.log Command line argument:             -Dcatalina.base=G:\IntelliJ\eventosProyecto
24-May-2026 19:51:54.835 INFORMACIÓN [main] org.apache.catalina.startup.VersionLoggerListener.log Command line argument:             -Djava.io.tmpdir=G:\IntelliJ\eventosProyecto\temp
24-May-2026 19:51:54.835 INFORMACIÓN [main] org.apache.catalina.startup.VersionLoggerListener.log Command line argument:             -Djava.util.logging.config.file=G:\IntelliJ\eventosProyecto\conf\logging.properties
24-May-2026 19:51:54.835 INFORMACIÓN [main] org.apache.catalina.startup.VersionLoggerListener.log Command line argument:             -Djava.util.logging.manager=org.apache.juli.ClassLoaderLogManager
24-May-2026 19:51:54.835 INFORMACIÓN [main] org.apache.catalina.startup.VersionLoggerListener.log Command line argument:             -javaagent:G:\IntelliJ\IntelliJ IDEA 2026.1.2\lib\idea_rt.jar=58985
24-May-2026 19:51:54.835 INFORMACIÓN [main] org.apache.catalina.startup.VersionLoggerListener.log Command line argument:             -Dfile.encoding=UTF-8
24-May-2026 19:51:54.835 INFORMACIÓN [main] org.apache.catalina.startup.VersionLoggerListener.log Command line argument:             -Dsun.stdout.encoding=UTF-8
24-May-2026 19:51:54.835 INFORMACIÓN [main] org.apache.catalina.startup.VersionLoggerListener.log Command line argument:             -Dsun.stderr.encoding=UTF-8
24-May-2026 19:51:54.841 INFORMACIÓN [main] org.apache.catalina.core.AprLifecycleListener.lifecycleEvent Cargada la biblioteca nativa APR de Apache Tomcat [1.3.7] con la versión APR [1.7.6].
24-May-2026 19:51:54.841 INFORMACIÓN [main] org.apache.catalina.core.AprLifecycleListener.lifecycleEvent Capacidades APR: IPv6 [true], enviar fichero [true], aceptar filtros [false], aleatorio [true], UDS [true].
24-May-2026 19:51:54.841 INFORMACIÓN [main] org.apache.catalina.core.AprLifecycleListener.lifecycleEvent APR/OpenSSL configuration: useAprConnector [false], useOpenSSL [true]
24-May-2026 19:51:54.849 INFORMACIÓN [main] org.apache.catalina.core.AprLifecycleListener.initializeSSL OpenSSL inicializado correctamente [OpenSSL 3.0.19 27 Jan 2026]
24-May-2026 19:51:55.066 INFORMACIÓN [main] org.apache.coyote.AbstractProtocol.init Inicializando el manejador de protocolo ["http-nio-8080"]

24-May-2026 19:51:55.081 INFORMACIÓN [main] org.apache.catalina.startup.Catalina.load Server initialization in [387] milliseconds
24-May-2026 19:51:55.112 INFORMACIÓN [main] org.apache.catalina.core.StandardService.startInternal Arrancando servicio [Catalina]
24-May-2026 19:51:55.113 INFORMACIÓN [main] org.apache.catalina.core.StandardEngine.startInternal Starting Servlet engine: [Apache Tomcat/9.0.117]
24-May-2026 19:51:55.126 INFORMACIÓN [main] org.apache.catalina.startup.HostConfig.deployDescriptor Desplieque del descriptor de configuración [G:\IntelliJ\eventosProyecto\conf\Catalina\localhost\eventosProyecto.xml]
24-May-2026 19:51:55.944 INFORMACIÓN [main] org.apache.jasper.servlet.TldScanner.scanJars Al menos un JAR, que se ha explorado buscando TLDs, aún no contenía TLDs. Activar historial de depuración para este historiador para una completa lista de los JARs que fueron explorados y de los que nos se halló TLDs. Saltarse JARs no necesarios durante la exploración puede dar lugar a una mejora de tiempo significativa en el arranque y compilación de JSP .
24-May-2026 19:51:56.030 INFORMACIÓN [main] org.apache.catalina.startup.HostConfig.deployDescriptor Deployment of deployment descriptor [G:\IntelliJ\eventosProyecto\conf\Catalina\localhost\eventosProyecto.xml] has finished in [901] ms
24-May-2026 19:51:56.033 INFORMACIÓN [main] org.apache.coyote.AbstractProtocol.start Starting ProtocolHandler ["http-nio-8080"]
24-May-2026 19:51:56.050 INFORMACIÓN [main] org.apache.catalina.startup.Catalina.start Server startup in [967] milliseconds
24-May-2026 19:54:07.079 INFORMACIÓN [Thread-1] org.apache.coyote.AbstractProtocol.pause Pausing ProtocolHandler ["http-nio-8080"]
24-May-2026 19:54:07.084 INFORMACIÓN [Thread-1] org.apache.catalina.core.StandardService.stopInternal Parando servicio [Catalina]
24-May-2026 19:54:07.087 ADVERTENCIA [Thread-1] org.apache.catalina.loader.WebappClassLoaderBase.clearReferencesJdbc La aplicación web [eventosProyecto] registró el conductor JDBC [com.mysql.cj.jdbc.Driver] pero falló al anular el registro mientras la aplicación web estaba parada. Para prevenir un fallo de memoria, se ha anulado el registro del conductor JDBC por la fuerza.
24-May-2026 19:54:07.087 ADVERTENCIA [Thread-1] org.apache.catalina.loader.WebappClassLoaderBase.clearReferencesThreads The web application [eventosProyecto] appears to have started a thread named [mysql-cj-abandoned-connection-cleanup] but has failed to stop it. This is very likely to create a memory leak. Stack trace of thread:
 java.base/java.lang.Object.wait0(Native Method)
 java.base/java.lang.Object.wait(Object.java:389)
 java.base/java.lang.ref.ReferenceQueue.remove0(ReferenceQueue.java:123)
 java.base/java.lang.ref.ReferenceQueue.remove(ReferenceQueue.java:201)
 com.mysql.cj.jdbc.AbandonedConnectionCleanupThread.run(AbandonedConnectionCleanupThread.java:91)
 java.base/java.util.concurrent.ThreadPoolExecutor.runWorker(ThreadPoolExecutor.java:1090)
 java.base/java.util.concurrent.ThreadPoolExecutor$Worker.run(ThreadPoolExecutor.java:614)
 java.base/java.lang.Thread.run(Thread.java:1474)
24-May-2026 19:54:07.090 INFORMACIÓN [Thread-1] org.apache.coyote.AbstractProtocol.stop Stopping ProtocolHandler ["http-nio-8080"]
24-May-2026 19:54:07.092 INFORMACIÓN [Thread-1] org.apache.coyote.AbstractProtocol.destroy Destroying ProtocolHandler ["http-nio-8080"]
24-May-2026 19:54:09.083 INFORMACIÓN [main] org.apache.catalina.startup.VersionLoggerListener.log Nombre de la versión del servidor: Apache Tomcat/9.0.117
24-May-2026 19:54:09.087 INFORMACIÓN [main] org.apache.catalina.startup.VersionLoggerListener.log Server built:                      Mar 30 2026 18:21:16 UTC
24-May-2026 19:54:09.087 INFORMACIÓN [main] org.apache.catalina.startup.VersionLoggerListener.log Número de versión de servidor:     9.0.117.0
24-May-2026 19:54:09.087 INFORMACIÓN [main] org.apache.catalina.startup.VersionLoggerListener.log OS Name:                           Windows 11
24-May-2026 19:54:09.087 INFORMACIÓN [main] org.apache.catalina.startup.VersionLoggerListener.log Versión de Systema Operativo:      10.0
24-May-2026 19:54:09.087 INFORMACIÓN [main] org.apache.catalina.startup.VersionLoggerListener.log Arquitectura:                      amd64
24-May-2026 19:54:09.087 INFORMACIÓN [main] org.apache.catalina.startup.VersionLoggerListener.log Java Home:                         C:\Users\cetme\.jdks\ms-25.0.3
24-May-2026 19:54:09.087 INFORMACIÓN [main] org.apache.catalina.startup.VersionLoggerListener.log JVM Version:                       25.0.3+9-LTS
24-May-2026 19:54:09.087 INFORMACIÓN [main] org.apache.catalina.startup.VersionLoggerListener.log Vededor JVM:                       Microsoft
24-May-2026 19:54:09.087 INFORMACIÓN [main] org.apache.catalina.startup.VersionLoggerListener.log CATALINA_BASE:                     G:\IntelliJ\eventosProyecto
24-May-2026 19:54:09.087 INFORMACIÓN [main] org.apache.catalina.startup.VersionLoggerListener.log CATALINA_HOME:                     G:\IntelliJ\Tomcat\apache-tomcat-9.0.117-20260522T151456Z-3-001\apache-tomcat-9.0.117
24-May-2026 19:54:09.097 INFORMACIÓN [main] org.apache.catalina.startup.VersionLoggerListener.log Command line argument:             --add-opens=java.base/java.lang=ALL-UNNAMED
24-May-2026 19:54:09.097 INFORMACIÓN [main] org.apache.catalina.startup.VersionLoggerListener.log Command line argument:             --add-opens=java.base/java.io=ALL-UNNAMED
24-May-2026 19:54:09.097 INFORMACIÓN [main] org.apache.catalina.startup.VersionLoggerListener.log Command line argument:             --add-opens=java.base/java.util=ALL-UNNAMED
24-May-2026 19:54:09.097 INFORMACIÓN [main] org.apache.catalina.startup.VersionLoggerListener.log Command line argument:             --add-opens=java.base/java.util.concurrent=ALL-UNNAMED
24-May-2026 19:54:09.097 INFORMACIÓN [main] org.apache.catalina.startup.VersionLoggerListener.log Command line argument:             --add-opens=java.rmi/sun.rmi.transport=ALL-UNNAMED
24-May-2026 19:54:09.097 INFORMACIÓN [main] org.apache.catalina.startup.VersionLoggerListener.log Command line argument:             -Dcatalina.home=G:\IntelliJ\Tomcat\apache-tomcat-9.0.117-20260522T151456Z-3-001\apache-tomcat-9.0.117
24-May-2026 19:54:09.097 INFORMACIÓN [main] org.apache.catalina.startup.VersionLoggerListener.log Command line argument:             -Dcatalina.base=G:\IntelliJ\eventosProyecto
24-May-2026 19:54:09.097 INFORMACIÓN [main] org.apache.catalina.startup.VersionLoggerListener.log Command line argument:             -Djava.io.tmpdir=G:\IntelliJ\eventosProyecto\temp
24-May-2026 19:54:09.097 INFORMACIÓN [main] org.apache.catalina.startup.VersionLoggerListener.log Command line argument:             -Djava.util.logging.config.file=G:\IntelliJ\eventosProyecto\conf\logging.properties
24-May-2026 19:54:09.097 INFORMACIÓN [main] org.apache.catalina.startup.VersionLoggerListener.log Command line argument:             -Djava.util.logging.manager=org.apache.juli.ClassLoaderLogManager
24-May-2026 19:54:09.098 INFORMACIÓN [main] org.apache.catalina.startup.VersionLoggerListener.log Command line argument:             -javaagent:G:\IntelliJ\IntelliJ IDEA 2026.1.2\lib\idea_rt.jar=52891
24-May-2026 19:54:09.098 INFORMACIÓN [main] org.apache.catalina.startup.VersionLoggerListener.log Command line argument:             -Dfile.encoding=UTF-8
24-May-2026 19:54:09.098 INFORMACIÓN [main] org.apache.catalina.startup.VersionLoggerListener.log Command line argument:             -Dsun.stdout.encoding=UTF-8
24-May-2026 19:54:09.098 INFORMACIÓN [main] org.apache.catalina.startup.VersionLoggerListener.log Command line argument:             -Dsun.stderr.encoding=UTF-8
24-May-2026 19:54:09.104 INFORMACIÓN [main] org.apache.catalina.core.AprLifecycleListener.lifecycleEvent Cargada la biblioteca nativa APR de Apache Tomcat [1.3.7] con la versión APR [1.7.6].
24-May-2026 19:54:09.104 INFORMACIÓN [main] org.apache.catalina.core.AprLifecycleListener.lifecycleEvent Capacidades APR: IPv6 [true], enviar fichero [true], aceptar filtros [false], aleatorio [true], UDS [true].
24-May-2026 19:54:09.104 INFORMACIÓN [main] org.apache.catalina.core.AprLifecycleListener.lifecycleEvent APR/OpenSSL configuration: useAprConnector [false], useOpenSSL [true]
24-May-2026 19:54:09.110 INFORMACIÓN [main] org.apache.catalina.core.AprLifecycleListener.initializeSSL OpenSSL inicializado correctamente [OpenSSL 3.0.19 27 Jan 2026]
24-May-2026 19:54:09.337 INFORMACIÓN [main] org.apache.coyote.AbstractProtocol.init Inicializando el manejador de protocolo ["http-nio-8080"]

24-May-2026 19:54:09.351 INFORMACIÓN [main] org.apache.catalina.startup.Catalina.load Server initialization in [397] milliseconds
24-May-2026 19:54:09.388 INFORMACIÓN [main] org.apache.catalina.core.StandardService.startInternal Arrancando servicio [Catalina]
24-May-2026 19:54:09.388 INFORMACIÓN [main] org.apache.catalina.core.StandardEngine.startInternal Starting Servlet engine: [Apache Tomcat/9.0.117]
24-May-2026 19:54:09.399 INFORMACIÓN [main] org.apache.catalina.startup.HostConfig.deployDescriptor Desplieque del descriptor de configuración [G:\IntelliJ\eventosProyecto\conf\Catalina\localhost\eventosProyecto.xml]
24-May-2026 19:54:10.241 INFORMACIÓN [main] org.apache.jasper.servlet.TldScanner.scanJars Al menos un JAR, que se ha explorado buscando TLDs, aún no contenía TLDs. Activar historial de depuración para este historiador para una completa lista de los JARs que fueron explorados y de los que nos se halló TLDs. Saltarse JARs no necesarios durante la exploración puede dar lugar a una mejora de tiempo significativa en el arranque y compilación de JSP .
24-May-2026 19:54:10.330 INFORMACIÓN [main] org.apache.catalina.startup.HostConfig.deployDescriptor Deployment of deployment descriptor [G:\IntelliJ\eventosProyecto\conf\Catalina\localhost\eventosProyecto.xml] has finished in [927] ms
24-May-2026 19:54:10.331 INFORMACIÓN [main] org.apache.coyote.AbstractProtocol.start Starting ProtocolHandler ["http-nio-8080"]
24-May-2026 19:54:10.350 INFORMACIÓN [main] org.apache.catalina.startup.Catalina.start Server startup in [997] milliseconds
24-May-2026 19:55:28.248 INFORMACIÓN [Thread-1] org.apache.coyote.AbstractProtocol.pause Pausing ProtocolHandler ["http-nio-8080"]
24-May-2026 19:55:28.251 INFORMACIÓN [Thread-1] org.apache.catalina.core.StandardService.stopInternal Parando servicio [Catalina]
24-May-2026 19:55:28.254 ADVERTENCIA [Thread-1] org.apache.catalina.loader.WebappClassLoaderBase.clearReferencesJdbc La aplicación web [eventosProyecto] registró el conductor JDBC [com.mysql.cj.jdbc.Driver] pero falló al anular el registro mientras la aplicación web estaba parada. Para prevenir un fallo de memoria, se ha anulado el registro del conductor JDBC por la fuerza.
24-May-2026 19:55:28.255 ADVERTENCIA [Thread-1] org.apache.catalina.loader.WebappClassLoaderBase.clearReferencesThreads The web application [eventosProyecto] appears to have started a thread named [mysql-cj-abandoned-connection-cleanup] but has failed to stop it. This is very likely to create a memory leak. Stack trace of thread:
 java.base/java.lang.Object.wait0(Native Method)
 java.base/java.lang.Object.wait(Object.java:389)
 java.base/java.lang.ref.ReferenceQueue.remove0(ReferenceQueue.java:123)
 java.base/java.lang.ref.ReferenceQueue.remove(ReferenceQueue.java:201)
 com.mysql.cj.jdbc.AbandonedConnectionCleanupThread.run(AbandonedConnectionCleanupThread.java:91)
 java.base/java.util.concurrent.ThreadPoolExecutor.runWorker(ThreadPoolExecutor.java:1090)
 java.base/java.util.concurrent.ThreadPoolExecutor$Worker.run(ThreadPoolExecutor.java:614)
 java.base/java.lang.Thread.run(Thread.java:1474)
24-May-2026 19:55:28.258 INFORMACIÓN [Thread-1] org.apache.coyote.AbstractProtocol.stop Stopping ProtocolHandler ["http-nio-8080"]
24-May-2026 19:55:28.260 INFORMACIÓN [Thread-1] org.apache.coyote.AbstractProtocol.destroy Destroying ProtocolHandler ["http-nio-8080"]
24-May-2026 19:55:30.148 INFORMACIÓN [main] org.apache.catalina.startup.VersionLoggerListener.log Nombre de la versión del servidor: Apache Tomcat/9.0.117
24-May-2026 19:55:30.151 INFORMACIÓN [main] org.apache.catalina.startup.VersionLoggerListener.log Server built:                      Mar 30 2026 18:21:16 UTC
24-May-2026 19:55:30.151 INFORMACIÓN [main] org.apache.catalina.startup.VersionLoggerListener.log Número de versión de servidor:     9.0.117.0
24-May-2026 19:55:30.151 INFORMACIÓN [main] org.apache.catalina.startup.VersionLoggerListener.log OS Name:                           Windows 11
24-May-2026 19:55:30.151 INFORMACIÓN [main] org.apache.catalina.startup.VersionLoggerListener.log Versión de Systema Operativo:      10.0
24-May-2026 19:55:30.151 INFORMACIÓN [main] org.apache.catalina.startup.VersionLoggerListener.log Arquitectura:                      amd64
24-May-2026 19:55:30.151 INFORMACIÓN [main] org.apache.catalina.startup.VersionLoggerListener.log Java Home:                         C:\Users\cetme\.jdks\ms-25.0.3
24-May-2026 19:55:30.151 INFORMACIÓN [main] org.apache.catalina.startup.VersionLoggerListener.log JVM Version:                       25.0.3+9-LTS
24-May-2026 19:55:30.151 INFORMACIÓN [main] org.apache.catalina.startup.VersionLoggerListener.log Vededor JVM:                       Microsoft
24-May-2026 19:55:30.151 INFORMACIÓN [main] org.apache.catalina.startup.VersionLoggerListener.log CATALINA_BASE:                     G:\IntelliJ\eventosProyecto
24-May-2026 19:55:30.152 INFORMACIÓN [main] org.apache.catalina.startup.VersionLoggerListener.log CATALINA_HOME:                     G:\IntelliJ\Tomcat\apache-tomcat-9.0.117-20260522T151456Z-3-001\apache-tomcat-9.0.117
24-May-2026 19:55:30.161 INFORMACIÓN [main] org.apache.catalina.startup.VersionLoggerListener.log Command line argument:             --add-opens=java.base/java.lang=ALL-UNNAMED
24-May-2026 19:55:30.162 INFORMACIÓN [main] org.apache.catalina.startup.VersionLoggerListener.log Command line argument:             --add-opens=java.base/java.io=ALL-UNNAMED
24-May-2026 19:55:30.162 INFORMACIÓN [main] org.apache.catalina.startup.VersionLoggerListener.log Command line argument:             --add-opens=java.base/java.util=ALL-UNNAMED
24-May-2026 19:55:30.162 INFORMACIÓN [main] org.apache.catalina.startup.VersionLoggerListener.log Command line argument:             --add-opens=java.base/java.util.concurrent=ALL-UNNAMED
24-May-2026 19:55:30.162 INFORMACIÓN [main] org.apache.catalina.startup.VersionLoggerListener.log Command line argument:             --add-opens=java.rmi/sun.rmi.transport=ALL-UNNAMED
24-May-2026 19:55:30.162 INFORMACIÓN [main] org.apache.catalina.startup.VersionLoggerListener.log Command line argument:             -Dcatalina.home=G:\IntelliJ\Tomcat\apache-tomcat-9.0.117-20260522T151456Z-3-001\apache-tomcat-9.0.117
24-May-2026 19:55:30.162 INFORMACIÓN [main] org.apache.catalina.startup.VersionLoggerListener.log Command line argument:             -Dcatalina.base=G:\IntelliJ\eventosProyecto
24-May-2026 19:55:30.162 INFORMACIÓN [main] org.apache.catalina.startup.VersionLoggerListener.log Command line argument:             -Djava.io.tmpdir=G:\IntelliJ\eventosProyecto\temp
24-May-2026 19:55:30.162 INFORMACIÓN [main] org.apache.catalina.startup.VersionLoggerListener.log Command line argument:             -Djava.util.logging.config.file=G:\IntelliJ\eventosProyecto\conf\logging.properties
24-May-2026 19:55:30.162 INFORMACIÓN [main] org.apache.catalina.startup.VersionLoggerListener.log Command line argument:             -Djava.util.logging.manager=org.apache.juli.ClassLoaderLogManager
24-May-2026 19:55:30.162 INFORMACIÓN [main] org.apache.catalina.startup.VersionLoggerListener.log Command line argument:             -javaagent:G:\IntelliJ\IntelliJ IDEA 2026.1.2\lib\idea_rt.jar=62558
24-May-2026 19:55:30.162 INFORMACIÓN [main] org.apache.catalina.startup.VersionLoggerListener.log Command line argument:             -Dfile.encoding=UTF-8
24-May-2026 19:55:30.162 INFORMACIÓN [main] org.apache.catalina.startup.VersionLoggerListener.log Command line argument:             -Dsun.stdout.encoding=UTF-8
24-May-2026 19:55:30.163 INFORMACIÓN [main] org.apache.catalina.startup.VersionLoggerListener.log Command line argument:             -Dsun.stderr.encoding=UTF-8
24-May-2026 19:55:30.168 INFORMACIÓN [main] org.apache.catalina.core.AprLifecycleListener.lifecycleEvent Cargada la biblioteca nativa APR de Apache Tomcat [1.3.7] con la versión APR [1.7.6].
24-May-2026 19:55:30.168 INFORMACIÓN [main] org.apache.catalina.core.AprLifecycleListener.lifecycleEvent Capacidades APR: IPv6 [true], enviar fichero [true], aceptar filtros [false], aleatorio [true], UDS [true].
24-May-2026 19:55:30.169 INFORMACIÓN [main] org.apache.catalina.core.AprLifecycleListener.lifecycleEvent APR/OpenSSL configuration: useAprConnector [false], useOpenSSL [true]
24-May-2026 19:55:30.176 INFORMACIÓN [main] org.apache.catalina.core.AprLifecycleListener.initializeSSL OpenSSL inicializado correctamente [OpenSSL 3.0.19 27 Jan 2026]
24-May-2026 19:55:30.403 INFORMACIÓN [main] org.apache.coyote.AbstractProtocol.init Inicializando el manejador de protocolo ["http-nio-8080"]

24-May-2026 19:55:30.416 INFORMACIÓN [main] org.apache.catalina.startup.Catalina.load Server initialization in [404] milliseconds
24-May-2026 19:55:30.448 INFORMACIÓN [main] org.apache.catalina.core.StandardService.startInternal Arrancando servicio [Catalina]
24-May-2026 19:55:30.448 INFORMACIÓN [main] org.apache.catalina.core.StandardEngine.startInternal Starting Servlet engine: [Apache Tomcat/9.0.117]
24-May-2026 19:55:30.462 INFORMACIÓN [main] org.apache.catalina.startup.HostConfig.deployDescriptor Desplieque del descriptor de configuración [G:\IntelliJ\eventosProyecto\conf\Catalina\localhost\eventosProyecto.xml]
24-May-2026 19:55:31.275 INFORMACIÓN [main] org.apache.jasper.servlet.TldScanner.scanJars Al menos un JAR, que se ha explorado buscando TLDs, aún no contenía TLDs. Activar historial de depuración para este historiador para una completa lista de los JARs que fueron explorados y de los que nos se halló TLDs. Saltarse JARs no necesarios durante la exploración puede dar lugar a una mejora de tiempo significativa en el arranque y compilación de JSP .
24-May-2026 19:55:31.362 INFORMACIÓN [main] org.apache.catalina.startup.HostConfig.deployDescriptor Deployment of deployment descriptor [G:\IntelliJ\eventosProyecto\conf\Catalina\localhost\eventosProyecto.xml] has finished in [896] ms
24-May-2026 19:55:31.364 INFORMACIÓN [main] org.apache.coyote.AbstractProtocol.start Starting ProtocolHandler ["http-nio-8080"]
24-May-2026 19:55:31.382 INFORMACIÓN [main] org.apache.catalina.startup.Catalina.start Server startup in [964] milliseconds
24-May-2026 19:57:21.784 INFORMACIÓN [Thread-1] org.apache.coyote.AbstractProtocol.pause Pausing ProtocolHandler ["http-nio-8080"]
24-May-2026 19:57:21.787 INFORMACIÓN [Thread-1] org.apache.catalina.core.StandardService.stopInternal Parando servicio [Catalina]
24-May-2026 19:57:21.791 ADVERTENCIA [Thread-1] org.apache.catalina.loader.WebappClassLoaderBase.clearReferencesJdbc La aplicación web [eventosProyecto] registró el conductor JDBC [com.mysql.cj.jdbc.Driver] pero falló al anular el registro mientras la aplicación web estaba parada. Para prevenir un fallo de memoria, se ha anulado el registro del conductor JDBC por la fuerza.
24-May-2026 19:57:21.791 ADVERTENCIA [Thread-1] org.apache.catalina.loader.WebappClassLoaderBase.clearReferencesThreads The web application [eventosProyecto] appears to have started a thread named [mysql-cj-abandoned-connection-cleanup] but has failed to stop it. This is very likely to create a memory leak. Stack trace of thread:
 java.base/java.lang.Object.wait0(Native Method)
 java.base/java.lang.Object.wait(Object.java:389)
 java.base/java.lang.ref.ReferenceQueue.remove0(ReferenceQueue.java:123)
 java.base/java.lang.ref.ReferenceQueue.remove(ReferenceQueue.java:201)
 com.mysql.cj.jdbc.AbandonedConnectionCleanupThread.run(AbandonedConnectionCleanupThread.java:91)
 java.base/java.util.concurrent.ThreadPoolExecutor.runWorker(ThreadPoolExecutor.java:1090)
 java.base/java.util.concurrent.ThreadPoolExecutor$Worker.run(ThreadPoolExecutor.java:614)
 java.base/java.lang.Thread.run(Thread.java:1474)
24-May-2026 19:57:21.794 INFORMACIÓN [Thread-1] org.apache.coyote.AbstractProtocol.stop Stopping ProtocolHandler ["http-nio-8080"]
24-May-2026 19:57:21.797 INFORMACIÓN [Thread-1] org.apache.coyote.AbstractProtocol.destroy Destroying ProtocolHandler ["http-nio-8080"]
