26-May-2026 19:26:30.716 INFORMACIÓN [main] org.apache.catalina.startup.VersionLoggerListener.log Nombre de la versión del servidor: Apache Tomcat/9.0.117
26-May-2026 19:26:30.719 INFORMACIÓN [main] org.apache.catalina.startup.VersionLoggerListener.log Server built:                      Mar 30 2026 18:21:16 UTC
26-May-2026 19:26:30.719 INFORMACIÓN [main] org.apache.catalina.startup.VersionLoggerListener.log Número de versión de servidor:     9.0.117.0
26-May-2026 19:26:30.719 INFORMACIÓN [main] org.apache.catalina.startup.VersionLoggerListener.log OS Name:                           Windows 11
26-May-2026 19:26:30.719 INFORMACIÓN [main] org.apache.catalina.startup.VersionLoggerListener.log Versión de Systema Operativo:      10.0
26-May-2026 19:26:30.719 INFORMACIÓN [main] org.apache.catalina.startup.VersionLoggerListener.log Arquitectura:                      amd64
26-May-2026 19:26:30.719 INFORMACIÓN [main] org.apache.catalina.startup.VersionLoggerListener.log Java Home:                         C:\Users\cetme\.jdks\ms-25.0.3
26-May-2026 19:26:30.719 INFORMACIÓN [main] org.apache.catalina.startup.VersionLoggerListener.log JVM Version:                       25.0.3+9-LTS
26-May-2026 19:26:30.719 INFORMACIÓN [main] org.apache.catalina.startup.VersionLoggerListener.log Vededor JVM:                       Microsoft
26-May-2026 19:26:30.719 INFORMACIÓN [main] org.apache.catalina.startup.VersionLoggerListener.log CATALINA_BASE:                     G:\IntelliJ\eventosProyecto
26-May-2026 19:26:30.719 INFORMACIÓN [main] org.apache.catalina.startup.VersionLoggerListener.log CATALINA_HOME:                     G:\IntelliJ\Tomcat\apache-tomcat-9.0.117-20260522T151456Z-3-001\apache-tomcat-9.0.117
26-May-2026 19:26:30.730 INFORMACIÓN [main] org.apache.catalina.startup.VersionLoggerListener.log Command line argument:             --add-opens=java.base/java.lang=ALL-UNNAMED
26-May-2026 19:26:30.730 INFORMACIÓN [main] org.apache.catalina.startup.VersionLoggerListener.log Command line argument:             --add-opens=java.base/java.io=ALL-UNNAMED
26-May-2026 19:26:30.730 INFORMACIÓN [main] org.apache.catalina.startup.VersionLoggerListener.log Command line argument:             --add-opens=java.base/java.util=ALL-UNNAMED
26-May-2026 19:26:30.730 INFORMACIÓN [main] org.apache.catalina.startup.VersionLoggerListener.log Command line argument:             --add-opens=java.base/java.util.concurrent=ALL-UNNAMED
26-May-2026 19:26:30.730 INFORMACIÓN [main] org.apache.catalina.startup.VersionLoggerListener.log Command line argument:             --add-opens=java.rmi/sun.rmi.transport=ALL-UNNAMED
26-May-2026 19:26:30.730 INFORMACIÓN [main] org.apache.catalina.startup.VersionLoggerListener.log Command line argument:             -Dcatalina.home=G:\IntelliJ\Tomcat\apache-tomcat-9.0.117-20260522T151456Z-3-001\apache-tomcat-9.0.117
26-May-2026 19:26:30.730 INFORMACIÓN [main] org.apache.catalina.startup.VersionLoggerListener.log Command line argument:             -Dcatalina.base=G:\IntelliJ\eventosProyecto
26-May-2026 19:26:30.730 INFORMACIÓN [main] org.apache.catalina.startup.VersionLoggerListener.log Command line argument:             -Djava.io.tmpdir=G:\IntelliJ\eventosProyecto\temp
26-May-2026 19:26:30.730 INFORMACIÓN [main] org.apache.catalina.startup.VersionLoggerListener.log Command line argument:             -Djava.util.logging.config.file=G:\IntelliJ\eventosProyecto\conf\logging.properties
26-May-2026 19:26:30.731 INFORMACIÓN [main] org.apache.catalina.startup.VersionLoggerListener.log Command line argument:             -Djava.util.logging.manager=org.apache.juli.ClassLoaderLogManager
26-May-2026 19:26:30.731 INFORMACIÓN [main] org.apache.catalina.startup.VersionLoggerListener.log Command line argument:             -javaagent:G:\IntelliJ\IntelliJ IDEA 2026.1.2\lib\idea_rt.jar=62396
26-May-2026 19:26:30.731 INFORMACIÓN [main] org.apache.catalina.startup.VersionLoggerListener.log Command line argument:             -Dfile.encoding=UTF-8
26-May-2026 19:26:30.731 INFORMACIÓN [main] org.apache.catalina.startup.VersionLoggerListener.log Command line argument:             -Dsun.stdout.encoding=UTF-8
26-May-2026 19:26:30.731 INFORMACIÓN [main] org.apache.catalina.startup.VersionLoggerListener.log Command line argument:             -Dsun.stderr.encoding=UTF-8
26-May-2026 19:26:31.008 INFORMACIÓN [main] org.apache.catalina.core.AprLifecycleListener.lifecycleEvent Cargada la biblioteca nativa APR de Apache Tomcat [1.3.7] con la versión APR [1.7.6].
26-May-2026 19:26:31.008 INFORMACIÓN [main] org.apache.catalina.core.AprLifecycleListener.lifecycleEvent Capacidades APR: IPv6 [true], enviar fichero [true], aceptar filtros [false], aleatorio [true], UDS [true].
26-May-2026 19:26:31.008 INFORMACIÓN [main] org.apache.catalina.core.AprLifecycleListener.lifecycleEvent APR/OpenSSL configuration: useAprConnector [false], useOpenSSL [true]
26-May-2026 19:26:31.016 INFORMACIÓN [main] org.apache.catalina.core.AprLifecycleListener.initializeSSL OpenSSL inicializado correctamente [OpenSSL 3.0.19 27 Jan 2026]
26-May-2026 19:26:31.282 INFORMACIÓN [main] org.apache.coyote.AbstractProtocol.init Inicializando el manejador de protocolo ["http-nio-8080"]

26-May-2026 19:26:31.307 INFORMACIÓN [main] org.apache.catalina.startup.Catalina.load Server initialization in [925] milliseconds
26-May-2026 19:26:31.345 INFORMACIÓN [main] org.apache.catalina.core.StandardService.startInternal Arrancando servicio [Catalina]
26-May-2026 19:26:31.345 INFORMACIÓN [main] org.apache.catalina.core.StandardEngine.startInternal Starting Servlet engine: [Apache Tomcat/9.0.117]
26-May-2026 19:26:31.351 INFORMACIÓN [main] org.apache.catalina.startup.HostConfig.deployDescriptor Desplieque del descriptor de configuración [G:\IntelliJ\eventosProyecto\conf\Catalina\localhost\eventosProyecto.xml]
26-May-2026 19:26:32.881 INFORMACIÓN [main] org.apache.jasper.servlet.TldScanner.scanJars Al menos un JAR, que se ha explorado buscando TLDs, aún no contenía TLDs. Activar historial de depuración para este historiador para una completa lista de los JARs que fueron explorados y de los que nos se halló TLDs. Saltarse JARs no necesarios durante la exploración puede dar lugar a una mejora de tiempo significativa en el arranque y compilación de JSP .
26-May-2026 19:26:33.001 INFORMACIÓN [main] org.apache.catalina.startup.HostConfig.deployDescriptor Deployment of deployment descriptor [G:\IntelliJ\eventosProyecto\conf\Catalina\localhost\eventosProyecto.xml] has finished in [1.645] ms
26-May-2026 19:26:33.002 INFORMACIÓN [main] org.apache.catalina.startup.HostConfig.deployDirectory Desplegando el directorio [G:\IntelliJ\eventosProyecto\webapps\conf] de la aplicación web
26-May-2026 19:26:33.020 INFORMACIÓN [main] org.apache.catalina.startup.HostConfig.deployDirectory Deployment of web application directory [G:\IntelliJ\eventosProyecto\webapps\conf] has finished in [18] ms
26-May-2026 19:26:33.020 INFORMACIÓN [main] org.apache.catalina.startup.HostConfig.deployDirectory Desplegando el directorio [G:\IntelliJ\eventosProyecto\webapps\logs] de la aplicación web
26-May-2026 19:26:33.037 INFORMACIÓN [main] org.apache.catalina.startup.HostConfig.deployDirectory Deployment of web application directory [G:\IntelliJ\eventosProyecto\webapps\logs] has finished in [17] ms
26-May-2026 19:26:33.040 INFORMACIÓN [main] org.apache.coyote.AbstractProtocol.start Starting ProtocolHandler ["http-nio-8080"]
26-May-2026 19:26:33.060 INFORMACIÓN [main] org.apache.catalina.startup.Catalina.start Server startup in [1751] milliseconds
26-May-2026 19:26:55.036 INFORMACIÓN [Thread-1] org.apache.coyote.AbstractProtocol.pause Pausing ProtocolHandler ["http-nio-8080"]
26-May-2026 19:26:55.039 INFORMACIÓN [Thread-1] org.apache.catalina.core.StandardService.stopInternal Parando servicio [Catalina]
26-May-2026 19:26:55.042 ADVERTENCIA [Thread-1] org.apache.catalina.loader.WebappClassLoaderBase.clearReferencesJdbc La aplicación web [eventosProyecto] registró el conductor JDBC [com.mysql.cj.jdbc.Driver] pero falló al anular el registro mientras la aplicación web estaba parada. Para prevenir un fallo de memoria, se ha anulado el registro del conductor JDBC por la fuerza.
26-May-2026 19:26:55.043 ADVERTENCIA [Thread-1] org.apache.catalina.loader.WebappClassLoaderBase.clearReferencesThreads The web application [eventosProyecto] appears to have started a thread named [mysql-cj-abandoned-connection-cleanup] but has failed to stop it. This is very likely to create a memory leak. Stack trace of thread:
 java.base/java.lang.Object.wait0(Native Method)
 java.base/java.lang.Object.wait(Object.java:389)
 java.base/java.lang.ref.ReferenceQueue.remove0(ReferenceQueue.java:123)
 java.base/java.lang.ref.ReferenceQueue.remove(ReferenceQueue.java:201)
 com.mysql.cj.jdbc.AbandonedConnectionCleanupThread.run(AbandonedConnectionCleanupThread.java:91)
 java.base/java.util.concurrent.ThreadPoolExecutor.runWorker(ThreadPoolExecutor.java:1090)
 java.base/java.util.concurrent.ThreadPoolExecutor$Worker.run(ThreadPoolExecutor.java:614)
 java.base/java.lang.Thread.run(Thread.java:1474)
26-May-2026 19:26:55.052 INFORMACIÓN [Thread-1] org.apache.coyote.AbstractProtocol.stop Stopping ProtocolHandler ["http-nio-8080"]
26-May-2026 19:26:55.065 INFORMACIÓN [Thread-1] org.apache.coyote.AbstractProtocol.destroy Destroying ProtocolHandler ["http-nio-8080"]
26-May-2026 19:26:56.350 INFORMACIÓN [main] org.apache.catalina.startup.VersionLoggerListener.log Nombre de la versión del servidor: Apache Tomcat/9.0.117
26-May-2026 19:26:56.352 INFORMACIÓN [main] org.apache.catalina.startup.VersionLoggerListener.log Server built:                      Mar 30 2026 18:21:16 UTC
26-May-2026 19:26:56.353 INFORMACIÓN [main] org.apache.catalina.startup.VersionLoggerListener.log Número de versión de servidor:     9.0.117.0
26-May-2026 19:26:56.353 INFORMACIÓN [main] org.apache.catalina.startup.VersionLoggerListener.log OS Name:                           Windows 11
26-May-2026 19:26:56.353 INFORMACIÓN [main] org.apache.catalina.startup.VersionLoggerListener.log Versión de Systema Operativo:      10.0
26-May-2026 19:26:56.353 INFORMACIÓN [main] org.apache.catalina.startup.VersionLoggerListener.log Arquitectura:                      amd64
26-May-2026 19:26:56.353 INFORMACIÓN [main] org.apache.catalina.startup.VersionLoggerListener.log Java Home:                         C:\Users\cetme\.jdks\ms-25.0.3
26-May-2026 19:26:56.353 INFORMACIÓN [main] org.apache.catalina.startup.VersionLoggerListener.log JVM Version:                       25.0.3+9-LTS
26-May-2026 19:26:56.353 INFORMACIÓN [main] org.apache.catalina.startup.VersionLoggerListener.log Vededor JVM:                       Microsoft
26-May-2026 19:26:56.353 INFORMACIÓN [main] org.apache.catalina.startup.VersionLoggerListener.log CATALINA_BASE:                     G:\IntelliJ\eventosProyecto
26-May-2026 19:26:56.353 INFORMACIÓN [main] org.apache.catalina.startup.VersionLoggerListener.log CATALINA_HOME:                     G:\IntelliJ\Tomcat\apache-tomcat-9.0.117-20260522T151456Z-3-001\apache-tomcat-9.0.117
26-May-2026 19:26:56.364 INFORMACIÓN [main] org.apache.catalina.startup.VersionLoggerListener.log Command line argument:             --add-opens=java.base/java.lang=ALL-UNNAMED
26-May-2026 19:26:56.364 INFORMACIÓN [main] org.apache.catalina.startup.VersionLoggerListener.log Command line argument:             --add-opens=java.base/java.io=ALL-UNNAMED
26-May-2026 19:26:56.364 INFORMACIÓN [main] org.apache.catalina.startup.VersionLoggerListener.log Command line argument:             --add-opens=java.base/java.util=ALL-UNNAMED
26-May-2026 19:26:56.364 INFORMACIÓN [main] org.apache.catalina.startup.VersionLoggerListener.log Command line argument:             --add-opens=java.base/java.util.concurrent=ALL-UNNAMED
26-May-2026 19:26:56.364 INFORMACIÓN [main] org.apache.catalina.startup.VersionLoggerListener.log Command line argument:             --add-opens=java.rmi/sun.rmi.transport=ALL-UNNAMED
26-May-2026 19:26:56.364 INFORMACIÓN [main] org.apache.catalina.startup.VersionLoggerListener.log Command line argument:             -Dcatalina.home=G:\IntelliJ\Tomcat\apache-tomcat-9.0.117-20260522T151456Z-3-001\apache-tomcat-9.0.117
26-May-2026 19:26:56.364 INFORMACIÓN [main] org.apache.catalina.startup.VersionLoggerListener.log Command line argument:             -Dcatalina.base=G:\IntelliJ\eventosProyecto
26-May-2026 19:26:56.364 INFORMACIÓN [main] org.apache.catalina.startup.VersionLoggerListener.log Command line argument:             -Djava.io.tmpdir=G:\IntelliJ\eventosProyecto\temp
26-May-2026 19:26:56.365 INFORMACIÓN [main] org.apache.catalina.startup.VersionLoggerListener.log Command line argument:             -Djava.util.logging.config.file=G:\IntelliJ\eventosProyecto\conf\logging.properties
26-May-2026 19:26:56.365 INFORMACIÓN [main] org.apache.catalina.startup.VersionLoggerListener.log Command line argument:             -Djava.util.logging.manager=org.apache.juli.ClassLoaderLogManager
26-May-2026 19:26:56.365 INFORMACIÓN [main] org.apache.catalina.startup.VersionLoggerListener.log Command line argument:             -javaagent:G:\IntelliJ\IntelliJ IDEA 2026.1.2\lib\idea_rt.jar=59462
26-May-2026 19:26:56.365 INFORMACIÓN [main] org.apache.catalina.startup.VersionLoggerListener.log Command line argument:             -Dfile.encoding=UTF-8
26-May-2026 19:26:56.365 INFORMACIÓN [main] org.apache.catalina.startup.VersionLoggerListener.log Command line argument:             -Dsun.stdout.encoding=UTF-8
26-May-2026 19:26:56.365 INFORMACIÓN [main] org.apache.catalina.startup.VersionLoggerListener.log Command line argument:             -Dsun.stderr.encoding=UTF-8
26-May-2026 19:26:56.370 INFORMACIÓN [main] org.apache.catalina.core.AprLifecycleListener.lifecycleEvent Cargada la biblioteca nativa APR de Apache Tomcat [1.3.7] con la versión APR [1.7.6].
26-May-2026 19:26:56.371 INFORMACIÓN [main] org.apache.catalina.core.AprLifecycleListener.lifecycleEvent Capacidades APR: IPv6 [true], enviar fichero [true], aceptar filtros [false], aleatorio [true], UDS [true].
26-May-2026 19:26:56.371 INFORMACIÓN [main] org.apache.catalina.core.AprLifecycleListener.lifecycleEvent APR/OpenSSL configuration: useAprConnector [false], useOpenSSL [true]
26-May-2026 19:26:56.379 INFORMACIÓN [main] org.apache.catalina.core.AprLifecycleListener.initializeSSL OpenSSL inicializado correctamente [OpenSSL 3.0.19 27 Jan 2026]
26-May-2026 19:26:56.613 INFORMACIÓN [main] org.apache.coyote.AbstractProtocol.init Inicializando el manejador de protocolo ["http-nio-8080"]

26-May-2026 19:26:56.628 INFORMACIÓN [main] org.apache.catalina.startup.Catalina.load Server initialization in [436] milliseconds
26-May-2026 19:26:56.660 INFORMACIÓN [main] org.apache.catalina.core.StandardService.startInternal Arrancando servicio [Catalina]
26-May-2026 19:26:56.660 INFORMACIÓN [main] org.apache.catalina.core.StandardEngine.startInternal Starting Servlet engine: [Apache Tomcat/9.0.117]
26-May-2026 19:26:56.679 INFORMACIÓN [main] org.apache.catalina.startup.HostConfig.deployDescriptor Desplieque del descriptor de configuración [G:\IntelliJ\eventosProyecto\conf\Catalina\localhost\eventosProyecto.xml]
26-May-2026 19:26:57.590 INFORMACIÓN [main] org.apache.jasper.servlet.TldScanner.scanJars Al menos un JAR, que se ha explorado buscando TLDs, aún no contenía TLDs. Activar historial de depuración para este historiador para una completa lista de los JARs que fueron explorados y de los que nos se halló TLDs. Saltarse JARs no necesarios durante la exploración puede dar lugar a una mejora de tiempo significativa en el arranque y compilación de JSP .
26-May-2026 19:26:57.684 INFORMACIÓN [main] org.apache.catalina.startup.HostConfig.deployDescriptor Deployment of deployment descriptor [G:\IntelliJ\eventosProyecto\conf\Catalina\localhost\eventosProyecto.xml] has finished in [1.001] ms
26-May-2026 19:26:57.684 INFORMACIÓN [main] org.apache.catalina.startup.HostConfig.deployDirectory Desplegando el directorio [G:\IntelliJ\eventosProyecto\webapps\conf] de la aplicación web
26-May-2026 19:26:57.701 INFORMACIÓN [main] org.apache.catalina.startup.HostConfig.deployDirectory Deployment of web application directory [G:\IntelliJ\eventosProyecto\webapps\conf] has finished in [17] ms
26-May-2026 19:26:57.701 INFORMACIÓN [main] org.apache.catalina.startup.HostConfig.deployDirectory Desplegando el directorio [G:\IntelliJ\eventosProyecto\webapps\logs] de la aplicación web
26-May-2026 19:26:57.717 INFORMACIÓN [main] org.apache.catalina.startup.HostConfig.deployDirectory Deployment of web application directory [G:\IntelliJ\eventosProyecto\webapps\logs] has finished in [16] ms
26-May-2026 19:26:57.720 INFORMACIÓN [main] org.apache.coyote.AbstractProtocol.start Starting ProtocolHandler ["http-nio-8080"]
26-May-2026 19:26:57.739 INFORMACIÓN [main] org.apache.catalina.startup.Catalina.start Server startup in [1109] milliseconds
26-May-2026 19:27:09.215 INFORMACIÓN [Thread-1] org.apache.coyote.AbstractProtocol.pause Pausing ProtocolHandler ["http-nio-8080"]
26-May-2026 19:27:09.219 INFORMACIÓN [Thread-1] org.apache.catalina.core.StandardService.stopInternal Parando servicio [Catalina]
26-May-2026 19:27:09.223 ADVERTENCIA [Thread-1] org.apache.catalina.loader.WebappClassLoaderBase.clearReferencesJdbc La aplicación web [eventosProyecto] registró el conductor JDBC [com.mysql.cj.jdbc.Driver] pero falló al anular el registro mientras la aplicación web estaba parada. Para prevenir un fallo de memoria, se ha anulado el registro del conductor JDBC por la fuerza.
26-May-2026 19:27:09.223 ADVERTENCIA [Thread-1] org.apache.catalina.loader.WebappClassLoaderBase.clearReferencesThreads The web application [eventosProyecto] appears to have started a thread named [mysql-cj-abandoned-connection-cleanup] but has failed to stop it. This is very likely to create a memory leak. Stack trace of thread:
 java.base/java.lang.Object.wait0(Native Method)
 java.base/java.lang.Object.wait(Object.java:389)
 java.base/java.lang.ref.ReferenceQueue.remove0(ReferenceQueue.java:123)
 java.base/java.lang.ref.ReferenceQueue.remove(ReferenceQueue.java:201)
 com.mysql.cj.jdbc.AbandonedConnectionCleanupThread.run(AbandonedConnectionCleanupThread.java:91)
 java.base/java.util.concurrent.ThreadPoolExecutor.runWorker(ThreadPoolExecutor.java:1090)
 java.base/java.util.concurrent.ThreadPoolExecutor$Worker.run(ThreadPoolExecutor.java:614)
 java.base/java.lang.Thread.run(Thread.java:1474)
26-May-2026 19:27:09.229 INFORMACIÓN [Thread-1] org.apache.coyote.AbstractProtocol.stop Stopping ProtocolHandler ["http-nio-8080"]
26-May-2026 19:27:09.233 INFORMACIÓN [Thread-1] org.apache.coyote.AbstractProtocol.destroy Destroying ProtocolHandler ["http-nio-8080"]
26-May-2026 19:27:10.556 INFORMACIÓN [main] org.apache.catalina.startup.VersionLoggerListener.log Nombre de la versión del servidor: Apache Tomcat/9.0.117
26-May-2026 19:27:10.558 INFORMACIÓN [main] org.apache.catalina.startup.VersionLoggerListener.log Server built:                      Mar 30 2026 18:21:16 UTC
26-May-2026 19:27:10.558 INFORMACIÓN [main] org.apache.catalina.startup.VersionLoggerListener.log Número de versión de servidor:     9.0.117.0
26-May-2026 19:27:10.558 INFORMACIÓN [main] org.apache.catalina.startup.VersionLoggerListener.log OS Name:                           Windows 11
26-May-2026 19:27:10.558 INFORMACIÓN [main] org.apache.catalina.startup.VersionLoggerListener.log Versión de Systema Operativo:      10.0
26-May-2026 19:27:10.559 INFORMACIÓN [main] org.apache.catalina.startup.VersionLoggerListener.log Arquitectura:                      amd64
26-May-2026 19:27:10.559 INFORMACIÓN [main] org.apache.catalina.startup.VersionLoggerListener.log Java Home:                         C:\Users\cetme\.jdks\ms-25.0.3
26-May-2026 19:27:10.559 INFORMACIÓN [main] org.apache.catalina.startup.VersionLoggerListener.log JVM Version:                       25.0.3+9-LTS
26-May-2026 19:27:10.559 INFORMACIÓN [main] org.apache.catalina.startup.VersionLoggerListener.log Vededor JVM:                       Microsoft
26-May-2026 19:27:10.559 INFORMACIÓN [main] org.apache.catalina.startup.VersionLoggerListener.log CATALINA_BASE:                     G:\IntelliJ\eventosProyecto
26-May-2026 19:27:10.559 INFORMACIÓN [main] org.apache.catalina.startup.VersionLoggerListener.log CATALINA_HOME:                     G:\IntelliJ\Tomcat\apache-tomcat-9.0.117-20260522T151456Z-3-001\apache-tomcat-9.0.117
26-May-2026 19:27:10.569 INFORMACIÓN [main] org.apache.catalina.startup.VersionLoggerListener.log Command line argument:             --add-opens=java.base/java.lang=ALL-UNNAMED
26-May-2026 19:27:10.569 INFORMACIÓN [main] org.apache.catalina.startup.VersionLoggerListener.log Command line argument:             --add-opens=java.base/java.io=ALL-UNNAMED
26-May-2026 19:27:10.569 INFORMACIÓN [main] org.apache.catalina.startup.VersionLoggerListener.log Command line argument:             --add-opens=java.base/java.util=ALL-UNNAMED
26-May-2026 19:27:10.569 INFORMACIÓN [main] org.apache.catalina.startup.VersionLoggerListener.log Command line argument:             --add-opens=java.base/java.util.concurrent=ALL-UNNAMED
26-May-2026 19:27:10.569 INFORMACIÓN [main] org.apache.catalina.startup.VersionLoggerListener.log Command line argument:             --add-opens=java.rmi/sun.rmi.transport=ALL-UNNAMED
26-May-2026 19:27:10.569 INFORMACIÓN [main] org.apache.catalina.startup.VersionLoggerListener.log Command line argument:             -Dcatalina.home=G:\IntelliJ\Tomcat\apache-tomcat-9.0.117-20260522T151456Z-3-001\apache-tomcat-9.0.117
26-May-2026 19:27:10.569 INFORMACIÓN [main] org.apache.catalina.startup.VersionLoggerListener.log Command line argument:             -Dcatalina.base=G:\IntelliJ\eventosProyecto
26-May-2026 19:27:10.569 INFORMACIÓN [main] org.apache.catalina.startup.VersionLoggerListener.log Command line argument:             -Djava.io.tmpdir=G:\IntelliJ\eventosProyecto\temp
26-May-2026 19:27:10.569 INFORMACIÓN [main] org.apache.catalina.startup.VersionLoggerListener.log Command line argument:             -Djava.util.logging.config.file=G:\IntelliJ\eventosProyecto\conf\logging.properties
26-May-2026 19:27:10.570 INFORMACIÓN [main] org.apache.catalina.startup.VersionLoggerListener.log Command line argument:             -Djava.util.logging.manager=org.apache.juli.ClassLoaderLogManager
26-May-2026 19:27:10.570 INFORMACIÓN [main] org.apache.catalina.startup.VersionLoggerListener.log Command line argument:             -javaagent:G:\IntelliJ\IntelliJ IDEA 2026.1.2\lib\idea_rt.jar=50645
26-May-2026 19:27:10.570 INFORMACIÓN [main] org.apache.catalina.startup.VersionLoggerListener.log Command line argument:             -Dfile.encoding=UTF-8
26-May-2026 19:27:10.570 INFORMACIÓN [main] org.apache.catalina.startup.VersionLoggerListener.log Command line argument:             -Dsun.stdout.encoding=UTF-8
26-May-2026 19:27:10.570 INFORMACIÓN [main] org.apache.catalina.startup.VersionLoggerListener.log Command line argument:             -Dsun.stderr.encoding=UTF-8
26-May-2026 19:27:10.576 INFORMACIÓN [main] org.apache.catalina.core.AprLifecycleListener.lifecycleEvent Cargada la biblioteca nativa APR de Apache Tomcat [1.3.7] con la versión APR [1.7.6].
26-May-2026 19:27:10.576 INFORMACIÓN [main] org.apache.catalina.core.AprLifecycleListener.lifecycleEvent Capacidades APR: IPv6 [true], enviar fichero [true], aceptar filtros [false], aleatorio [true], UDS [true].
26-May-2026 19:27:10.576 INFORMACIÓN [main] org.apache.catalina.core.AprLifecycleListener.lifecycleEvent APR/OpenSSL configuration: useAprConnector [false], useOpenSSL [true]
26-May-2026 19:27:10.583 INFORMACIÓN [main] org.apache.catalina.core.AprLifecycleListener.initializeSSL OpenSSL inicializado correctamente [OpenSSL 3.0.19 27 Jan 2026]
26-May-2026 19:27:10.793 INFORMACIÓN [main] org.apache.coyote.AbstractProtocol.init Inicializando el manejador de protocolo ["http-nio-8080"]

26-May-2026 19:27:10.808 INFORMACIÓN [main] org.apache.catalina.startup.Catalina.load Server initialization in [401] milliseconds
26-May-2026 19:27:10.839 INFORMACIÓN [main] org.apache.catalina.core.StandardService.startInternal Arrancando servicio [Catalina]
26-May-2026 19:27:10.839 INFORMACIÓN [main] org.apache.catalina.core.StandardEngine.startInternal Starting Servlet engine: [Apache Tomcat/9.0.117]
26-May-2026 19:27:10.856 INFORMACIÓN [main] org.apache.catalina.startup.HostConfig.deployDescriptor Desplieque del descriptor de configuración [G:\IntelliJ\eventosProyecto\conf\Catalina\localhost\eventosProyecto.xml]
26-May-2026 19:27:11.807 INFORMACIÓN [main] org.apache.jasper.servlet.TldScanner.scanJars Al menos un JAR, que se ha explorado buscando TLDs, aún no contenía TLDs. Activar historial de depuración para este historiador para una completa lista de los JARs que fueron explorados y de los que nos se halló TLDs. Saltarse JARs no necesarios durante la exploración puede dar lugar a una mejora de tiempo significativa en el arranque y compilación de JSP .
26-May-2026 19:27:11.898 INFORMACIÓN [main] org.apache.catalina.startup.HostConfig.deployDescriptor Deployment of deployment descriptor [G:\IntelliJ\eventosProyecto\conf\Catalina\localhost\eventosProyecto.xml] has finished in [1.038] ms
26-May-2026 19:27:11.898 INFORMACIÓN [main] org.apache.catalina.startup.HostConfig.deployDirectory Desplegando el directorio [G:\IntelliJ\eventosProyecto\webapps\conf] de la aplicación web
26-May-2026 19:27:11.917 INFORMACIÓN [main] org.apache.catalina.startup.HostConfig.deployDirectory Deployment of web application directory [G:\IntelliJ\eventosProyecto\webapps\conf] has finished in [19] ms
26-May-2026 19:27:11.917 INFORMACIÓN [main] org.apache.catalina.startup.HostConfig.deployDirectory Desplegando el directorio [G:\IntelliJ\eventosProyecto\webapps\logs] de la aplicación web
26-May-2026 19:27:11.932 INFORMACIÓN [main] org.apache.catalina.startup.HostConfig.deployDirectory Deployment of web application directory [G:\IntelliJ\eventosProyecto\webapps\logs] has finished in [15] ms
26-May-2026 19:27:11.935 INFORMACIÓN [main] org.apache.coyote.AbstractProtocol.start Starting ProtocolHandler ["http-nio-8080"]
26-May-2026 19:27:11.954 INFORMACIÓN [main] org.apache.catalina.startup.Catalina.start Server startup in [1145] milliseconds
26-May-2026 19:30:20.590 INFORMACIÓN [main] org.apache.catalina.startup.VersionLoggerListener.log Nombre de la versión del servidor: Apache Tomcat/9.0.117
26-May-2026 19:30:20.592 INFORMACIÓN [main] org.apache.catalina.startup.VersionLoggerListener.log Server built:                      Mar 30 2026 18:21:16 UTC
26-May-2026 19:30:20.593 INFORMACIÓN [main] org.apache.catalina.startup.VersionLoggerListener.log Número de versión de servidor:     9.0.117.0
26-May-2026 19:30:20.593 INFORMACIÓN [main] org.apache.catalina.startup.VersionLoggerListener.log OS Name:                           Windows 11
26-May-2026 19:30:20.593 INFORMACIÓN [main] org.apache.catalina.startup.VersionLoggerListener.log Versión de Systema Operativo:      10.0
26-May-2026 19:30:20.593 INFORMACIÓN [main] org.apache.catalina.startup.VersionLoggerListener.log Arquitectura:                      amd64
26-May-2026 19:30:20.593 INFORMACIÓN [main] org.apache.catalina.startup.VersionLoggerListener.log Java Home:                         C:\Users\cetme\.jdks\ms-25.0.3
26-May-2026 19:30:20.593 INFORMACIÓN [main] org.apache.catalina.startup.VersionLoggerListener.log JVM Version:                       25.0.3+9-LTS
26-May-2026 19:30:20.593 INFORMACIÓN [main] org.apache.catalina.startup.VersionLoggerListener.log Vededor JVM:                       Microsoft
26-May-2026 19:30:20.593 INFORMACIÓN [main] org.apache.catalina.startup.VersionLoggerListener.log CATALINA_BASE:                     G:\IntelliJ\eventosProyecto
26-May-2026 19:30:20.593 INFORMACIÓN [main] org.apache.catalina.startup.VersionLoggerListener.log CATALINA_HOME:                     G:\IntelliJ\Tomcat\apache-tomcat-9.0.117-20260522T151456Z-3-001\apache-tomcat-9.0.117
26-May-2026 19:30:20.604 INFORMACIÓN [main] org.apache.catalina.startup.VersionLoggerListener.log Command line argument:             --add-opens=java.base/java.lang=ALL-UNNAMED
26-May-2026 19:30:20.604 INFORMACIÓN [main] org.apache.catalina.startup.VersionLoggerListener.log Command line argument:             --add-opens=java.base/java.io=ALL-UNNAMED
26-May-2026 19:30:20.604 INFORMACIÓN [main] org.apache.catalina.startup.VersionLoggerListener.log Command line argument:             --add-opens=java.base/java.util=ALL-UNNAMED
26-May-2026 19:30:20.604 INFORMACIÓN [main] org.apache.catalina.startup.VersionLoggerListener.log Command line argument:             --add-opens=java.base/java.util.concurrent=ALL-UNNAMED
26-May-2026 19:30:20.605 INFORMACIÓN [main] org.apache.catalina.startup.VersionLoggerListener.log Command line argument:             --add-opens=java.rmi/sun.rmi.transport=ALL-UNNAMED
26-May-2026 19:30:20.605 INFORMACIÓN [main] org.apache.catalina.startup.VersionLoggerListener.log Command line argument:             -Dcatalina.home=G:\IntelliJ\Tomcat\apache-tomcat-9.0.117-20260522T151456Z-3-001\apache-tomcat-9.0.117
26-May-2026 19:30:20.605 INFORMACIÓN [main] org.apache.catalina.startup.VersionLoggerListener.log Command line argument:             -Dcatalina.base=G:\IntelliJ\eventosProyecto
26-May-2026 19:30:20.605 INFORMACIÓN [main] org.apache.catalina.startup.VersionLoggerListener.log Command line argument:             -Djava.io.tmpdir=G:\IntelliJ\eventosProyecto\temp
26-May-2026 19:30:20.605 INFORMACIÓN [main] org.apache.catalina.startup.VersionLoggerListener.log Command line argument:             -Djava.util.logging.config.file=G:\IntelliJ\eventosProyecto\conf\logging.properties
26-May-2026 19:30:20.605 INFORMACIÓN [main] org.apache.catalina.startup.VersionLoggerListener.log Command line argument:             -Djava.util.logging.manager=org.apache.juli.ClassLoaderLogManager
26-May-2026 19:30:20.605 INFORMACIÓN [main] org.apache.catalina.startup.VersionLoggerListener.log Command line argument:             -javaagent:G:\IntelliJ\IntelliJ IDEA 2026.1.2\lib\idea_rt.jar=59529
26-May-2026 19:30:20.605 INFORMACIÓN [main] org.apache.catalina.startup.VersionLoggerListener.log Command line argument:             -Dfile.encoding=UTF-8
26-May-2026 19:30:20.605 INFORMACIÓN [main] org.apache.catalina.startup.VersionLoggerListener.log Command line argument:             -Dsun.stdout.encoding=UTF-8
26-May-2026 19:30:20.606 INFORMACIÓN [main] org.apache.catalina.startup.VersionLoggerListener.log Command line argument:             -Dsun.stderr.encoding=UTF-8
26-May-2026 19:30:20.611 INFORMACIÓN [main] org.apache.catalina.core.AprLifecycleListener.lifecycleEvent Cargada la biblioteca nativa APR de Apache Tomcat [1.3.7] con la versión APR [1.7.6].
26-May-2026 19:30:20.612 INFORMACIÓN [main] org.apache.catalina.core.AprLifecycleListener.lifecycleEvent Capacidades APR: IPv6 [true], enviar fichero [true], aceptar filtros [false], aleatorio [true], UDS [true].
26-May-2026 19:30:20.612 INFORMACIÓN [main] org.apache.catalina.core.AprLifecycleListener.lifecycleEvent APR/OpenSSL configuration: useAprConnector [false], useOpenSSL [true]
26-May-2026 19:30:20.619 INFORMACIÓN [main] org.apache.catalina.core.AprLifecycleListener.initializeSSL OpenSSL inicializado correctamente [OpenSSL 3.0.19 27 Jan 2026]
26-May-2026 19:30:20.879 INFORMACIÓN [main] org.apache.coyote.AbstractProtocol.init Inicializando el manejador de protocolo ["http-nio-8080"]

26-May-2026 19:30:20.888 GRAVE [main] org.apache.catalina.util.LifecycleBase.handleSubClassException Fallo al iniciar el componente [Connector["http-nio-8080"]]
	org.apache.catalina.LifecycleException: Falló la inicialización del manejador de protocolo
		at org.apache.catalina.connector.Connector.initInternal(Connector.java:1084)
		at org.apache.catalina.util.LifecycleBase.init(LifecycleBase.java:122)
		at org.apache.catalina.core.StandardService.initInternal(StandardService.java:520)
		at org.apache.catalina.util.LifecycleBase.init(LifecycleBase.java:122)
		at org.apache.catalina.core.StandardServer.initInternal(StandardServer.java:984)
		at org.apache.catalina.util.LifecycleBase.init(LifecycleBase.java:122)
		at org.apache.catalina.startup.Catalina.load(Catalina.java:687)
		at org.apache.catalina.startup.Catalina.load(Catalina.java:710)
		at java.base/jdk.internal.reflect.DirectMethodHandleAccessor.invoke(DirectMethodHandleAccessor.java:104)
		at java.base/java.lang.reflect.Method.invoke(Method.java:565)
		at org.apache.catalina.startup.Bootstrap.load(Bootstrap.java:299)
		at org.apache.catalina.startup.Bootstrap.main(Bootstrap.java:472)
	Caused by: java.net.BindException: Address already in use: bind
		at java.base/sun.nio.ch.Net.bind0(Native Method)
		at java.base/sun.nio.ch.Net.bind(Net.java:522)
		at java.base/sun.nio.ch.ServerSocketChannelImpl.netBind(ServerSocketChannelImpl.java:335)
		at java.base/sun.nio.ch.ServerSocketChannelImpl.bind(ServerSocketChannelImpl.java:297)
		at org.apache.tomcat.util.net.NioEndpoint.initServerSocket(NioEndpoint.java:296)
		at org.apache.tomcat.util.net.NioEndpoint.bind(NioEndpoint.java:251)
		at org.apache.tomcat.util.net.AbstractEndpoint.bindWithCleanup(AbstractEndpoint.java:1498)
		at org.apache.tomcat.util.net.AbstractEndpoint.init(AbstractEndpoint.java:1511)
		at org.apache.coyote.AbstractProtocol.init(AbstractProtocol.java:667)
		at org.apache.coyote.http11.AbstractHttp11Protocol.init(AbstractHttp11Protocol.java:80)
		at org.apache.catalina.connector.Connector.initInternal(Connector.java:1082)
		... 11 more
26-May-2026 19:30:20.890 INFORMACIÓN [main] org.apache.catalina.startup.Catalina.load Server initialization in [450] milliseconds
26-May-2026 19:30:20.924 INFORMACIÓN [main] org.apache.catalina.core.StandardService.startInternal Arrancando servicio [Catalina]
26-May-2026 19:30:20.924 INFORMACIÓN [main] org.apache.catalina.core.StandardEngine.startInternal Starting Servlet engine: [Apache Tomcat/9.0.117]
26-May-2026 19:30:20.942 INFORMACIÓN [main] org.apache.catalina.startup.HostConfig.deployDescriptor Desplieque del descriptor de configuración [G:\IntelliJ\eventosProyecto\conf\Catalina\localhost\eventosProyecto.xml]
26-May-2026 19:30:21.961 INFORMACIÓN [main] org.apache.jasper.servlet.TldScanner.scanJars Al menos un JAR, que se ha explorado buscando TLDs, aún no contenía TLDs. Activar historial de depuración para este historiador para una completa lista de los JARs que fueron explorados y de los que nos se halló TLDs. Saltarse JARs no necesarios durante la exploración puede dar lugar a una mejora de tiempo significativa en el arranque y compilación de JSP .
26-May-2026 19:30:21.982 INFORMACIÓN [Catalina-utility-1] org.apache.catalina.startup.HostConfig.undeploy Repliegue (undeploy) de la aplicación web que tiene como trayectoria de contexto [/eventosProyecto]
26-May-2026 19:30:21.985 ADVERTENCIA [Catalina-utility-1] org.apache.catalina.loader.WebappClassLoaderBase.clearReferencesJdbc La aplicación web [eventosProyecto] registró el conductor JDBC [com.mysql.cj.jdbc.Driver] pero falló al anular el registro mientras la aplicación web estaba parada. Para prevenir un fallo de memoria, se ha anulado el registro del conductor JDBC por la fuerza.
26-May-2026 19:30:21.986 ADVERTENCIA [Catalina-utility-1] org.apache.catalina.loader.WebappClassLoaderBase.clearReferencesThreads The web application [eventosProyecto] appears to have started a thread named [mysql-cj-abandoned-connection-cleanup] but has failed to stop it. This is very likely to create a memory leak. Stack trace of thread:
 java.base/java.lang.Object.wait0(Native Method)
 java.base/java.lang.Object.wait(Object.java:389)
 java.base/java.lang.ref.ReferenceQueue.remove0(ReferenceQueue.java:123)
 java.base/java.lang.ref.ReferenceQueue.remove(ReferenceQueue.java:201)
 com.mysql.cj.jdbc.AbandonedConnectionCleanupThread.run(AbandonedConnectionCleanupThread.java:91)
 java.base/java.util.concurrent.ThreadPoolExecutor.runWorker(ThreadPoolExecutor.java:1090)
 java.base/java.util.concurrent.ThreadPoolExecutor$Worker.run(ThreadPoolExecutor.java:614)
 java.base/java.lang.Thread.run(Thread.java:1474)
26-May-2026 19:30:21.995 INFORMACIÓN [Catalina-utility-1] org.apache.catalina.startup.HostConfig.deployDescriptor Desplieque del descriptor de configuración [G:\IntelliJ\eventosProyecto\conf\Catalina\localhost\eventosProyecto.xml]
26-May-2026 19:30:22.080 INFORMACIÓN [main] org.apache.catalina.startup.HostConfig.deployDescriptor Deployment of deployment descriptor [G:\IntelliJ\eventosProyecto\conf\Catalina\localhost\eventosProyecto.xml] has finished in [1.134] ms
26-May-2026 19:30:22.081 INFORMACIÓN [main] org.apache.catalina.startup.HostConfig.deployDirectory Desplegando el directorio [G:\IntelliJ\eventosProyecto\webapps\conf] de la aplicación web
26-May-2026 19:30:22.103 INFORMACIÓN [main] org.apache.catalina.startup.HostConfig.deployDirectory Deployment of web application directory [G:\IntelliJ\eventosProyecto\webapps\conf] has finished in [21] ms
26-May-2026 19:30:22.103 INFORMACIÓN [main] org.apache.catalina.startup.HostConfig.deployDirectory Desplegando el directorio [G:\IntelliJ\eventosProyecto\webapps\logs] de la aplicación web
26-May-2026 19:30:22.125 INFORMACIÓN [main] org.apache.catalina.startup.HostConfig.deployDirectory Deployment of web application directory [G:\IntelliJ\eventosProyecto\webapps\logs] has finished in [22] ms
26-May-2026 19:30:22.129 INFORMACIÓN [main] org.apache.catalina.startup.Catalina.start Server startup in [1237] milliseconds
26-May-2026 19:30:22.135 GRAVE [main] org.apache.catalina.core.StandardServer.await Failed to create server shutdown socket on address [localhost] and port [8005] (base port [8005] and offset [0])
	java.net.BindException: Address already in use: bind
		at java.base/sun.nio.ch.Net.bind0(Native Method)
		at java.base/sun.nio.ch.Net.bind(Net.java:522)
		at java.base/sun.nio.ch.Net.bind(Net.java:511)
		at java.base/sun.nio.ch.NioSocketImpl.bind(NioSocketImpl.java:641)
		at java.base/java.net.ServerSocket.bind(ServerSocket.java:326)
		at java.base/java.net.ServerSocket.<init>(ServerSocket.java:222)
		at org.apache.catalina.core.StandardServer.await(StandardServer.java:535)
		at org.apache.catalina.startup.Catalina.await(Catalina.java:826)
		at org.apache.catalina.startup.Catalina.start(Catalina.java:774)
		at java.base/jdk.internal.reflect.DirectMethodHandleAccessor.invoke(DirectMethodHandleAccessor.java:104)
		at java.base/java.lang.reflect.Method.invoke(Method.java:565)
		at org.apache.catalina.startup.Bootstrap.start(Bootstrap.java:342)
		at org.apache.catalina.startup.Bootstrap.main(Bootstrap.java:473)
26-May-2026 19:30:22.136 INFORMACIÓN [main] org.apache.coyote.AbstractProtocol.pause Pausing ProtocolHandler ["http-nio-8080"]
26-May-2026 19:30:22.136 INFORMACIÓN [main] org.apache.catalina.core.StandardService.stopInternal Parando servicio [Catalina]
26-May-2026 19:30:22.146 INFORMACIÓN [main] org.apache.coyote.AbstractProtocol.stop Stopping ProtocolHandler ["http-nio-8080"]
26-May-2026 19:30:22.147 INFORMACIÓN [main] org.apache.coyote.AbstractProtocol.destroy Destroying ProtocolHandler ["http-nio-8080"]
26-May-2026 19:30:22.774 INFORMACIÓN [Catalina-utility-1] org.apache.jasper.servlet.TldScanner.scanJars Al menos un JAR, que se ha explorado buscando TLDs, aún no contenía TLDs. Activar historial de depuración para este historiador para una completa lista de los JARs que fueron explorados y de los que nos se halló TLDs. Saltarse JARs no necesarios durante la exploración puede dar lugar a una mejora de tiempo significativa en el arranque y compilación de JSP .
26-May-2026 19:30:22.829 INFORMACIÓN [Catalina-utility-1] org.apache.catalina.startup.HostConfig.deployDescriptor Deployment of deployment descriptor [G:\IntelliJ\eventosProyecto\conf\Catalina\localhost\eventosProyecto.xml] has finished in [834] ms
26-May-2026 19:30:26.992 INFORMACIÓN [mysql-cj-abandoned-connection-cleanup] org.apache.catalina.loader.WebappClassLoaderBase.checkStateForResourceLoading Acceso ilegal: esta instancia de aplicación web ya ha sido parada.  Could not load [].  La eventual traza de pila que sigue ha sido motivada por un error lanzado con motivos de depuración así como para intentar terminar el hilo que motivó el acceso ilegal y no tiene impacto funcional.
	java.lang.IllegalStateException: Acceso ilegal: esta instancia de aplicación web ya ha sido parada.  Could not load [].  La eventual traza de pila que sigue ha sido motivada por un error lanzado con motivos de depuración así como para intentar terminar el hilo que motivó el acceso ilegal y no tiene impacto funcional.
		at org.apache.catalina.loader.WebappClassLoaderBase.checkStateForResourceLoading(WebappClassLoaderBase.java:1370)
		at org.apache.catalina.loader.WebappClassLoaderBase.getResource(WebappClassLoaderBase.java:994)
		at com.mysql.cj.jdbc.AbandonedConnectionCleanupThread.checkThreadContextClassLoader(AbandonedConnectionCleanupThread.java:123)
		at com.mysql.cj.jdbc.AbandonedConnectionCleanupThread.run(AbandonedConnectionCleanupThread.java:90)
		at java.base/java.util.concurrent.ThreadPoolExecutor.runWorker(ThreadPoolExecutor.java:1090)
		at java.base/java.util.concurrent.ThreadPoolExecutor$Worker.run(ThreadPoolExecutor.java:614)
		at java.base/java.lang.Thread.run(Thread.java:1474)
26-May-2026 19:30:46.094 INFORMACIÓN [Thread-1] org.apache.coyote.AbstractProtocol.pause Pausing ProtocolHandler ["http-nio-8080"]
26-May-2026 19:30:46.097 INFORMACIÓN [Thread-1] org.apache.catalina.core.StandardService.stopInternal Parando servicio [Catalina]
26-May-2026 19:30:46.099 ADVERTENCIA [Thread-1] org.apache.catalina.loader.WebappClassLoaderBase.clearReferencesJdbc La aplicación web [eventosProyecto] registró el conductor JDBC [com.mysql.cj.jdbc.Driver] pero falló al anular el registro mientras la aplicación web estaba parada. Para prevenir un fallo de memoria, se ha anulado el registro del conductor JDBC por la fuerza.
26-May-2026 19:30:46.099 ADVERTENCIA [Thread-1] org.apache.catalina.loader.WebappClassLoaderBase.clearReferencesThreads The web application [eventosProyecto] appears to have started a thread named [mysql-cj-abandoned-connection-cleanup] but has failed to stop it. This is very likely to create a memory leak. Stack trace of thread:
 java.base/java.lang.Object.wait0(Native Method)
 java.base/java.lang.Object.wait(Object.java:389)
 java.base/java.lang.ref.ReferenceQueue.remove0(ReferenceQueue.java:123)
 java.base/java.lang.ref.ReferenceQueue.remove(ReferenceQueue.java:201)
 com.mysql.cj.jdbc.AbandonedConnectionCleanupThread.run(AbandonedConnectionCleanupThread.java:91)
 java.base/java.util.concurrent.ThreadPoolExecutor.runWorker(ThreadPoolExecutor.java:1090)
 java.base/java.util.concurrent.ThreadPoolExecutor$Worker.run(ThreadPoolExecutor.java:614)
 java.base/java.lang.Thread.run(Thread.java:1474)
26-May-2026 19:30:46.102 INFORMACIÓN [Thread-1] org.apache.coyote.AbstractProtocol.stop Stopping ProtocolHandler ["http-nio-8080"]
26-May-2026 19:30:46.104 INFORMACIÓN [Thread-1] org.apache.coyote.AbstractProtocol.destroy Destroying ProtocolHandler ["http-nio-8080"]
26-May-2026 19:33:12.205 INFORMACIÓN [main] org.apache.catalina.startup.VersionLoggerListener.log Nombre de la versión del servidor: Apache Tomcat/9.0.117
26-May-2026 19:33:12.207 INFORMACIÓN [main] org.apache.catalina.startup.VersionLoggerListener.log Server built:                      Mar 30 2026 18:21:16 UTC
26-May-2026 19:33:12.208 INFORMACIÓN [main] org.apache.catalina.startup.VersionLoggerListener.log Número de versión de servidor:     9.0.117.0
26-May-2026 19:33:12.208 INFORMACIÓN [main] org.apache.catalina.startup.VersionLoggerListener.log OS Name:                           Windows 11
26-May-2026 19:33:12.208 INFORMACIÓN [main] org.apache.catalina.startup.VersionLoggerListener.log Versión de Systema Operativo:      10.0
26-May-2026 19:33:12.208 INFORMACIÓN [main] org.apache.catalina.startup.VersionLoggerListener.log Arquitectura:                      amd64
26-May-2026 19:33:12.208 INFORMACIÓN [main] org.apache.catalina.startup.VersionLoggerListener.log Java Home:                         C:\Users\cetme\.jdks\ms-25.0.3
26-May-2026 19:33:12.208 INFORMACIÓN [main] org.apache.catalina.startup.VersionLoggerListener.log JVM Version:                       25.0.3+9-LTS
26-May-2026 19:33:12.208 INFORMACIÓN [main] org.apache.catalina.startup.VersionLoggerListener.log Vededor JVM:                       Microsoft
26-May-2026 19:33:12.209 INFORMACIÓN [main] org.apache.catalina.startup.VersionLoggerListener.log CATALINA_BASE:                     G:\IntelliJ\eventosProyecto
26-May-2026 19:33:12.209 INFORMACIÓN [main] org.apache.catalina.startup.VersionLoggerListener.log CATALINA_HOME:                     G:\IntelliJ\Tomcat\apache-tomcat-9.0.117-20260522T151456Z-3-001\apache-tomcat-9.0.117
26-May-2026 19:33:12.221 INFORMACIÓN [main] org.apache.catalina.startup.VersionLoggerListener.log Command line argument:             --add-opens=java.base/java.lang=ALL-UNNAMED
26-May-2026 19:33:12.221 INFORMACIÓN [main] org.apache.catalina.startup.VersionLoggerListener.log Command line argument:             --add-opens=java.base/java.io=ALL-UNNAMED
26-May-2026 19:33:12.221 INFORMACIÓN [main] org.apache.catalina.startup.VersionLoggerListener.log Command line argument:             --add-opens=java.base/java.util=ALL-UNNAMED
26-May-2026 19:33:12.221 INFORMACIÓN [main] org.apache.catalina.startup.VersionLoggerListener.log Command line argument:             --add-opens=java.base/java.util.concurrent=ALL-UNNAMED
26-May-2026 19:33:12.221 INFORMACIÓN [main] org.apache.catalina.startup.VersionLoggerListener.log Command line argument:             --add-opens=java.rmi/sun.rmi.transport=ALL-UNNAMED
26-May-2026 19:33:12.221 INFORMACIÓN [main] org.apache.catalina.startup.VersionLoggerListener.log Command line argument:             -Dcatalina.home=G:\IntelliJ\Tomcat\apache-tomcat-9.0.117-20260522T151456Z-3-001\apache-tomcat-9.0.117
26-May-2026 19:33:12.221 INFORMACIÓN [main] org.apache.catalina.startup.VersionLoggerListener.log Command line argument:             -Dcatalina.base=G:\IntelliJ\eventosProyecto
26-May-2026 19:33:12.221 INFORMACIÓN [main] org.apache.catalina.startup.VersionLoggerListener.log Command line argument:             -Djava.io.tmpdir=G:\IntelliJ\eventosProyecto\temp
26-May-2026 19:33:12.221 INFORMACIÓN [main] org.apache.catalina.startup.VersionLoggerListener.log Command line argument:             -Djava.util.logging.config.file=G:\IntelliJ\eventosProyecto\conf\logging.properties
26-May-2026 19:33:12.221 INFORMACIÓN [main] org.apache.catalina.startup.VersionLoggerListener.log Command line argument:             -Djava.util.logging.manager=org.apache.juli.ClassLoaderLogManager
26-May-2026 19:33:12.221 INFORMACIÓN [main] org.apache.catalina.startup.VersionLoggerListener.log Command line argument:             -javaagent:G:\IntelliJ\IntelliJ IDEA 2026.1.2\lib\idea_rt.jar=59267
26-May-2026 19:33:12.221 INFORMACIÓN [main] org.apache.catalina.startup.VersionLoggerListener.log Command line argument:             -Dfile.encoding=UTF-8
26-May-2026 19:33:12.223 INFORMACIÓN [main] org.apache.catalina.startup.VersionLoggerListener.log Command line argument:             -Dsun.stdout.encoding=UTF-8
26-May-2026 19:33:12.223 INFORMACIÓN [main] org.apache.catalina.startup.VersionLoggerListener.log Command line argument:             -Dsun.stderr.encoding=UTF-8
26-May-2026 19:33:12.229 INFORMACIÓN [main] org.apache.catalina.core.AprLifecycleListener.lifecycleEvent Cargada la biblioteca nativa APR de Apache Tomcat [1.3.7] con la versión APR [1.7.6].
26-May-2026 19:33:12.229 INFORMACIÓN [main] org.apache.catalina.core.AprLifecycleListener.lifecycleEvent Capacidades APR: IPv6 [true], enviar fichero [true], aceptar filtros [false], aleatorio [true], UDS [true].
26-May-2026 19:33:12.229 INFORMACIÓN [main] org.apache.catalina.core.AprLifecycleListener.lifecycleEvent APR/OpenSSL configuration: useAprConnector [false], useOpenSSL [true]
26-May-2026 19:33:12.238 INFORMACIÓN [main] org.apache.catalina.core.AprLifecycleListener.initializeSSL OpenSSL inicializado correctamente [OpenSSL 3.0.19 27 Jan 2026]
26-May-2026 19:33:12.477 INFORMACIÓN [main] org.apache.coyote.AbstractProtocol.init Inicializando el manejador de protocolo ["http-nio-8080"]

26-May-2026 19:33:12.495 INFORMACIÓN [main] org.apache.catalina.startup.Catalina.load Server initialization in [438] milliseconds
26-May-2026 19:33:12.528 INFORMACIÓN [main] org.apache.catalina.core.StandardService.startInternal Arrancando servicio [Catalina]
26-May-2026 19:33:12.528 INFORMACIÓN [main] org.apache.catalina.core.StandardEngine.startInternal Starting Servlet engine: [Apache Tomcat/9.0.117]
26-May-2026 19:33:12.539 INFORMACIÓN [main] org.apache.catalina.startup.HostConfig.deployDescriptor Desplieque del descriptor de configuración [G:\IntelliJ\eventosProyecto\conf\Catalina\localhost\eventosProyecto.xml]
26-May-2026 19:33:13.452 INFORMACIÓN [main] org.apache.jasper.servlet.TldScanner.scanJars Al menos un JAR, que se ha explorado buscando TLDs, aún no contenía TLDs. Activar historial de depuración para este historiador para una completa lista de los JARs que fueron explorados y de los que nos se halló TLDs. Saltarse JARs no necesarios durante la exploración puede dar lugar a una mejora de tiempo significativa en el arranque y compilación de JSP .
26-May-2026 19:33:13.546 INFORMACIÓN [main] org.apache.catalina.startup.HostConfig.deployDescriptor Deployment of deployment descriptor [G:\IntelliJ\eventosProyecto\conf\Catalina\localhost\eventosProyecto.xml] has finished in [1.002] ms
26-May-2026 19:33:13.547 INFORMACIÓN [main] org.apache.catalina.startup.HostConfig.deployDirectory Desplegando el directorio [G:\IntelliJ\eventosProyecto\webapps\conf] de la aplicación web
26-May-2026 19:33:13.564 INFORMACIÓN [main] org.apache.catalina.startup.HostConfig.deployDirectory Deployment of web application directory [G:\IntelliJ\eventosProyecto\webapps\conf] has finished in [17] ms
26-May-2026 19:33:13.564 INFORMACIÓN [main] org.apache.catalina.startup.HostConfig.deployDirectory Desplegando el directorio [G:\IntelliJ\eventosProyecto\webapps\logs] de la aplicación web
26-May-2026 19:33:13.580 INFORMACIÓN [main] org.apache.catalina.startup.HostConfig.deployDirectory Deployment of web application directory [G:\IntelliJ\eventosProyecto\webapps\logs] has finished in [16] ms
26-May-2026 19:33:13.583 INFORMACIÓN [main] org.apache.coyote.AbstractProtocol.start Starting ProtocolHandler ["http-nio-8080"]
26-May-2026 19:33:13.603 INFORMACIÓN [main] org.apache.catalina.startup.Catalina.start Server startup in [1107] milliseconds
26-May-2026 19:35:54.976 INFORMACIÓN [Thread-1] org.apache.coyote.AbstractProtocol.pause Pausing ProtocolHandler ["http-nio-8080"]
26-May-2026 19:35:54.980 INFORMACIÓN [Thread-1] org.apache.catalina.core.StandardService.stopInternal Parando servicio [Catalina]
26-May-2026 19:35:54.983 ADVERTENCIA [Thread-1] org.apache.catalina.loader.WebappClassLoaderBase.clearReferencesJdbc La aplicación web [eventosProyecto] registró el conductor JDBC [com.mysql.cj.jdbc.Driver] pero falló al anular el registro mientras la aplicación web estaba parada. Para prevenir un fallo de memoria, se ha anulado el registro del conductor JDBC por la fuerza.
26-May-2026 19:35:54.983 ADVERTENCIA [Thread-1] org.apache.catalina.loader.WebappClassLoaderBase.clearReferencesThreads The web application [eventosProyecto] appears to have started a thread named [mysql-cj-abandoned-connection-cleanup] but has failed to stop it. This is very likely to create a memory leak. Stack trace of thread:
 java.base/java.lang.Object.wait0(Native Method)
 java.base/java.lang.Object.wait(Object.java:389)
 java.base/java.lang.ref.ReferenceQueue.remove0(ReferenceQueue.java:123)
 java.base/java.lang.ref.ReferenceQueue.remove(ReferenceQueue.java:201)
 com.mysql.cj.jdbc.AbandonedConnectionCleanupThread.run(AbandonedConnectionCleanupThread.java:91)
 java.base/java.util.concurrent.ThreadPoolExecutor.runWorker(ThreadPoolExecutor.java:1090)
 java.base/java.util.concurrent.ThreadPoolExecutor$Worker.run(ThreadPoolExecutor.java:614)
 java.base/java.lang.Thread.run(Thread.java:1474)
26-May-2026 19:35:54.988 INFORMACIÓN [Thread-1] org.apache.coyote.AbstractProtocol.stop Stopping ProtocolHandler ["http-nio-8080"]
26-May-2026 19:35:54.990 INFORMACIÓN [Thread-1] org.apache.coyote.AbstractProtocol.destroy Destroying ProtocolHandler ["http-nio-8080"]
26-May-2026 19:35:56.324 INFORMACIÓN [main] org.apache.catalina.startup.VersionLoggerListener.log Nombre de la versión del servidor: Apache Tomcat/9.0.117
26-May-2026 19:35:56.326 INFORMACIÓN [main] org.apache.catalina.startup.VersionLoggerListener.log Server built:                      Mar 30 2026 18:21:16 UTC
26-May-2026 19:35:56.326 INFORMACIÓN [main] org.apache.catalina.startup.VersionLoggerListener.log Número de versión de servidor:     9.0.117.0
26-May-2026 19:35:56.326 INFORMACIÓN [main] org.apache.catalina.startup.VersionLoggerListener.log OS Name:                           Windows 11
26-May-2026 19:35:56.327 INFORMACIÓN [main] org.apache.catalina.startup.VersionLoggerListener.log Versión de Systema Operativo:      10.0
26-May-2026 19:35:56.327 INFORMACIÓN [main] org.apache.catalina.startup.VersionLoggerListener.log Arquitectura:                      amd64
26-May-2026 19:35:56.327 INFORMACIÓN [main] org.apache.catalina.startup.VersionLoggerListener.log Java Home:                         C:\Users\cetme\.jdks\ms-25.0.3
26-May-2026 19:35:56.327 INFORMACIÓN [main] org.apache.catalina.startup.VersionLoggerListener.log JVM Version:                       25.0.3+9-LTS
26-May-2026 19:35:56.327 INFORMACIÓN [main] org.apache.catalina.startup.VersionLoggerListener.log Vededor JVM:                       Microsoft
26-May-2026 19:35:56.327 INFORMACIÓN [main] org.apache.catalina.startup.VersionLoggerListener.log CATALINA_BASE:                     G:\IntelliJ\eventosProyecto
26-May-2026 19:35:56.327 INFORMACIÓN [main] org.apache.catalina.startup.VersionLoggerListener.log CATALINA_HOME:                     G:\IntelliJ\Tomcat\apache-tomcat-9.0.117-20260522T151456Z-3-001\apache-tomcat-9.0.117
26-May-2026 19:35:56.339 INFORMACIÓN [main] org.apache.catalina.startup.VersionLoggerListener.log Command line argument:             --add-opens=java.base/java.lang=ALL-UNNAMED
26-May-2026 19:35:56.339 INFORMACIÓN [main] org.apache.catalina.startup.VersionLoggerListener.log Command line argument:             --add-opens=java.base/java.io=ALL-UNNAMED
26-May-2026 19:35:56.339 INFORMACIÓN [main] org.apache.catalina.startup.VersionLoggerListener.log Command line argument:             --add-opens=java.base/java.util=ALL-UNNAMED
26-May-2026 19:35:56.339 INFORMACIÓN [main] org.apache.catalina.startup.VersionLoggerListener.log Command line argument:             --add-opens=java.base/java.util.concurrent=ALL-UNNAMED
26-May-2026 19:35:56.339 INFORMACIÓN [main] org.apache.catalina.startup.VersionLoggerListener.log Command line argument:             --add-opens=java.rmi/sun.rmi.transport=ALL-UNNAMED
26-May-2026 19:35:56.339 INFORMACIÓN [main] org.apache.catalina.startup.VersionLoggerListener.log Command line argument:             -Dcatalina.home=G:\IntelliJ\Tomcat\apache-tomcat-9.0.117-20260522T151456Z-3-001\apache-tomcat-9.0.117
26-May-2026 19:35:56.339 INFORMACIÓN [main] org.apache.catalina.startup.VersionLoggerListener.log Command line argument:             -Dcatalina.base=G:\IntelliJ\eventosProyecto
26-May-2026 19:35:56.339 INFORMACIÓN [main] org.apache.catalina.startup.VersionLoggerListener.log Command line argument:             -Djava.io.tmpdir=G:\IntelliJ\eventosProyecto\temp
26-May-2026 19:35:56.340 INFORMACIÓN [main] org.apache.catalina.startup.VersionLoggerListener.log Command line argument:             -Djava.util.logging.config.file=G:\IntelliJ\eventosProyecto\conf\logging.properties
26-May-2026 19:35:56.340 INFORMACIÓN [main] org.apache.catalina.startup.VersionLoggerListener.log Command line argument:             -Djava.util.logging.manager=org.apache.juli.ClassLoaderLogManager
26-May-2026 19:35:56.340 INFORMACIÓN [main] org.apache.catalina.startup.VersionLoggerListener.log Command line argument:             -javaagent:G:\IntelliJ\IntelliJ IDEA 2026.1.2\lib\idea_rt.jar=56891
26-May-2026 19:35:56.340 INFORMACIÓN [main] org.apache.catalina.startup.VersionLoggerListener.log Command line argument:             -Dfile.encoding=UTF-8
26-May-2026 19:35:56.340 INFORMACIÓN [main] org.apache.catalina.startup.VersionLoggerListener.log Command line argument:             -Dsun.stdout.encoding=UTF-8
26-May-2026 19:35:56.340 INFORMACIÓN [main] org.apache.catalina.startup.VersionLoggerListener.log Command line argument:             -Dsun.stderr.encoding=UTF-8
26-May-2026 19:35:56.345 INFORMACIÓN [main] org.apache.catalina.core.AprLifecycleListener.lifecycleEvent Cargada la biblioteca nativa APR de Apache Tomcat [1.3.7] con la versión APR [1.7.6].
26-May-2026 19:35:56.345 INFORMACIÓN [main] org.apache.catalina.core.AprLifecycleListener.lifecycleEvent Capacidades APR: IPv6 [true], enviar fichero [true], aceptar filtros [false], aleatorio [true], UDS [true].
26-May-2026 19:35:56.346 INFORMACIÓN [main] org.apache.catalina.core.AprLifecycleListener.lifecycleEvent APR/OpenSSL configuration: useAprConnector [false], useOpenSSL [true]
26-May-2026 19:35:56.353 INFORMACIÓN [main] org.apache.catalina.core.AprLifecycleListener.initializeSSL OpenSSL inicializado correctamente [OpenSSL 3.0.19 27 Jan 2026]
26-May-2026 19:35:56.585 INFORMACIÓN [main] org.apache.coyote.AbstractProtocol.init Inicializando el manejador de protocolo ["http-nio-8080"]

26-May-2026 19:35:56.598 INFORMACIÓN [main] org.apache.catalina.startup.Catalina.load Server initialization in [420] milliseconds
26-May-2026 19:35:56.629 INFORMACIÓN [main] org.apache.catalina.core.StandardService.startInternal Arrancando servicio [Catalina]
26-May-2026 19:35:56.630 INFORMACIÓN [main] org.apache.catalina.core.StandardEngine.startInternal Starting Servlet engine: [Apache Tomcat/9.0.117]
26-May-2026 19:35:56.651 INFORMACIÓN [main] org.apache.catalina.startup.HostConfig.deployDescriptor Desplieque del descriptor de configuración [G:\IntelliJ\eventosProyecto\conf\Catalina\localhost\eventosProyecto.xml]
26-May-2026 19:35:57.553 INFORMACIÓN [main] org.apache.jasper.servlet.TldScanner.scanJars Al menos un JAR, que se ha explorado buscando TLDs, aún no contenía TLDs. Activar historial de depuración para este historiador para una completa lista de los JARs que fueron explorados y de los que nos se halló TLDs. Saltarse JARs no necesarios durante la exploración puede dar lugar a una mejora de tiempo significativa en el arranque y compilación de JSP .
26-May-2026 19:35:57.645 INFORMACIÓN [main] org.apache.catalina.startup.HostConfig.deployDescriptor Deployment of deployment descriptor [G:\IntelliJ\eventosProyecto\conf\Catalina\localhost\eventosProyecto.xml] has finished in [991] ms
26-May-2026 19:35:57.645 INFORMACIÓN [main] org.apache.catalina.startup.HostConfig.deployDirectory Desplegando el directorio [G:\IntelliJ\eventosProyecto\webapps\conf] de la aplicación web
26-May-2026 19:35:57.665 INFORMACIÓN [main] org.apache.catalina.startup.HostConfig.deployDirectory Deployment of web application directory [G:\IntelliJ\eventosProyecto\webapps\conf] has finished in [19] ms
26-May-2026 19:35:57.665 INFORMACIÓN [main] org.apache.catalina.startup.HostConfig.deployDirectory Desplegando el directorio [G:\IntelliJ\eventosProyecto\webapps\logs] de la aplicación web
26-May-2026 19:35:57.682 INFORMACIÓN [main] org.apache.catalina.startup.HostConfig.deployDirectory Deployment of web application directory [G:\IntelliJ\eventosProyecto\webapps\logs] has finished in [17] ms
26-May-2026 19:35:57.685 INFORMACIÓN [main] org.apache.coyote.AbstractProtocol.start Starting ProtocolHandler ["http-nio-8080"]
26-May-2026 19:35:57.705 INFORMACIÓN [main] org.apache.catalina.startup.Catalina.start Server startup in [1105] milliseconds
26-May-2026 19:43:47.619 INFORMACIÓN [Thread-1] org.apache.coyote.AbstractProtocol.pause Pausing ProtocolHandler ["http-nio-8080"]
26-May-2026 19:43:47.623 INFORMACIÓN [Thread-1] org.apache.catalina.core.StandardService.stopInternal Parando servicio [Catalina]
26-May-2026 19:43:47.627 ADVERTENCIA [Thread-1] org.apache.catalina.loader.WebappClassLoaderBase.clearReferencesJdbc La aplicación web [eventosProyecto] registró el conductor JDBC [com.mysql.cj.jdbc.Driver] pero falló al anular el registro mientras la aplicación web estaba parada. Para prevenir un fallo de memoria, se ha anulado el registro del conductor JDBC por la fuerza.
26-May-2026 19:43:47.627 ADVERTENCIA [Thread-1] org.apache.catalina.loader.WebappClassLoaderBase.clearReferencesThreads The web application [eventosProyecto] appears to have started a thread named [mysql-cj-abandoned-connection-cleanup] but has failed to stop it. This is very likely to create a memory leak. Stack trace of thread:
 java.base/java.lang.Object.wait0(Native Method)
 java.base/java.lang.Object.wait(Object.java:389)
 java.base/java.lang.ref.ReferenceQueue.remove0(ReferenceQueue.java:123)
 java.base/java.lang.ref.ReferenceQueue.remove(ReferenceQueue.java:201)
 com.mysql.cj.jdbc.AbandonedConnectionCleanupThread.run(AbandonedConnectionCleanupThread.java:91)
 java.base/java.util.concurrent.ThreadPoolExecutor.runWorker(ThreadPoolExecutor.java:1090)
 java.base/java.util.concurrent.ThreadPoolExecutor$Worker.run(ThreadPoolExecutor.java:614)
 java.base/java.lang.Thread.run(Thread.java:1474)
26-May-2026 19:43:47.631 INFORMACIÓN [Thread-1] org.apache.coyote.AbstractProtocol.stop Stopping ProtocolHandler ["http-nio-8080"]
26-May-2026 19:43:47.635 INFORMACIÓN [Thread-1] org.apache.coyote.AbstractProtocol.destroy Destroying ProtocolHandler ["http-nio-8080"]
26-May-2026 19:43:48.951 INFORMACIÓN [main] org.apache.catalina.startup.VersionLoggerListener.log Nombre de la versión del servidor: Apache Tomcat/9.0.117
26-May-2026 19:43:48.954 INFORMACIÓN [main] org.apache.catalina.startup.VersionLoggerListener.log Server built:                      Mar 30 2026 18:21:16 UTC
26-May-2026 19:43:48.954 INFORMACIÓN [main] org.apache.catalina.startup.VersionLoggerListener.log Número de versión de servidor:     9.0.117.0
26-May-2026 19:43:48.955 INFORMACIÓN [main] org.apache.catalina.startup.VersionLoggerListener.log OS Name:                           Windows 11
26-May-2026 19:43:48.955 INFORMACIÓN [main] org.apache.catalina.startup.VersionLoggerListener.log Versión de Systema Operativo:      10.0
26-May-2026 19:43:48.955 INFORMACIÓN [main] org.apache.catalina.startup.VersionLoggerListener.log Arquitectura:                      amd64
26-May-2026 19:43:48.955 INFORMACIÓN [main] org.apache.catalina.startup.VersionLoggerListener.log Java Home:                         C:\Users\cetme\.jdks\ms-25.0.3
26-May-2026 19:43:48.955 INFORMACIÓN [main] org.apache.catalina.startup.VersionLoggerListener.log JVM Version:                       25.0.3+9-LTS
26-May-2026 19:43:48.955 INFORMACIÓN [main] org.apache.catalina.startup.VersionLoggerListener.log Vededor JVM:                       Microsoft
26-May-2026 19:43:48.956 INFORMACIÓN [main] org.apache.catalina.startup.VersionLoggerListener.log CATALINA_BASE:                     G:\IntelliJ\eventosProyecto
26-May-2026 19:43:48.956 INFORMACIÓN [main] org.apache.catalina.startup.VersionLoggerListener.log CATALINA_HOME:                     G:\IntelliJ\Tomcat\apache-tomcat-9.0.117-20260522T151456Z-3-001\apache-tomcat-9.0.117
26-May-2026 19:43:48.974 INFORMACIÓN [main] org.apache.catalina.startup.VersionLoggerListener.log Command line argument:             --add-opens=java.base/java.lang=ALL-UNNAMED
26-May-2026 19:43:48.974 INFORMACIÓN [main] org.apache.catalina.startup.VersionLoggerListener.log Command line argument:             --add-opens=java.base/java.io=ALL-UNNAMED
26-May-2026 19:43:48.974 INFORMACIÓN [main] org.apache.catalina.startup.VersionLoggerListener.log Command line argument:             --add-opens=java.base/java.util=ALL-UNNAMED
26-May-2026 19:43:48.974 INFORMACIÓN [main] org.apache.catalina.startup.VersionLoggerListener.log Command line argument:             --add-opens=java.base/java.util.concurrent=ALL-UNNAMED
26-May-2026 19:43:48.974 INFORMACIÓN [main] org.apache.catalina.startup.VersionLoggerListener.log Command line argument:             --add-opens=java.rmi/sun.rmi.transport=ALL-UNNAMED
26-May-2026 19:43:48.974 INFORMACIÓN [main] org.apache.catalina.startup.VersionLoggerListener.log Command line argument:             -Dcatalina.home=G:\IntelliJ\Tomcat\apache-tomcat-9.0.117-20260522T151456Z-3-001\apache-tomcat-9.0.117
26-May-2026 19:43:48.974 INFORMACIÓN [main] org.apache.catalina.startup.VersionLoggerListener.log Command line argument:             -Dcatalina.base=G:\IntelliJ\eventosProyecto
26-May-2026 19:43:48.974 INFORMACIÓN [main] org.apache.catalina.startup.VersionLoggerListener.log Command line argument:             -Djava.io.tmpdir=G:\IntelliJ\eventosProyecto\temp
26-May-2026 19:43:48.975 INFORMACIÓN [main] org.apache.catalina.startup.VersionLoggerListener.log Command line argument:             -Djava.util.logging.config.file=G:\IntelliJ\eventosProyecto\conf\logging.properties
26-May-2026 19:43:48.975 INFORMACIÓN [main] org.apache.catalina.startup.VersionLoggerListener.log Command line argument:             -Djava.util.logging.manager=org.apache.juli.ClassLoaderLogManager
26-May-2026 19:43:48.975 INFORMACIÓN [main] org.apache.catalina.startup.VersionLoggerListener.log Command line argument:             -javaagent:G:\IntelliJ\IntelliJ IDEA 2026.1.2\lib\idea_rt.jar=52341
26-May-2026 19:43:48.975 INFORMACIÓN [main] org.apache.catalina.startup.VersionLoggerListener.log Command line argument:             -Dfile.encoding=UTF-8
26-May-2026 19:43:48.975 INFORMACIÓN [main] org.apache.catalina.startup.VersionLoggerListener.log Command line argument:             -Dsun.stdout.encoding=UTF-8
26-May-2026 19:43:48.975 INFORMACIÓN [main] org.apache.catalina.startup.VersionLoggerListener.log Command line argument:             -Dsun.stderr.encoding=UTF-8
26-May-2026 19:43:48.981 INFORMACIÓN [main] org.apache.catalina.core.AprLifecycleListener.lifecycleEvent Cargada la biblioteca nativa APR de Apache Tomcat [1.3.7] con la versión APR [1.7.6].
26-May-2026 19:43:48.981 INFORMACIÓN [main] org.apache.catalina.core.AprLifecycleListener.lifecycleEvent Capacidades APR: IPv6 [true], enviar fichero [true], aceptar filtros [false], aleatorio [true], UDS [true].
26-May-2026 19:43:48.981 INFORMACIÓN [main] org.apache.catalina.core.AprLifecycleListener.lifecycleEvent APR/OpenSSL configuration: useAprConnector [false], useOpenSSL [true]
26-May-2026 19:43:48.989 INFORMACIÓN [main] org.apache.catalina.core.AprLifecycleListener.initializeSSL OpenSSL inicializado correctamente [OpenSSL 3.0.19 27 Jan 2026]
26-May-2026 19:43:49.214 INFORMACIÓN [main] org.apache.coyote.AbstractProtocol.init Inicializando el manejador de protocolo ["http-nio-8080"]

26-May-2026 19:43:49.229 INFORMACIÓN [main] org.apache.catalina.startup.Catalina.load Server initialization in [444] milliseconds
26-May-2026 19:43:49.259 INFORMACIÓN [main] org.apache.catalina.core.StandardService.startInternal Arrancando servicio [Catalina]
26-May-2026 19:43:49.259 INFORMACIÓN [main] org.apache.catalina.core.StandardEngine.startInternal Starting Servlet engine: [Apache Tomcat/9.0.117]
26-May-2026 19:43:49.287 INFORMACIÓN [main] org.apache.catalina.startup.HostConfig.deployDescriptor Desplieque del descriptor de configuración [G:\IntelliJ\eventosProyecto\conf\Catalina\localhost\eventosProyecto.xml]
26-May-2026 19:43:50.198 INFORMACIÓN [main] org.apache.jasper.servlet.TldScanner.scanJars Al menos un JAR, que se ha explorado buscando TLDs, aún no contenía TLDs. Activar historial de depuración para este historiador para una completa lista de los JARs que fueron explorados y de los que nos se halló TLDs. Saltarse JARs no necesarios durante la exploración puede dar lugar a una mejora de tiempo significativa en el arranque y compilación de JSP .
26-May-2026 19:43:50.292 INFORMACIÓN [main] org.apache.catalina.startup.HostConfig.deployDescriptor Deployment of deployment descriptor [G:\IntelliJ\eventosProyecto\conf\Catalina\localhost\eventosProyecto.xml] has finished in [1.002] ms
26-May-2026 19:43:50.292 INFORMACIÓN [main] org.apache.catalina.startup.HostConfig.deployDirectory Desplegando el directorio [G:\IntelliJ\eventosProyecto\webapps\conf] de la aplicación web
26-May-2026 19:43:50.310 INFORMACIÓN [main] org.apache.catalina.startup.HostConfig.deployDirectory Deployment of web application directory [G:\IntelliJ\eventosProyecto\webapps\conf] has finished in [18] ms
26-May-2026 19:43:50.310 INFORMACIÓN [main] org.apache.catalina.startup.HostConfig.deployDirectory Desplegando el directorio [G:\IntelliJ\eventosProyecto\webapps\logs] de la aplicación web
26-May-2026 19:43:50.326 INFORMACIÓN [main] org.apache.catalina.startup.HostConfig.deployDirectory Deployment of web application directory [G:\IntelliJ\eventosProyecto\webapps\logs] has finished in [16] ms
26-May-2026 19:43:50.329 INFORMACIÓN [main] org.apache.coyote.AbstractProtocol.start Starting ProtocolHandler ["http-nio-8080"]
26-May-2026 19:43:50.348 INFORMACIÓN [main] org.apache.catalina.startup.Catalina.start Server startup in [1117] milliseconds
26-May-2026 19:46:14.460 INFORMACIÓN [Thread-1] org.apache.coyote.AbstractProtocol.pause Pausing ProtocolHandler ["http-nio-8080"]
26-May-2026 19:46:14.464 INFORMACIÓN [Thread-1] org.apache.catalina.core.StandardService.stopInternal Parando servicio [Catalina]
26-May-2026 19:46:14.467 ADVERTENCIA [Thread-1] org.apache.catalina.loader.WebappClassLoaderBase.clearReferencesJdbc La aplicación web [eventosProyecto] registró el conductor JDBC [com.mysql.cj.jdbc.Driver] pero falló al anular el registro mientras la aplicación web estaba parada. Para prevenir un fallo de memoria, se ha anulado el registro del conductor JDBC por la fuerza.
26-May-2026 19:46:14.467 ADVERTENCIA [Thread-1] org.apache.catalina.loader.WebappClassLoaderBase.clearReferencesThreads The web application [eventosProyecto] appears to have started a thread named [mysql-cj-abandoned-connection-cleanup] but has failed to stop it. This is very likely to create a memory leak. Stack trace of thread:
 java.base/java.lang.Object.wait0(Native Method)
 java.base/java.lang.Object.wait(Object.java:389)
 java.base/java.lang.ref.ReferenceQueue.remove0(ReferenceQueue.java:123)
 java.base/java.lang.ref.ReferenceQueue.remove(ReferenceQueue.java:201)
 com.mysql.cj.jdbc.AbandonedConnectionCleanupThread.run(AbandonedConnectionCleanupThread.java:91)
 java.base/java.util.concurrent.ThreadPoolExecutor.runWorker(ThreadPoolExecutor.java:1090)
 java.base/java.util.concurrent.ThreadPoolExecutor$Worker.run(ThreadPoolExecutor.java:614)
 java.base/java.lang.Thread.run(Thread.java:1474)
26-May-2026 19:46:14.472 INFORMACIÓN [Thread-1] org.apache.coyote.AbstractProtocol.stop Stopping ProtocolHandler ["http-nio-8080"]
26-May-2026 19:46:14.475 INFORMACIÓN [Thread-1] org.apache.coyote.AbstractProtocol.destroy Destroying ProtocolHandler ["http-nio-8080"]
26-May-2026 19:46:15.808 INFORMACIÓN [main] org.apache.catalina.startup.VersionLoggerListener.log Nombre de la versión del servidor: Apache Tomcat/9.0.117
26-May-2026 19:46:15.810 INFORMACIÓN [main] org.apache.catalina.startup.VersionLoggerListener.log Server built:                      Mar 30 2026 18:21:16 UTC
26-May-2026 19:46:15.810 INFORMACIÓN [main] org.apache.catalina.startup.VersionLoggerListener.log Número de versión de servidor:     9.0.117.0
26-May-2026 19:46:15.810 INFORMACIÓN [main] org.apache.catalina.startup.VersionLoggerListener.log OS Name:                           Windows 11
26-May-2026 19:46:15.810 INFORMACIÓN [main] org.apache.catalina.startup.VersionLoggerListener.log Versión de Systema Operativo:      10.0
26-May-2026 19:46:15.810 INFORMACIÓN [main] org.apache.catalina.startup.VersionLoggerListener.log Arquitectura:                      amd64
26-May-2026 19:46:15.810 INFORMACIÓN [main] org.apache.catalina.startup.VersionLoggerListener.log Java Home:                         C:\Users\cetme\.jdks\ms-25.0.3
26-May-2026 19:46:15.810 INFORMACIÓN [main] org.apache.catalina.startup.VersionLoggerListener.log JVM Version:                       25.0.3+9-LTS
26-May-2026 19:46:15.812 INFORMACIÓN [main] org.apache.catalina.startup.VersionLoggerListener.log Vededor JVM:                       Microsoft
26-May-2026 19:46:15.812 INFORMACIÓN [main] org.apache.catalina.startup.VersionLoggerListener.log CATALINA_BASE:                     G:\IntelliJ\eventosProyecto
26-May-2026 19:46:15.812 INFORMACIÓN [main] org.apache.catalina.startup.VersionLoggerListener.log CATALINA_HOME:                     G:\IntelliJ\Tomcat\apache-tomcat-9.0.117-20260522T151456Z-3-001\apache-tomcat-9.0.117
26-May-2026 19:46:15.820 INFORMACIÓN [main] org.apache.catalina.startup.VersionLoggerListener.log Command line argument:             --add-opens=java.base/java.lang=ALL-UNNAMED
26-May-2026 19:46:15.820 INFORMACIÓN [main] org.apache.catalina.startup.VersionLoggerListener.log Command line argument:             --add-opens=java.base/java.io=ALL-UNNAMED
26-May-2026 19:46:15.822 INFORMACIÓN [main] org.apache.catalina.startup.VersionLoggerListener.log Command line argument:             --add-opens=java.base/java.util=ALL-UNNAMED
26-May-2026 19:46:15.822 INFORMACIÓN [main] org.apache.catalina.startup.VersionLoggerListener.log Command line argument:             --add-opens=java.base/java.util.concurrent=ALL-UNNAMED
26-May-2026 19:46:15.822 INFORMACIÓN [main] org.apache.catalina.startup.VersionLoggerListener.log Command line argument:             --add-opens=java.rmi/sun.rmi.transport=ALL-UNNAMED
26-May-2026 19:46:15.822 INFORMACIÓN [main] org.apache.catalina.startup.VersionLoggerListener.log Command line argument:             -Dcatalina.home=G:\IntelliJ\Tomcat\apache-tomcat-9.0.117-20260522T151456Z-3-001\apache-tomcat-9.0.117
26-May-2026 19:46:15.822 INFORMACIÓN [main] org.apache.catalina.startup.VersionLoggerListener.log Command line argument:             -Dcatalina.base=G:\IntelliJ\eventosProyecto
26-May-2026 19:46:15.822 INFORMACIÓN [main] org.apache.catalina.startup.VersionLoggerListener.log Command line argument:             -Djava.io.tmpdir=G:\IntelliJ\eventosProyecto\temp
26-May-2026 19:46:15.822 INFORMACIÓN [main] org.apache.catalina.startup.VersionLoggerListener.log Command line argument:             -Djava.util.logging.config.file=G:\IntelliJ\eventosProyecto\conf\logging.properties
26-May-2026 19:46:15.822 INFORMACIÓN [main] org.apache.catalina.startup.VersionLoggerListener.log Command line argument:             -Djava.util.logging.manager=org.apache.juli.ClassLoaderLogManager
26-May-2026 19:46:15.822 INFORMACIÓN [main] org.apache.catalina.startup.VersionLoggerListener.log Command line argument:             -javaagent:G:\IntelliJ\IntelliJ IDEA 2026.1.2\lib\idea_rt.jar=55109
26-May-2026 19:46:15.822 INFORMACIÓN [main] org.apache.catalina.startup.VersionLoggerListener.log Command line argument:             -Dfile.encoding=UTF-8
26-May-2026 19:46:15.822 INFORMACIÓN [main] org.apache.catalina.startup.VersionLoggerListener.log Command line argument:             -Dsun.stdout.encoding=UTF-8
26-May-2026 19:46:15.822 INFORMACIÓN [main] org.apache.catalina.startup.VersionLoggerListener.log Command line argument:             -Dsun.stderr.encoding=UTF-8
26-May-2026 19:46:15.828 INFORMACIÓN [main] org.apache.catalina.core.AprLifecycleListener.lifecycleEvent Cargada la biblioteca nativa APR de Apache Tomcat [1.3.7] con la versión APR [1.7.6].
26-May-2026 19:46:15.828 INFORMACIÓN [main] org.apache.catalina.core.AprLifecycleListener.lifecycleEvent Capacidades APR: IPv6 [true], enviar fichero [true], aceptar filtros [false], aleatorio [true], UDS [true].
26-May-2026 19:46:15.828 INFORMACIÓN [main] org.apache.catalina.core.AprLifecycleListener.lifecycleEvent APR/OpenSSL configuration: useAprConnector [false], useOpenSSL [true]
26-May-2026 19:46:15.836 INFORMACIÓN [main] org.apache.catalina.core.AprLifecycleListener.initializeSSL OpenSSL inicializado correctamente [OpenSSL 3.0.19 27 Jan 2026]
26-May-2026 19:46:16.040 INFORMACIÓN [main] org.apache.coyote.AbstractProtocol.init Inicializando el manejador de protocolo ["http-nio-8080"]

26-May-2026 19:46:16.055 INFORMACIÓN [main] org.apache.catalina.startup.Catalina.load Server initialization in [389] milliseconds
26-May-2026 19:46:16.085 INFORMACIÓN [main] org.apache.catalina.core.StandardService.startInternal Arrancando servicio [Catalina]
26-May-2026 19:46:16.086 INFORMACIÓN [main] org.apache.catalina.core.StandardEngine.startInternal Starting Servlet engine: [Apache Tomcat/9.0.117]
26-May-2026 19:46:16.106 INFORMACIÓN [main] org.apache.catalina.startup.HostConfig.deployDescriptor Desplieque del descriptor de configuración [G:\IntelliJ\eventosProyecto\conf\Catalina\localhost\eventosProyecto.xml]
26-May-2026 19:46:17.029 INFORMACIÓN [main] org.apache.jasper.servlet.TldScanner.scanJars Al menos un JAR, que se ha explorado buscando TLDs, aún no contenía TLDs. Activar historial de depuración para este historiador para una completa lista de los JARs que fueron explorados y de los que nos se halló TLDs. Saltarse JARs no necesarios durante la exploración puede dar lugar a una mejora de tiempo significativa en el arranque y compilación de JSP .
26-May-2026 19:46:17.126 INFORMACIÓN [main] org.apache.catalina.startup.HostConfig.deployDescriptor Deployment of deployment descriptor [G:\IntelliJ\eventosProyecto\conf\Catalina\localhost\eventosProyecto.xml] has finished in [1.016] ms
26-May-2026 19:46:17.127 INFORMACIÓN [main] org.apache.catalina.startup.HostConfig.deployDirectory Desplegando el directorio [G:\IntelliJ\eventosProyecto\webapps\conf] de la aplicación web
26-May-2026 19:46:17.149 INFORMACIÓN [main] org.apache.catalina.startup.HostConfig.deployDirectory Deployment of web application directory [G:\IntelliJ\eventosProyecto\webapps\conf] has finished in [22] ms
26-May-2026 19:46:17.150 INFORMACIÓN [main] org.apache.catalina.startup.HostConfig.deployDirectory Desplegando el directorio [G:\IntelliJ\eventosProyecto\webapps\logs] de la aplicación web
26-May-2026 19:46:17.167 INFORMACIÓN [main] org.apache.catalina.startup.HostConfig.deployDirectory Deployment of web application directory [G:\IntelliJ\eventosProyecto\webapps\logs] has finished in [17] ms
26-May-2026 19:46:17.170 INFORMACIÓN [main] org.apache.coyote.AbstractProtocol.start Starting ProtocolHandler ["http-nio-8080"]
26-May-2026 19:46:17.188 INFORMACIÓN [main] org.apache.catalina.startup.Catalina.start Server startup in [1130] milliseconds
26-May-2026 19:55:14.178 INFORMACIÓN [Thread-1] org.apache.coyote.AbstractProtocol.pause Pausing ProtocolHandler ["http-nio-8080"]
26-May-2026 19:55:14.183 INFORMACIÓN [Thread-1] org.apache.catalina.core.StandardService.stopInternal Parando servicio [Catalina]
26-May-2026 19:55:14.187 ADVERTENCIA [Thread-1] org.apache.catalina.loader.WebappClassLoaderBase.clearReferencesJdbc La aplicación web [eventosProyecto] registró el conductor JDBC [com.mysql.cj.jdbc.Driver] pero falló al anular el registro mientras la aplicación web estaba parada. Para prevenir un fallo de memoria, se ha anulado el registro del conductor JDBC por la fuerza.
26-May-2026 19:55:14.187 ADVERTENCIA [Thread-1] org.apache.catalina.loader.WebappClassLoaderBase.clearReferencesThreads The web application [eventosProyecto] appears to have started a thread named [mysql-cj-abandoned-connection-cleanup] but has failed to stop it. This is very likely to create a memory leak. Stack trace of thread:
 java.base/java.lang.Object.wait0(Native Method)
 java.base/java.lang.Object.wait(Object.java:389)
 java.base/java.lang.ref.ReferenceQueue.remove0(ReferenceQueue.java:123)
 java.base/java.lang.ref.ReferenceQueue.remove(ReferenceQueue.java:201)
 com.mysql.cj.jdbc.AbandonedConnectionCleanupThread.run(AbandonedConnectionCleanupThread.java:91)
 java.base/java.util.concurrent.ThreadPoolExecutor.runWorker(ThreadPoolExecutor.java:1090)
 java.base/java.util.concurrent.ThreadPoolExecutor$Worker.run(ThreadPoolExecutor.java:614)
 java.base/java.lang.Thread.run(Thread.java:1474)
26-May-2026 19:55:14.192 INFORMACIÓN [Thread-1] org.apache.coyote.AbstractProtocol.stop Stopping ProtocolHandler ["http-nio-8080"]
26-May-2026 19:55:14.195 INFORMACIÓN [Thread-1] org.apache.coyote.AbstractProtocol.destroy Destroying ProtocolHandler ["http-nio-8080"]
26-May-2026 19:55:16.511 INFORMACIÓN [main] org.apache.catalina.startup.VersionLoggerListener.log Nombre de la versión del servidor: Apache Tomcat/9.0.117
26-May-2026 19:55:16.513 INFORMACIÓN [main] org.apache.catalina.startup.VersionLoggerListener.log Server built:                      Mar 30 2026 18:21:16 UTC
26-May-2026 19:55:16.513 INFORMACIÓN [main] org.apache.catalina.startup.VersionLoggerListener.log Número de versión de servidor:     9.0.117.0
26-May-2026 19:55:16.513 INFORMACIÓN [main] org.apache.catalina.startup.VersionLoggerListener.log OS Name:                           Windows 11
26-May-2026 19:55:16.513 INFORMACIÓN [main] org.apache.catalina.startup.VersionLoggerListener.log Versión de Systema Operativo:      10.0
26-May-2026 19:55:16.513 INFORMACIÓN [main] org.apache.catalina.startup.VersionLoggerListener.log Arquitectura:                      amd64
26-May-2026 19:55:16.514 INFORMACIÓN [main] org.apache.catalina.startup.VersionLoggerListener.log Java Home:                         C:\Users\cetme\.jdks\ms-25.0.3
26-May-2026 19:55:16.514 INFORMACIÓN [main] org.apache.catalina.startup.VersionLoggerListener.log JVM Version:                       25.0.3+9-LTS
26-May-2026 19:55:16.514 INFORMACIÓN [main] org.apache.catalina.startup.VersionLoggerListener.log Vededor JVM:                       Microsoft
26-May-2026 19:55:16.514 INFORMACIÓN [main] org.apache.catalina.startup.VersionLoggerListener.log CATALINA_BASE:                     G:\IntelliJ\eventosProyecto
26-May-2026 19:55:16.514 INFORMACIÓN [main] org.apache.catalina.startup.VersionLoggerListener.log CATALINA_HOME:                     G:\IntelliJ\Tomcat\apache-tomcat-9.0.117-20260522T151456Z-3-001\apache-tomcat-9.0.117
26-May-2026 19:55:16.524 INFORMACIÓN [main] org.apache.catalina.startup.VersionLoggerListener.log Command line argument:             --add-opens=java.base/java.lang=ALL-UNNAMED
26-May-2026 19:55:16.524 INFORMACIÓN [main] org.apache.catalina.startup.VersionLoggerListener.log Command line argument:             --add-opens=java.base/java.io=ALL-UNNAMED
26-May-2026 19:55:16.524 INFORMACIÓN [main] org.apache.catalina.startup.VersionLoggerListener.log Command line argument:             --add-opens=java.base/java.util=ALL-UNNAMED
26-May-2026 19:55:16.526 INFORMACIÓN [main] org.apache.catalina.startup.VersionLoggerListener.log Command line argument:             --add-opens=java.base/java.util.concurrent=ALL-UNNAMED
26-May-2026 19:55:16.526 INFORMACIÓN [main] org.apache.catalina.startup.VersionLoggerListener.log Command line argument:             --add-opens=java.rmi/sun.rmi.transport=ALL-UNNAMED
26-May-2026 19:55:16.526 INFORMACIÓN [main] org.apache.catalina.startup.VersionLoggerListener.log Command line argument:             -Dcatalina.home=G:\IntelliJ\Tomcat\apache-tomcat-9.0.117-20260522T151456Z-3-001\apache-tomcat-9.0.117
26-May-2026 19:55:16.526 INFORMACIÓN [main] org.apache.catalina.startup.VersionLoggerListener.log Command line argument:             -Dcatalina.base=G:\IntelliJ\eventosProyecto
26-May-2026 19:55:16.526 INFORMACIÓN [main] org.apache.catalina.startup.VersionLoggerListener.log Command line argument:             -Djava.io.tmpdir=G:\IntelliJ\eventosProyecto\temp
26-May-2026 19:55:16.526 INFORMACIÓN [main] org.apache.catalina.startup.VersionLoggerListener.log Command line argument:             -Djava.util.logging.config.file=G:\IntelliJ\eventosProyecto\conf\logging.properties
26-May-2026 19:55:16.526 INFORMACIÓN [main] org.apache.catalina.startup.VersionLoggerListener.log Command line argument:             -Djava.util.logging.manager=org.apache.juli.ClassLoaderLogManager
26-May-2026 19:55:16.526 INFORMACIÓN [main] org.apache.catalina.startup.VersionLoggerListener.log Command line argument:             -javaagent:G:\IntelliJ\IntelliJ IDEA 2026.1.2\lib\idea_rt.jar=58039
26-May-2026 19:55:16.526 INFORMACIÓN [main] org.apache.catalina.startup.VersionLoggerListener.log Command line argument:             -Dfile.encoding=UTF-8
26-May-2026 19:55:16.526 INFORMACIÓN [main] org.apache.catalina.startup.VersionLoggerListener.log Command line argument:             -Dsun.stdout.encoding=UTF-8
26-May-2026 19:55:16.526 INFORMACIÓN [main] org.apache.catalina.startup.VersionLoggerListener.log Command line argument:             -Dsun.stderr.encoding=UTF-8
26-May-2026 19:55:16.533 INFORMACIÓN [main] org.apache.catalina.core.AprLifecycleListener.lifecycleEvent Cargada la biblioteca nativa APR de Apache Tomcat [1.3.7] con la versión APR [1.7.6].
26-May-2026 19:55:16.533 INFORMACIÓN [main] org.apache.catalina.core.AprLifecycleListener.lifecycleEvent Capacidades APR: IPv6 [true], enviar fichero [true], aceptar filtros [false], aleatorio [true], UDS [true].
26-May-2026 19:55:16.533 INFORMACIÓN [main] org.apache.catalina.core.AprLifecycleListener.lifecycleEvent APR/OpenSSL configuration: useAprConnector [false], useOpenSSL [true]
26-May-2026 19:55:16.541 INFORMACIÓN [main] org.apache.catalina.core.AprLifecycleListener.initializeSSL OpenSSL inicializado correctamente [OpenSSL 3.0.19 27 Jan 2026]
26-May-2026 19:55:16.771 INFORMACIÓN [main] org.apache.coyote.AbstractProtocol.init Inicializando el manejador de protocolo ["http-nio-8080"]

26-May-2026 19:55:16.784 INFORMACIÓN [main] org.apache.catalina.startup.Catalina.load Server initialization in [417] milliseconds
26-May-2026 19:55:16.816 INFORMACIÓN [main] org.apache.catalina.core.StandardService.startInternal Arrancando servicio [Catalina]
26-May-2026 19:55:16.816 INFORMACIÓN [main] org.apache.catalina.core.StandardEngine.startInternal Starting Servlet engine: [Apache Tomcat/9.0.117]
26-May-2026 19:55:16.846 INFORMACIÓN [main] org.apache.catalina.startup.HostConfig.deployDescriptor Desplieque del descriptor de configuración [G:\IntelliJ\eventosProyecto\conf\Catalina\localhost\eventosProyecto.xml]
26-May-2026 19:55:17.797 INFORMACIÓN [main] org.apache.jasper.servlet.TldScanner.scanJars Al menos un JAR, que se ha explorado buscando TLDs, aún no contenía TLDs. Activar historial de depuración para este historiador para una completa lista de los JARs que fueron explorados y de los que nos se halló TLDs. Saltarse JARs no necesarios durante la exploración puede dar lugar a una mejora de tiempo significativa en el arranque y compilación de JSP .
26-May-2026 19:55:17.889 INFORMACIÓN [main] org.apache.catalina.startup.HostConfig.deployDescriptor Deployment of deployment descriptor [G:\IntelliJ\eventosProyecto\conf\Catalina\localhost\eventosProyecto.xml] has finished in [1.040] ms
26-May-2026 19:55:17.889 INFORMACIÓN [main] org.apache.catalina.startup.HostConfig.deployDirectory Desplegando el directorio [G:\IntelliJ\eventosProyecto\webapps\conf] de la aplicación web
26-May-2026 19:55:17.907 INFORMACIÓN [main] org.apache.catalina.startup.HostConfig.deployDirectory Deployment of web application directory [G:\IntelliJ\eventosProyecto\webapps\conf] has finished in [17] ms
26-May-2026 19:55:17.907 INFORMACIÓN [main] org.apache.catalina.startup.HostConfig.deployDirectory Desplegando el directorio [G:\IntelliJ\eventosProyecto\webapps\logs] de la aplicación web
26-May-2026 19:55:17.924 INFORMACIÓN [main] org.apache.catalina.startup.HostConfig.deployDirectory Deployment of web application directory [G:\IntelliJ\eventosProyecto\webapps\logs] has finished in [17] ms
26-May-2026 19:55:17.927 INFORMACIÓN [main] org.apache.coyote.AbstractProtocol.start Starting ProtocolHandler ["http-nio-8080"]
26-May-2026 19:55:17.945 INFORMACIÓN [main] org.apache.catalina.startup.Catalina.start Server startup in [1159] milliseconds
26-May-2026 19:56:45.018 INFORMACIÓN [Thread-1] org.apache.coyote.AbstractProtocol.pause Pausing ProtocolHandler ["http-nio-8080"]
26-May-2026 19:56:45.022 INFORMACIÓN [Thread-1] org.apache.catalina.core.StandardService.stopInternal Parando servicio [Catalina]
26-May-2026 19:56:45.025 ADVERTENCIA [Thread-1] org.apache.catalina.loader.WebappClassLoaderBase.clearReferencesJdbc La aplicación web [eventosProyecto] registró el conductor JDBC [com.mysql.cj.jdbc.Driver] pero falló al anular el registro mientras la aplicación web estaba parada. Para prevenir un fallo de memoria, se ha anulado el registro del conductor JDBC por la fuerza.
26-May-2026 19:56:45.026 ADVERTENCIA [Thread-1] org.apache.catalina.loader.WebappClassLoaderBase.clearReferencesThreads The web application [eventosProyecto] appears to have started a thread named [mysql-cj-abandoned-connection-cleanup] but has failed to stop it. This is very likely to create a memory leak. Stack trace of thread:
 java.base/java.lang.Object.wait0(Native Method)
 java.base/java.lang.Object.wait(Object.java:389)
 java.base/java.lang.ref.ReferenceQueue.remove0(ReferenceQueue.java:123)
 java.base/java.lang.ref.ReferenceQueue.remove(ReferenceQueue.java:201)
 com.mysql.cj.jdbc.AbandonedConnectionCleanupThread.run(AbandonedConnectionCleanupThread.java:91)
 java.base/java.util.concurrent.ThreadPoolExecutor.runWorker(ThreadPoolExecutor.java:1090)
 java.base/java.util.concurrent.ThreadPoolExecutor$Worker.run(ThreadPoolExecutor.java:614)
 java.base/java.lang.Thread.run(Thread.java:1474)
26-May-2026 19:56:45.031 INFORMACIÓN [Thread-1] org.apache.coyote.AbstractProtocol.stop Stopping ProtocolHandler ["http-nio-8080"]
26-May-2026 19:56:45.034 INFORMACIÓN [Thread-1] org.apache.coyote.AbstractProtocol.destroy Destroying ProtocolHandler ["http-nio-8080"]
26-May-2026 19:56:45.066 INFORMACIÓN [mysql-cj-abandoned-connection-cleanup] org.apache.catalina.loader.WebappClassLoaderBase.checkStateForResourceLoading Acceso ilegal: esta instancia de aplicación web ya ha sido parada.  Could not load [].  La eventual traza de pila que sigue ha sido motivada por un error lanzado con motivos de depuración así como para intentar terminar el hilo que motivó el acceso ilegal y no tiene impacto funcional.
	java.lang.IllegalStateException: Acceso ilegal: esta instancia de aplicación web ya ha sido parada.  Could not load [].  La eventual traza de pila que sigue ha sido motivada por un error lanzado con motivos de depuración así como para intentar terminar el hilo que motivó el acceso ilegal y no tiene impacto funcional.
		at org.apache.catalina.loader.WebappClassLoaderBase.checkStateForResourceLoading(WebappClassLoaderBase.java:1370)
		at org.apache.catalina.loader.WebappClassLoaderBase.getResource(WebappClassLoaderBase.java:994)
		at com.mysql.cj.jdbc.AbandonedConnectionCleanupThread.checkThreadContextClassLoader(AbandonedConnectionCleanupThread.java:123)
		at com.mysql.cj.jdbc.AbandonedConnectionCleanupThread.run(AbandonedConnectionCleanupThread.java:90)
		at java.base/java.util.concurrent.ThreadPoolExecutor.runWorker(ThreadPoolExecutor.java:1090)
		at java.base/java.util.concurrent.ThreadPoolExecutor$Worker.run(ThreadPoolExecutor.java:614)
		at java.base/java.lang.Thread.run(Thread.java:1474)
26-May-2026 19:56:46.247 INFORMACIÓN [main] org.apache.catalina.startup.VersionLoggerListener.log Nombre de la versión del servidor: Apache Tomcat/9.0.117
26-May-2026 19:56:46.250 INFORMACIÓN [main] org.apache.catalina.startup.VersionLoggerListener.log Server built:                      Mar 30 2026 18:21:16 UTC
26-May-2026 19:56:46.250 INFORMACIÓN [main] org.apache.catalina.startup.VersionLoggerListener.log Número de versión de servidor:     9.0.117.0
26-May-2026 19:56:46.250 INFORMACIÓN [main] org.apache.catalina.startup.VersionLoggerListener.log OS Name:                           Windows 11
26-May-2026 19:56:46.251 INFORMACIÓN [main] org.apache.catalina.startup.VersionLoggerListener.log Versión de Systema Operativo:      10.0
26-May-2026 19:56:46.251 INFORMACIÓN [main] org.apache.catalina.startup.VersionLoggerListener.log Arquitectura:                      amd64
26-May-2026 19:56:46.251 INFORMACIÓN [main] org.apache.catalina.startup.VersionLoggerListener.log Java Home:                         C:\Users\cetme\.jdks\ms-25.0.3
26-May-2026 19:56:46.251 INFORMACIÓN [main] org.apache.catalina.startup.VersionLoggerListener.log JVM Version:                       25.0.3+9-LTS
26-May-2026 19:56:46.251 INFORMACIÓN [main] org.apache.catalina.startup.VersionLoggerListener.log Vededor JVM:                       Microsoft
26-May-2026 19:56:46.251 INFORMACIÓN [main] org.apache.catalina.startup.VersionLoggerListener.log CATALINA_BASE:                     G:\IntelliJ\eventosProyecto
26-May-2026 19:56:46.251 INFORMACIÓN [main] org.apache.catalina.startup.VersionLoggerListener.log CATALINA_HOME:                     G:\IntelliJ\Tomcat\apache-tomcat-9.0.117-20260522T151456Z-3-001\apache-tomcat-9.0.117
26-May-2026 19:56:46.264 INFORMACIÓN [main] org.apache.catalina.startup.VersionLoggerListener.log Command line argument:             --add-opens=java.base/java.lang=ALL-UNNAMED
26-May-2026 19:56:46.264 INFORMACIÓN [main] org.apache.catalina.startup.VersionLoggerListener.log Command line argument:             --add-opens=java.base/java.io=ALL-UNNAMED
26-May-2026 19:56:46.264 INFORMACIÓN [main] org.apache.catalina.startup.VersionLoggerListener.log Command line argument:             --add-opens=java.base/java.util=ALL-UNNAMED
26-May-2026 19:56:46.264 INFORMACIÓN [main] org.apache.catalina.startup.VersionLoggerListener.log Command line argument:             --add-opens=java.base/java.util.concurrent=ALL-UNNAMED
26-May-2026 19:56:46.264 INFORMACIÓN [main] org.apache.catalina.startup.VersionLoggerListener.log Command line argument:             --add-opens=java.rmi/sun.rmi.transport=ALL-UNNAMED
26-May-2026 19:56:46.264 INFORMACIÓN [main] org.apache.catalina.startup.VersionLoggerListener.log Command line argument:             -Dcatalina.home=G:\IntelliJ\Tomcat\apache-tomcat-9.0.117-20260522T151456Z-3-001\apache-tomcat-9.0.117
26-May-2026 19:56:46.264 INFORMACIÓN [main] org.apache.catalina.startup.VersionLoggerListener.log Command line argument:             -Dcatalina.base=G:\IntelliJ\eventosProyecto
26-May-2026 19:56:46.264 INFORMACIÓN [main] org.apache.catalina.startup.VersionLoggerListener.log Command line argument:             -Djava.io.tmpdir=G:\IntelliJ\eventosProyecto\temp
26-May-2026 19:56:46.265 INFORMACIÓN [main] org.apache.catalina.startup.VersionLoggerListener.log Command line argument:             -Djava.util.logging.config.file=G:\IntelliJ\eventosProyecto\conf\logging.properties
26-May-2026 19:56:46.265 INFORMACIÓN [main] org.apache.catalina.startup.VersionLoggerListener.log Command line argument:             -Djava.util.logging.manager=org.apache.juli.ClassLoaderLogManager
26-May-2026 19:56:46.265 INFORMACIÓN [main] org.apache.catalina.startup.VersionLoggerListener.log Command line argument:             -javaagent:G:\IntelliJ\IntelliJ IDEA 2026.1.2\lib\idea_rt.jar=60357
26-May-2026 19:56:46.265 INFORMACIÓN [main] org.apache.catalina.startup.VersionLoggerListener.log Command line argument:             -Dfile.encoding=UTF-8
26-May-2026 19:56:46.265 INFORMACIÓN [main] org.apache.catalina.startup.VersionLoggerListener.log Command line argument:             -Dsun.stdout.encoding=UTF-8
26-May-2026 19:56:46.265 INFORMACIÓN [main] org.apache.catalina.startup.VersionLoggerListener.log Command line argument:             -Dsun.stderr.encoding=UTF-8
26-May-2026 19:56:46.272 INFORMACIÓN [main] org.apache.catalina.core.AprLifecycleListener.lifecycleEvent Cargada la biblioteca nativa APR de Apache Tomcat [1.3.7] con la versión APR [1.7.6].
26-May-2026 19:56:46.272 INFORMACIÓN [main] org.apache.catalina.core.AprLifecycleListener.lifecycleEvent Capacidades APR: IPv6 [true], enviar fichero [true], aceptar filtros [false], aleatorio [true], UDS [true].
26-May-2026 19:56:46.272 INFORMACIÓN [main] org.apache.catalina.core.AprLifecycleListener.lifecycleEvent APR/OpenSSL configuration: useAprConnector [false], useOpenSSL [true]
26-May-2026 19:56:46.279 INFORMACIÓN [main] org.apache.catalina.core.AprLifecycleListener.initializeSSL OpenSSL inicializado correctamente [OpenSSL 3.0.19 27 Jan 2026]
26-May-2026 19:56:46.517 INFORMACIÓN [main] org.apache.coyote.AbstractProtocol.init Inicializando el manejador de protocolo ["http-nio-8080"]

26-May-2026 19:56:46.531 INFORMACIÓN [main] org.apache.catalina.startup.Catalina.load Server initialization in [447] milliseconds
26-May-2026 19:56:46.561 INFORMACIÓN [main] org.apache.catalina.core.StandardService.startInternal Arrancando servicio [Catalina]
26-May-2026 19:56:46.562 INFORMACIÓN [main] org.apache.catalina.core.StandardEngine.startInternal Starting Servlet engine: [Apache Tomcat/9.0.117]
26-May-2026 19:56:46.575 INFORMACIÓN [main] org.apache.catalina.startup.HostConfig.deployDescriptor Desplieque del descriptor de configuración [G:\IntelliJ\eventosProyecto\conf\Catalina\localhost\eventosProyecto.xml]
26-May-2026 19:56:47.459 INFORMACIÓN [main] org.apache.jasper.servlet.TldScanner.scanJars Al menos un JAR, que se ha explorado buscando TLDs, aún no contenía TLDs. Activar historial de depuración para este historiador para una completa lista de los JARs que fueron explorados y de los que nos se halló TLDs. Saltarse JARs no necesarios durante la exploración puede dar lugar a una mejora de tiempo significativa en el arranque y compilación de JSP .
26-May-2026 19:56:47.552 INFORMACIÓN [main] org.apache.catalina.startup.HostConfig.deployDescriptor Deployment of deployment descriptor [G:\IntelliJ\eventosProyecto\conf\Catalina\localhost\eventosProyecto.xml] has finished in [973] ms
26-May-2026 19:56:47.552 INFORMACIÓN [main] org.apache.catalina.startup.HostConfig.deployDirectory Desplegando el directorio [G:\IntelliJ\eventosProyecto\webapps\conf] de la aplicación web
26-May-2026 19:56:47.570 INFORMACIÓN [main] org.apache.catalina.startup.HostConfig.deployDirectory Deployment of web application directory [G:\IntelliJ\eventosProyecto\webapps\conf] has finished in [18] ms
26-May-2026 19:56:47.570 INFORMACIÓN [main] org.apache.catalina.startup.HostConfig.deployDirectory Desplegando el directorio [G:\IntelliJ\eventosProyecto\webapps\logs] de la aplicación web
26-May-2026 19:56:47.587 INFORMACIÓN [main] org.apache.catalina.startup.HostConfig.deployDirectory Deployment of web application directory [G:\IntelliJ\eventosProyecto\webapps\logs] has finished in [17] ms
26-May-2026 19:56:47.589 INFORMACIÓN [main] org.apache.coyote.AbstractProtocol.start Starting ProtocolHandler ["http-nio-8080"]
26-May-2026 19:56:47.606 INFORMACIÓN [main] org.apache.catalina.startup.Catalina.start Server startup in [1073] milliseconds
26-May-2026 19:57:49.912 INFORMACIÓN [Thread-1] org.apache.coyote.AbstractProtocol.pause Pausing ProtocolHandler ["http-nio-8080"]
26-May-2026 19:57:49.916 INFORMACIÓN [Thread-1] org.apache.catalina.core.StandardService.stopInternal Parando servicio [Catalina]
26-May-2026 19:57:49.919 ADVERTENCIA [Thread-1] org.apache.catalina.loader.WebappClassLoaderBase.clearReferencesJdbc La aplicación web [eventosProyecto] registró el conductor JDBC [com.mysql.cj.jdbc.Driver] pero falló al anular el registro mientras la aplicación web estaba parada. Para prevenir un fallo de memoria, se ha anulado el registro del conductor JDBC por la fuerza.
26-May-2026 19:57:49.920 ADVERTENCIA [Thread-1] org.apache.catalina.loader.WebappClassLoaderBase.clearReferencesThreads The web application [eventosProyecto] appears to have started a thread named [mysql-cj-abandoned-connection-cleanup] but has failed to stop it. This is very likely to create a memory leak. Stack trace of thread:
 java.base/java.lang.Object.wait0(Native Method)
 java.base/java.lang.Object.wait(Object.java:389)
 java.base/java.lang.ref.ReferenceQueue.remove0(ReferenceQueue.java:123)
 java.base/java.lang.ref.ReferenceQueue.remove(ReferenceQueue.java:201)
 com.mysql.cj.jdbc.AbandonedConnectionCleanupThread.run(AbandonedConnectionCleanupThread.java:91)
 java.base/java.util.concurrent.ThreadPoolExecutor.runWorker(ThreadPoolExecutor.java:1090)
 java.base/java.util.concurrent.ThreadPoolExecutor$Worker.run(ThreadPoolExecutor.java:614)
 java.base/java.lang.Thread.run(Thread.java:1474)
26-May-2026 19:57:49.925 INFORMACIÓN [Thread-1] org.apache.coyote.AbstractProtocol.stop Stopping ProtocolHandler ["http-nio-8080"]
26-May-2026 19:57:49.928 INFORMACIÓN [Thread-1] org.apache.coyote.AbstractProtocol.destroy Destroying ProtocolHandler ["http-nio-8080"]
26-May-2026 19:57:51.927 INFORMACIÓN [main] org.apache.catalina.startup.VersionLoggerListener.log Nombre de la versión del servidor: Apache Tomcat/9.0.117
26-May-2026 19:57:51.929 INFORMACIÓN [main] org.apache.catalina.startup.VersionLoggerListener.log Server built:                      Mar 30 2026 18:21:16 UTC
26-May-2026 19:57:51.929 INFORMACIÓN [main] org.apache.catalina.startup.VersionLoggerListener.log Número de versión de servidor:     9.0.117.0
26-May-2026 19:57:51.929 INFORMACIÓN [main] org.apache.catalina.startup.VersionLoggerListener.log OS Name:                           Windows 11
26-May-2026 19:57:51.929 INFORMACIÓN [main] org.apache.catalina.startup.VersionLoggerListener.log Versión de Systema Operativo:      10.0
26-May-2026 19:57:51.929 INFORMACIÓN [main] org.apache.catalina.startup.VersionLoggerListener.log Arquitectura:                      amd64
26-May-2026 19:57:51.929 INFORMACIÓN [main] org.apache.catalina.startup.VersionLoggerListener.log Java Home:                         C:\Users\cetme\.jdks\ms-25.0.3
26-May-2026 19:57:51.929 INFORMACIÓN [main] org.apache.catalina.startup.VersionLoggerListener.log JVM Version:                       25.0.3+9-LTS
26-May-2026 19:57:51.929 INFORMACIÓN [main] org.apache.catalina.startup.VersionLoggerListener.log Vededor JVM:                       Microsoft
26-May-2026 19:57:51.930 INFORMACIÓN [main] org.apache.catalina.startup.VersionLoggerListener.log CATALINA_BASE:                     G:\IntelliJ\eventosProyecto
26-May-2026 19:57:51.930 INFORMACIÓN [main] org.apache.catalina.startup.VersionLoggerListener.log CATALINA_HOME:                     G:\IntelliJ\Tomcat\apache-tomcat-9.0.117-20260522T151456Z-3-001\apache-tomcat-9.0.117
26-May-2026 19:57:51.941 INFORMACIÓN [main] org.apache.catalina.startup.VersionLoggerListener.log Command line argument:             --add-opens=java.base/java.lang=ALL-UNNAMED
26-May-2026 19:57:51.941 INFORMACIÓN [main] org.apache.catalina.startup.VersionLoggerListener.log Command line argument:             --add-opens=java.base/java.io=ALL-UNNAMED
26-May-2026 19:57:51.941 INFORMACIÓN [main] org.apache.catalina.startup.VersionLoggerListener.log Command line argument:             --add-opens=java.base/java.util=ALL-UNNAMED
26-May-2026 19:57:51.941 INFORMACIÓN [main] org.apache.catalina.startup.VersionLoggerListener.log Command line argument:             --add-opens=java.base/java.util.concurrent=ALL-UNNAMED
26-May-2026 19:57:51.941 INFORMACIÓN [main] org.apache.catalina.startup.VersionLoggerListener.log Command line argument:             --add-opens=java.rmi/sun.rmi.transport=ALL-UNNAMED
26-May-2026 19:57:51.941 INFORMACIÓN [main] org.apache.catalina.startup.VersionLoggerListener.log Command line argument:             -Dcatalina.home=G:\IntelliJ\Tomcat\apache-tomcat-9.0.117-20260522T151456Z-3-001\apache-tomcat-9.0.117
26-May-2026 19:57:51.941 INFORMACIÓN [main] org.apache.catalina.startup.VersionLoggerListener.log Command line argument:             -Dcatalina.base=G:\IntelliJ\eventosProyecto
26-May-2026 19:57:51.941 INFORMACIÓN [main] org.apache.catalina.startup.VersionLoggerListener.log Command line argument:             -Djava.io.tmpdir=G:\IntelliJ\eventosProyecto\temp
26-May-2026 19:57:51.941 INFORMACIÓN [main] org.apache.catalina.startup.VersionLoggerListener.log Command line argument:             -Djava.util.logging.config.file=G:\IntelliJ\eventosProyecto\conf\logging.properties
26-May-2026 19:57:51.942 INFORMACIÓN [main] org.apache.catalina.startup.VersionLoggerListener.log Command line argument:             -Djava.util.logging.manager=org.apache.juli.ClassLoaderLogManager
26-May-2026 19:57:51.942 INFORMACIÓN [main] org.apache.catalina.startup.VersionLoggerListener.log Command line argument:             -javaagent:G:\IntelliJ\IntelliJ IDEA 2026.1.2\lib\idea_rt.jar=63752
26-May-2026 19:57:51.942 INFORMACIÓN [main] org.apache.catalina.startup.VersionLoggerListener.log Command line argument:             -Dfile.encoding=UTF-8
26-May-2026 19:57:51.942 INFORMACIÓN [main] org.apache.catalina.startup.VersionLoggerListener.log Command line argument:             -Dsun.stdout.encoding=UTF-8
26-May-2026 19:57:51.942 INFORMACIÓN [main] org.apache.catalina.startup.VersionLoggerListener.log Command line argument:             -Dsun.stderr.encoding=UTF-8
26-May-2026 19:57:51.949 INFORMACIÓN [main] org.apache.catalina.core.AprLifecycleListener.lifecycleEvent Cargada la biblioteca nativa APR de Apache Tomcat [1.3.7] con la versión APR [1.7.6].
26-May-2026 19:57:51.949 INFORMACIÓN [main] org.apache.catalina.core.AprLifecycleListener.lifecycleEvent Capacidades APR: IPv6 [true], enviar fichero [true], aceptar filtros [false], aleatorio [true], UDS [true].
26-May-2026 19:57:51.949 INFORMACIÓN [main] org.apache.catalina.core.AprLifecycleListener.lifecycleEvent APR/OpenSSL configuration: useAprConnector [false], useOpenSSL [true]
26-May-2026 19:57:51.956 INFORMACIÓN [main] org.apache.catalina.core.AprLifecycleListener.initializeSSL OpenSSL inicializado correctamente [OpenSSL 3.0.19 27 Jan 2026]
26-May-2026 19:57:52.170 INFORMACIÓN [main] org.apache.coyote.AbstractProtocol.init Inicializando el manejador de protocolo ["http-nio-8080"]

26-May-2026 19:57:52.184 INFORMACIÓN [main] org.apache.catalina.startup.Catalina.load Server initialization in [392] milliseconds
26-May-2026 19:57:52.214 INFORMACIÓN [main] org.apache.catalina.core.StandardService.startInternal Arrancando servicio [Catalina]
26-May-2026 19:57:52.214 INFORMACIÓN [main] org.apache.catalina.core.StandardEngine.startInternal Starting Servlet engine: [Apache Tomcat/9.0.117]
26-May-2026 19:57:52.241 INFORMACIÓN [main] org.apache.catalina.startup.HostConfig.deployDescriptor Desplieque del descriptor de configuración [G:\IntelliJ\eventosProyecto\conf\Catalina\localhost\eventosProyecto.xml]
26-May-2026 19:57:53.166 INFORMACIÓN [main] org.apache.jasper.servlet.TldScanner.scanJars Al menos un JAR, que se ha explorado buscando TLDs, aún no contenía TLDs. Activar historial de depuración para este historiador para una completa lista de los JARs que fueron explorados y de los que nos se halló TLDs. Saltarse JARs no necesarios durante la exploración puede dar lugar a una mejora de tiempo significativa en el arranque y compilación de JSP .
26-May-2026 19:57:53.261 INFORMACIÓN [main] org.apache.catalina.startup.HostConfig.deployDescriptor Deployment of deployment descriptor [G:\IntelliJ\eventosProyecto\conf\Catalina\localhost\eventosProyecto.xml] has finished in [1.016] ms
26-May-2026 19:57:53.261 INFORMACIÓN [main] org.apache.catalina.startup.HostConfig.deployDirectory Desplegando el directorio [G:\IntelliJ\eventosProyecto\webapps\conf] de la aplicación web
26-May-2026 19:57:53.278 INFORMACIÓN [main] org.apache.catalina.startup.HostConfig.deployDirectory Deployment of web application directory [G:\IntelliJ\eventosProyecto\webapps\conf] has finished in [17] ms
26-May-2026 19:57:53.278 INFORMACIÓN [main] org.apache.catalina.startup.HostConfig.deployDirectory Desplegando el directorio [G:\IntelliJ\eventosProyecto\webapps\logs] de la aplicación web
26-May-2026 19:57:53.294 INFORMACIÓN [main] org.apache.catalina.startup.HostConfig.deployDirectory Deployment of web application directory [G:\IntelliJ\eventosProyecto\webapps\logs] has finished in [16] ms
26-May-2026 19:57:53.297 INFORMACIÓN [main] org.apache.coyote.AbstractProtocol.start Starting ProtocolHandler ["http-nio-8080"]
26-May-2026 19:57:53.315 INFORMACIÓN [main] org.apache.catalina.startup.Catalina.start Server startup in [1129] milliseconds
26-May-2026 20:01:50.313 INFORMACIÓN [Thread-1] org.apache.coyote.AbstractProtocol.pause Pausing ProtocolHandler ["http-nio-8080"]
26-May-2026 20:01:50.317 INFORMACIÓN [Thread-1] org.apache.catalina.core.StandardService.stopInternal Parando servicio [Catalina]
26-May-2026 20:01:50.320 ADVERTENCIA [Thread-1] org.apache.catalina.loader.WebappClassLoaderBase.clearReferencesJdbc La aplicación web [eventosProyecto] registró el conductor JDBC [com.mysql.cj.jdbc.Driver] pero falló al anular el registro mientras la aplicación web estaba parada. Para prevenir un fallo de memoria, se ha anulado el registro del conductor JDBC por la fuerza.
26-May-2026 20:01:50.321 ADVERTENCIA [Thread-1] org.apache.catalina.loader.WebappClassLoaderBase.clearReferencesThreads The web application [eventosProyecto] appears to have started a thread named [mysql-cj-abandoned-connection-cleanup] but has failed to stop it. This is very likely to create a memory leak. Stack trace of thread:
 java.base/java.lang.Object.wait0(Native Method)
 java.base/java.lang.Object.wait(Object.java:389)
 java.base/java.lang.ref.ReferenceQueue.remove0(ReferenceQueue.java:123)
 java.base/java.lang.ref.ReferenceQueue.remove(ReferenceQueue.java:201)
 com.mysql.cj.jdbc.AbandonedConnectionCleanupThread.run(AbandonedConnectionCleanupThread.java:91)
 java.base/java.util.concurrent.ThreadPoolExecutor.runWorker(ThreadPoolExecutor.java:1090)
 java.base/java.util.concurrent.ThreadPoolExecutor$Worker.run(ThreadPoolExecutor.java:614)
 java.base/java.lang.Thread.run(Thread.java:1474)
26-May-2026 20:01:50.326 INFORMACIÓN [Thread-1] org.apache.coyote.AbstractProtocol.stop Stopping ProtocolHandler ["http-nio-8080"]
26-May-2026 20:01:50.330 INFORMACIÓN [Thread-1] org.apache.coyote.AbstractProtocol.destroy Destroying ProtocolHandler ["http-nio-8080"]
26-May-2026 20:01:51.601 INFORMACIÓN [main] org.apache.catalina.startup.VersionLoggerListener.log Nombre de la versión del servidor: Apache Tomcat/9.0.117
26-May-2026 20:01:51.605 INFORMACIÓN [main] org.apache.catalina.startup.VersionLoggerListener.log Server built:                      Mar 30 2026 18:21:16 UTC
26-May-2026 20:01:51.605 INFORMACIÓN [main] org.apache.catalina.startup.VersionLoggerListener.log Número de versión de servidor:     9.0.117.0
26-May-2026 20:01:51.605 INFORMACIÓN [main] org.apache.catalina.startup.VersionLoggerListener.log OS Name:                           Windows 11
26-May-2026 20:01:51.605 INFORMACIÓN [main] org.apache.catalina.startup.VersionLoggerListener.log Versión de Systema Operativo:      10.0
26-May-2026 20:01:51.605 INFORMACIÓN [main] org.apache.catalina.startup.VersionLoggerListener.log Arquitectura:                      amd64
26-May-2026 20:01:51.605 INFORMACIÓN [main] org.apache.catalina.startup.VersionLoggerListener.log Java Home:                         C:\Users\cetme\.jdks\ms-25.0.3
26-May-2026 20:01:51.605 INFORMACIÓN [main] org.apache.catalina.startup.VersionLoggerListener.log JVM Version:                       25.0.3+9-LTS
26-May-2026 20:01:51.606 INFORMACIÓN [main] org.apache.catalina.startup.VersionLoggerListener.log Vededor JVM:                       Microsoft
26-May-2026 20:01:51.606 INFORMACIÓN [main] org.apache.catalina.startup.VersionLoggerListener.log CATALINA_BASE:                     G:\IntelliJ\eventosProyecto
26-May-2026 20:01:51.606 INFORMACIÓN [main] org.apache.catalina.startup.VersionLoggerListener.log CATALINA_HOME:                     G:\IntelliJ\Tomcat\apache-tomcat-9.0.117-20260522T151456Z-3-001\apache-tomcat-9.0.117
26-May-2026 20:01:51.618 INFORMACIÓN [main] org.apache.catalina.startup.VersionLoggerListener.log Command line argument:             --add-opens=java.base/java.lang=ALL-UNNAMED
26-May-2026 20:01:51.618 INFORMACIÓN [main] org.apache.catalina.startup.VersionLoggerListener.log Command line argument:             --add-opens=java.base/java.io=ALL-UNNAMED
26-May-2026 20:01:51.618 INFORMACIÓN [main] org.apache.catalina.startup.VersionLoggerListener.log Command line argument:             --add-opens=java.base/java.util=ALL-UNNAMED
26-May-2026 20:01:51.618 INFORMACIÓN [main] org.apache.catalina.startup.VersionLoggerListener.log Command line argument:             --add-opens=java.base/java.util.concurrent=ALL-UNNAMED
26-May-2026 20:01:51.618 INFORMACIÓN [main] org.apache.catalina.startup.VersionLoggerListener.log Command line argument:             --add-opens=java.rmi/sun.rmi.transport=ALL-UNNAMED
26-May-2026 20:01:51.618 INFORMACIÓN [main] org.apache.catalina.startup.VersionLoggerListener.log Command line argument:             -Dcatalina.home=G:\IntelliJ\Tomcat\apache-tomcat-9.0.117-20260522T151456Z-3-001\apache-tomcat-9.0.117
26-May-2026 20:01:51.618 INFORMACIÓN [main] org.apache.catalina.startup.VersionLoggerListener.log Command line argument:             -Dcatalina.base=G:\IntelliJ\eventosProyecto
26-May-2026 20:01:51.618 INFORMACIÓN [main] org.apache.catalina.startup.VersionLoggerListener.log Command line argument:             -Djava.io.tmpdir=G:\IntelliJ\eventosProyecto\temp
26-May-2026 20:01:51.618 INFORMACIÓN [main] org.apache.catalina.startup.VersionLoggerListener.log Command line argument:             -Djava.util.logging.config.file=G:\IntelliJ\eventosProyecto\conf\logging.properties
26-May-2026 20:01:51.618 INFORMACIÓN [main] org.apache.catalina.startup.VersionLoggerListener.log Command line argument:             -Djava.util.logging.manager=org.apache.juli.ClassLoaderLogManager
26-May-2026 20:01:51.618 INFORMACIÓN [main] org.apache.catalina.startup.VersionLoggerListener.log Command line argument:             -javaagent:G:\IntelliJ\IntelliJ IDEA 2026.1.2\lib\idea_rt.jar=56062
26-May-2026 20:01:51.618 INFORMACIÓN [main] org.apache.catalina.startup.VersionLoggerListener.log Command line argument:             -Dfile.encoding=UTF-8
26-May-2026 20:01:51.619 INFORMACIÓN [main] org.apache.catalina.startup.VersionLoggerListener.log Command line argument:             -Dsun.stdout.encoding=UTF-8
26-May-2026 20:01:51.619 INFORMACIÓN [main] org.apache.catalina.startup.VersionLoggerListener.log Command line argument:             -Dsun.stderr.encoding=UTF-8
26-May-2026 20:01:51.625 INFORMACIÓN [main] org.apache.catalina.core.AprLifecycleListener.lifecycleEvent Cargada la biblioteca nativa APR de Apache Tomcat [1.3.7] con la versión APR [1.7.6].
26-May-2026 20:01:51.625 INFORMACIÓN [main] org.apache.catalina.core.AprLifecycleListener.lifecycleEvent Capacidades APR: IPv6 [true], enviar fichero [true], aceptar filtros [false], aleatorio [true], UDS [true].
26-May-2026 20:01:51.625 INFORMACIÓN [main] org.apache.catalina.core.AprLifecycleListener.lifecycleEvent APR/OpenSSL configuration: useAprConnector [false], useOpenSSL [true]
26-May-2026 20:01:51.632 INFORMACIÓN [main] org.apache.catalina.core.AprLifecycleListener.initializeSSL OpenSSL inicializado correctamente [OpenSSL 3.0.19 27 Jan 2026]
26-May-2026 20:01:51.870 INFORMACIÓN [main] org.apache.coyote.AbstractProtocol.init Inicializando el manejador de protocolo ["http-nio-8080"]

26-May-2026 20:01:51.885 INFORMACIÓN [main] org.apache.catalina.startup.Catalina.load Server initialization in [456] milliseconds
26-May-2026 20:01:51.917 INFORMACIÓN [main] org.apache.catalina.core.StandardService.startInternal Arrancando servicio [Catalina]
26-May-2026 20:01:51.917 INFORMACIÓN [main] org.apache.catalina.core.StandardEngine.startInternal Starting Servlet engine: [Apache Tomcat/9.0.117]
26-May-2026 20:01:51.933 INFORMACIÓN [main] org.apache.catalina.startup.HostConfig.deployDescriptor Desplieque del descriptor de configuración [G:\IntelliJ\eventosProyecto\conf\Catalina\localhost\eventosProyecto.xml]
26-May-2026 20:01:52.823 INFORMACIÓN [main] org.apache.jasper.servlet.TldScanner.scanJars Al menos un JAR, que se ha explorado buscando TLDs, aún no contenía TLDs. Activar historial de depuración para este historiador para una completa lista de los JARs que fueron explorados y de los que nos se halló TLDs. Saltarse JARs no necesarios durante la exploración puede dar lugar a una mejora de tiempo significativa en el arranque y compilación de JSP .
26-May-2026 20:01:52.916 INFORMACIÓN [main] org.apache.catalina.startup.HostConfig.deployDescriptor Deployment of deployment descriptor [G:\IntelliJ\eventosProyecto\conf\Catalina\localhost\eventosProyecto.xml] has finished in [978] ms
26-May-2026 20:01:52.917 INFORMACIÓN [main] org.apache.catalina.startup.HostConfig.deployDirectory Desplegando el directorio [G:\IntelliJ\eventosProyecto\webapps\conf] de la aplicación web
26-May-2026 20:01:52.935 INFORMACIÓN [main] org.apache.catalina.startup.HostConfig.deployDirectory Deployment of web application directory [G:\IntelliJ\eventosProyecto\webapps\conf] has finished in [19] ms
26-May-2026 20:01:52.935 INFORMACIÓN [main] org.apache.catalina.startup.HostConfig.deployDirectory Desplegando el directorio [G:\IntelliJ\eventosProyecto\webapps\logs] de la aplicación web
26-May-2026 20:01:52.952 INFORMACIÓN [main] org.apache.catalina.startup.HostConfig.deployDirectory Deployment of web application directory [G:\IntelliJ\eventosProyecto\webapps\logs] has finished in [16] ms
26-May-2026 20:01:52.955 INFORMACIÓN [main] org.apache.coyote.AbstractProtocol.start Starting ProtocolHandler ["http-nio-8080"]
26-May-2026 20:01:52.974 INFORMACIÓN [main] org.apache.catalina.startup.Catalina.start Server startup in [1087] milliseconds
26-May-2026 20:02:53.852 INFORMACIÓN [Thread-1] org.apache.coyote.AbstractProtocol.pause Pausing ProtocolHandler ["http-nio-8080"]
26-May-2026 20:02:53.855 INFORMACIÓN [Thread-1] org.apache.catalina.core.StandardService.stopInternal Parando servicio [Catalina]
26-May-2026 20:02:53.858 ADVERTENCIA [Thread-1] org.apache.catalina.loader.WebappClassLoaderBase.clearReferencesJdbc La aplicación web [eventosProyecto] registró el conductor JDBC [com.mysql.cj.jdbc.Driver] pero falló al anular el registro mientras la aplicación web estaba parada. Para prevenir un fallo de memoria, se ha anulado el registro del conductor JDBC por la fuerza.
26-May-2026 20:02:53.858 ADVERTENCIA [Thread-1] org.apache.catalina.loader.WebappClassLoaderBase.clearReferencesThreads The web application [eventosProyecto] appears to have started a thread named [mysql-cj-abandoned-connection-cleanup] but has failed to stop it. This is very likely to create a memory leak. Stack trace of thread:
 java.base/java.lang.Object.wait0(Native Method)
 java.base/java.lang.Object.wait(Object.java:389)
 java.base/java.lang.ref.ReferenceQueue.remove0(ReferenceQueue.java:123)
 java.base/java.lang.ref.ReferenceQueue.remove(ReferenceQueue.java:201)
 com.mysql.cj.jdbc.AbandonedConnectionCleanupThread.run(AbandonedConnectionCleanupThread.java:91)
 java.base/java.util.concurrent.ThreadPoolExecutor.runWorker(ThreadPoolExecutor.java:1090)
 java.base/java.util.concurrent.ThreadPoolExecutor$Worker.run(ThreadPoolExecutor.java:614)
 java.base/java.lang.Thread.run(Thread.java:1474)
26-May-2026 20:02:53.863 INFORMACIÓN [Thread-1] org.apache.coyote.AbstractProtocol.stop Stopping ProtocolHandler ["http-nio-8080"]
26-May-2026 20:02:53.867 INFORMACIÓN [Thread-1] org.apache.coyote.AbstractProtocol.destroy Destroying ProtocolHandler ["http-nio-8080"]
26-May-2026 20:02:55.115 INFORMACIÓN [main] org.apache.catalina.startup.VersionLoggerListener.log Nombre de la versión del servidor: Apache Tomcat/9.0.117
26-May-2026 20:02:55.118 INFORMACIÓN [main] org.apache.catalina.startup.VersionLoggerListener.log Server built:                      Mar 30 2026 18:21:16 UTC
26-May-2026 20:02:55.118 INFORMACIÓN [main] org.apache.catalina.startup.VersionLoggerListener.log Número de versión de servidor:     9.0.117.0
26-May-2026 20:02:55.118 INFORMACIÓN [main] org.apache.catalina.startup.VersionLoggerListener.log OS Name:                           Windows 11
26-May-2026 20:02:55.118 INFORMACIÓN [main] org.apache.catalina.startup.VersionLoggerListener.log Versión de Systema Operativo:      10.0
26-May-2026 20:02:55.118 INFORMACIÓN [main] org.apache.catalina.startup.VersionLoggerListener.log Arquitectura:                      amd64
26-May-2026 20:02:55.118 INFORMACIÓN [main] org.apache.catalina.startup.VersionLoggerListener.log Java Home:                         C:\Users\cetme\.jdks\ms-25.0.3
26-May-2026 20:02:55.119 INFORMACIÓN [main] org.apache.catalina.startup.VersionLoggerListener.log JVM Version:                       25.0.3+9-LTS
26-May-2026 20:02:55.119 INFORMACIÓN [main] org.apache.catalina.startup.VersionLoggerListener.log Vededor JVM:                       Microsoft
26-May-2026 20:02:55.119 INFORMACIÓN [main] org.apache.catalina.startup.VersionLoggerListener.log CATALINA_BASE:                     G:\IntelliJ\eventosProyecto
26-May-2026 20:02:55.119 INFORMACIÓN [main] org.apache.catalina.startup.VersionLoggerListener.log CATALINA_HOME:                     G:\IntelliJ\Tomcat\apache-tomcat-9.0.117-20260522T151456Z-3-001\apache-tomcat-9.0.117
26-May-2026 20:02:55.131 INFORMACIÓN [main] org.apache.catalina.startup.VersionLoggerListener.log Command line argument:             --add-opens=java.base/java.lang=ALL-UNNAMED
26-May-2026 20:02:55.131 INFORMACIÓN [main] org.apache.catalina.startup.VersionLoggerListener.log Command line argument:             --add-opens=java.base/java.io=ALL-UNNAMED
26-May-2026 20:02:55.131 INFORMACIÓN [main] org.apache.catalina.startup.VersionLoggerListener.log Command line argument:             --add-opens=java.base/java.util=ALL-UNNAMED
26-May-2026 20:02:55.131 INFORMACIÓN [main] org.apache.catalina.startup.VersionLoggerListener.log Command line argument:             --add-opens=java.base/java.util.concurrent=ALL-UNNAMED
26-May-2026 20:02:55.131 INFORMACIÓN [main] org.apache.catalina.startup.VersionLoggerListener.log Command line argument:             --add-opens=java.rmi/sun.rmi.transport=ALL-UNNAMED
26-May-2026 20:02:55.132 INFORMACIÓN [main] org.apache.catalina.startup.VersionLoggerListener.log Command line argument:             -Dcatalina.home=G:\IntelliJ\Tomcat\apache-tomcat-9.0.117-20260522T151456Z-3-001\apache-tomcat-9.0.117
26-May-2026 20:02:55.132 INFORMACIÓN [main] org.apache.catalina.startup.VersionLoggerListener.log Command line argument:             -Dcatalina.base=G:\IntelliJ\eventosProyecto
26-May-2026 20:02:55.132 INFORMACIÓN [main] org.apache.catalina.startup.VersionLoggerListener.log Command line argument:             -Djava.io.tmpdir=G:\IntelliJ\eventosProyecto\temp
26-May-2026 20:02:55.132 INFORMACIÓN [main] org.apache.catalina.startup.VersionLoggerListener.log Command line argument:             -Djava.util.logging.config.file=G:\IntelliJ\eventosProyecto\conf\logging.properties
26-May-2026 20:02:55.132 INFORMACIÓN [main] org.apache.catalina.startup.VersionLoggerListener.log Command line argument:             -Djava.util.logging.manager=org.apache.juli.ClassLoaderLogManager
26-May-2026 20:02:55.132 INFORMACIÓN [main] org.apache.catalina.startup.VersionLoggerListener.log Command line argument:             -javaagent:G:\IntelliJ\IntelliJ IDEA 2026.1.2\lib\idea_rt.jar=54596
26-May-2026 20:02:55.132 INFORMACIÓN [main] org.apache.catalina.startup.VersionLoggerListener.log Command line argument:             -Dfile.encoding=UTF-8
26-May-2026 20:02:55.132 INFORMACIÓN [main] org.apache.catalina.startup.VersionLoggerListener.log Command line argument:             -Dsun.stdout.encoding=UTF-8
26-May-2026 20:02:55.132 INFORMACIÓN [main] org.apache.catalina.startup.VersionLoggerListener.log Command line argument:             -Dsun.stderr.encoding=UTF-8
26-May-2026 20:02:55.139 INFORMACIÓN [main] org.apache.catalina.core.AprLifecycleListener.lifecycleEvent Cargada la biblioteca nativa APR de Apache Tomcat [1.3.7] con la versión APR [1.7.6].
26-May-2026 20:02:55.139 INFORMACIÓN [main] org.apache.catalina.core.AprLifecycleListener.lifecycleEvent Capacidades APR: IPv6 [true], enviar fichero [true], aceptar filtros [false], aleatorio [true], UDS [true].
26-May-2026 20:02:55.139 INFORMACIÓN [main] org.apache.catalina.core.AprLifecycleListener.lifecycleEvent APR/OpenSSL configuration: useAprConnector [false], useOpenSSL [true]
26-May-2026 20:02:55.147 INFORMACIÓN [main] org.apache.catalina.core.AprLifecycleListener.initializeSSL OpenSSL inicializado correctamente [OpenSSL 3.0.19 27 Jan 2026]
26-May-2026 20:02:55.404 INFORMACIÓN [main] org.apache.coyote.AbstractProtocol.init Inicializando el manejador de protocolo ["http-nio-8080"]

26-May-2026 20:02:55.421 INFORMACIÓN [main] org.apache.catalina.startup.Catalina.load Server initialization in [491] milliseconds
26-May-2026 20:02:55.452 INFORMACIÓN [main] org.apache.catalina.core.StandardService.startInternal Arrancando servicio [Catalina]
26-May-2026 20:02:55.452 INFORMACIÓN [main] org.apache.catalina.core.StandardEngine.startInternal Starting Servlet engine: [Apache Tomcat/9.0.117]
26-May-2026 20:02:55.470 INFORMACIÓN [main] org.apache.catalina.startup.HostConfig.deployDescriptor Desplieque del descriptor de configuración [G:\IntelliJ\eventosProyecto\conf\Catalina\localhost\eventosProyecto.xml]
26-May-2026 20:02:56.370 INFORMACIÓN [main] org.apache.jasper.servlet.TldScanner.scanJars Al menos un JAR, que se ha explorado buscando TLDs, aún no contenía TLDs. Activar historial de depuración para este historiador para una completa lista de los JARs que fueron explorados y de los que nos se halló TLDs. Saltarse JARs no necesarios durante la exploración puede dar lugar a una mejora de tiempo significativa en el arranque y compilación de JSP .
26-May-2026 20:02:56.461 INFORMACIÓN [main] org.apache.catalina.startup.HostConfig.deployDescriptor Deployment of deployment descriptor [G:\IntelliJ\eventosProyecto\conf\Catalina\localhost\eventosProyecto.xml] has finished in [987] ms
26-May-2026 20:02:56.461 INFORMACIÓN [main] org.apache.catalina.startup.HostConfig.deployDirectory Desplegando el directorio [G:\IntelliJ\eventosProyecto\webapps\conf] de la aplicación web
26-May-2026 20:02:56.479 INFORMACIÓN [main] org.apache.catalina.startup.HostConfig.deployDirectory Deployment of web application directory [G:\IntelliJ\eventosProyecto\webapps\conf] has finished in [17] ms
26-May-2026 20:02:56.479 INFORMACIÓN [main] org.apache.catalina.startup.HostConfig.deployDirectory Desplegando el directorio [G:\IntelliJ\eventosProyecto\webapps\logs] de la aplicación web
26-May-2026 20:02:56.495 INFORMACIÓN [main] org.apache.catalina.startup.HostConfig.deployDirectory Deployment of web application directory [G:\IntelliJ\eventosProyecto\webapps\logs] has finished in [15] ms
26-May-2026 20:02:56.497 INFORMACIÓN [main] org.apache.coyote.AbstractProtocol.start Starting ProtocolHandler ["http-nio-8080"]
26-May-2026 20:02:56.514 INFORMACIÓN [main] org.apache.catalina.startup.Catalina.start Server startup in [1091] milliseconds
26-May-2026 20:03:26.249 INFORMACIÓN [Thread-1] org.apache.coyote.AbstractProtocol.pause Pausing ProtocolHandler ["http-nio-8080"]
26-May-2026 20:03:26.252 INFORMACIÓN [Thread-1] org.apache.catalina.core.StandardService.stopInternal Parando servicio [Catalina]
26-May-2026 20:03:26.256 ADVERTENCIA [Thread-1] org.apache.catalina.loader.WebappClassLoaderBase.clearReferencesJdbc La aplicación web [eventosProyecto] registró el conductor JDBC [com.mysql.cj.jdbc.Driver] pero falló al anular el registro mientras la aplicación web estaba parada. Para prevenir un fallo de memoria, se ha anulado el registro del conductor JDBC por la fuerza.
26-May-2026 20:03:26.256 ADVERTENCIA [Thread-1] org.apache.catalina.loader.WebappClassLoaderBase.clearReferencesThreads The web application [eventosProyecto] appears to have started a thread named [mysql-cj-abandoned-connection-cleanup] but has failed to stop it. This is very likely to create a memory leak. Stack trace of thread:
 java.base/java.lang.Object.wait0(Native Method)
 java.base/java.lang.Object.wait(Object.java:389)
 java.base/java.lang.ref.ReferenceQueue.remove0(ReferenceQueue.java:123)
 java.base/java.lang.ref.ReferenceQueue.remove(ReferenceQueue.java:201)
 com.mysql.cj.jdbc.AbandonedConnectionCleanupThread.run(AbandonedConnectionCleanupThread.java:91)
 java.base/java.util.concurrent.ThreadPoolExecutor.runWorker(ThreadPoolExecutor.java:1090)
 java.base/java.util.concurrent.ThreadPoolExecutor$Worker.run(ThreadPoolExecutor.java:614)
 java.base/java.lang.Thread.run(Thread.java:1474)
26-May-2026 20:03:26.261 INFORMACIÓN [Thread-1] org.apache.coyote.AbstractProtocol.stop Stopping ProtocolHandler ["http-nio-8080"]
26-May-2026 20:03:26.263 INFORMACIÓN [Thread-1] org.apache.coyote.AbstractProtocol.destroy Destroying ProtocolHandler ["http-nio-8080"]
26-May-2026 20:03:27.514 INFORMACIÓN [main] org.apache.catalina.startup.VersionLoggerListener.log Nombre de la versión del servidor: Apache Tomcat/9.0.117
26-May-2026 20:03:27.517 INFORMACIÓN [main] org.apache.catalina.startup.VersionLoggerListener.log Server built:                      Mar 30 2026 18:21:16 UTC
26-May-2026 20:03:27.517 INFORMACIÓN [main] org.apache.catalina.startup.VersionLoggerListener.log Número de versión de servidor:     9.0.117.0
26-May-2026 20:03:27.517 INFORMACIÓN [main] org.apache.catalina.startup.VersionLoggerListener.log OS Name:                           Windows 11
26-May-2026 20:03:27.517 INFORMACIÓN [main] org.apache.catalina.startup.VersionLoggerListener.log Versión de Systema Operativo:      10.0
26-May-2026 20:03:27.517 INFORMACIÓN [main] org.apache.catalina.startup.VersionLoggerListener.log Arquitectura:                      amd64
26-May-2026 20:03:27.517 INFORMACIÓN [main] org.apache.catalina.startup.VersionLoggerListener.log Java Home:                         C:\Users\cetme\.jdks\ms-25.0.3
26-May-2026 20:03:27.517 INFORMACIÓN [main] org.apache.catalina.startup.VersionLoggerListener.log JVM Version:                       25.0.3+9-LTS
26-May-2026 20:03:27.518 INFORMACIÓN [main] org.apache.catalina.startup.VersionLoggerListener.log Vededor JVM:                       Microsoft
26-May-2026 20:03:27.518 INFORMACIÓN [main] org.apache.catalina.startup.VersionLoggerListener.log CATALINA_BASE:                     G:\IntelliJ\eventosProyecto
26-May-2026 20:03:27.518 INFORMACIÓN [main] org.apache.catalina.startup.VersionLoggerListener.log CATALINA_HOME:                     G:\IntelliJ\Tomcat\apache-tomcat-9.0.117-20260522T151456Z-3-001\apache-tomcat-9.0.117
26-May-2026 20:03:27.529 INFORMACIÓN [main] org.apache.catalina.startup.VersionLoggerListener.log Command line argument:             --add-opens=java.base/java.lang=ALL-UNNAMED
26-May-2026 20:03:27.529 INFORMACIÓN [main] org.apache.catalina.startup.VersionLoggerListener.log Command line argument:             --add-opens=java.base/java.io=ALL-UNNAMED
26-May-2026 20:03:27.529 INFORMACIÓN [main] org.apache.catalina.startup.VersionLoggerListener.log Command line argument:             --add-opens=java.base/java.util=ALL-UNNAMED
26-May-2026 20:03:27.529 INFORMACIÓN [main] org.apache.catalina.startup.VersionLoggerListener.log Command line argument:             --add-opens=java.base/java.util.concurrent=ALL-UNNAMED
26-May-2026 20:03:27.529 INFORMACIÓN [main] org.apache.catalina.startup.VersionLoggerListener.log Command line argument:             --add-opens=java.rmi/sun.rmi.transport=ALL-UNNAMED
26-May-2026 20:03:27.529 INFORMACIÓN [main] org.apache.catalina.startup.VersionLoggerListener.log Command line argument:             -Dcatalina.home=G:\IntelliJ\Tomcat\apache-tomcat-9.0.117-20260522T151456Z-3-001\apache-tomcat-9.0.117
26-May-2026 20:03:27.530 INFORMACIÓN [main] org.apache.catalina.startup.VersionLoggerListener.log Command line argument:             -Dcatalina.base=G:\IntelliJ\eventosProyecto
26-May-2026 20:03:27.530 INFORMACIÓN [main] org.apache.catalina.startup.VersionLoggerListener.log Command line argument:             -Djava.io.tmpdir=G:\IntelliJ\eventosProyecto\temp
26-May-2026 20:03:27.530 INFORMACIÓN [main] org.apache.catalina.startup.VersionLoggerListener.log Command line argument:             -Djava.util.logging.config.file=G:\IntelliJ\eventosProyecto\conf\logging.properties
26-May-2026 20:03:27.530 INFORMACIÓN [main] org.apache.catalina.startup.VersionLoggerListener.log Command line argument:             -Djava.util.logging.manager=org.apache.juli.ClassLoaderLogManager
26-May-2026 20:03:27.530 INFORMACIÓN [main] org.apache.catalina.startup.VersionLoggerListener.log Command line argument:             -javaagent:G:\IntelliJ\IntelliJ IDEA 2026.1.2\lib\idea_rt.jar=61417
26-May-2026 20:03:27.530 INFORMACIÓN [main] org.apache.catalina.startup.VersionLoggerListener.log Command line argument:             -Dfile.encoding=UTF-8
26-May-2026 20:03:27.530 INFORMACIÓN [main] org.apache.catalina.startup.VersionLoggerListener.log Command line argument:             -Dsun.stdout.encoding=UTF-8
26-May-2026 20:03:27.530 INFORMACIÓN [main] org.apache.catalina.startup.VersionLoggerListener.log Command line argument:             -Dsun.stderr.encoding=UTF-8
26-May-2026 20:03:27.536 INFORMACIÓN [main] org.apache.catalina.core.AprLifecycleListener.lifecycleEvent Cargada la biblioteca nativa APR de Apache Tomcat [1.3.7] con la versión APR [1.7.6].
26-May-2026 20:03:27.536 INFORMACIÓN [main] org.apache.catalina.core.AprLifecycleListener.lifecycleEvent Capacidades APR: IPv6 [true], enviar fichero [true], aceptar filtros [false], aleatorio [true], UDS [true].
26-May-2026 20:03:27.537 INFORMACIÓN [main] org.apache.catalina.core.AprLifecycleListener.lifecycleEvent APR/OpenSSL configuration: useAprConnector [false], useOpenSSL [true]
26-May-2026 20:03:27.543 INFORMACIÓN [main] org.apache.catalina.core.AprLifecycleListener.initializeSSL OpenSSL inicializado correctamente [OpenSSL 3.0.19 27 Jan 2026]
26-May-2026 20:03:27.791 INFORMACIÓN [main] org.apache.coyote.AbstractProtocol.init Inicializando el manejador de protocolo ["http-nio-8080"]

26-May-2026 20:03:27.804 INFORMACIÓN [main] org.apache.catalina.startup.Catalina.load Server initialization in [478] milliseconds
26-May-2026 20:03:27.836 INFORMACIÓN [main] org.apache.catalina.core.StandardService.startInternal Arrancando servicio [Catalina]
26-May-2026 20:03:27.836 INFORMACIÓN [main] org.apache.catalina.core.StandardEngine.startInternal Starting Servlet engine: [Apache Tomcat/9.0.117]
26-May-2026 20:03:27.841 INFORMACIÓN [main] org.apache.catalina.startup.HostConfig.deployDescriptor Desplieque del descriptor de configuración [G:\IntelliJ\eventosProyecto\conf\Catalina\localhost\eventosProyecto.xml]
26-May-2026 20:03:28.741 INFORMACIÓN [main] org.apache.jasper.servlet.TldScanner.scanJars Al menos un JAR, que se ha explorado buscando TLDs, aún no contenía TLDs. Activar historial de depuración para este historiador para una completa lista de los JARs que fueron explorados y de los que nos se halló TLDs. Saltarse JARs no necesarios durante la exploración puede dar lugar a una mejora de tiempo significativa en el arranque y compilación de JSP .
26-May-2026 20:03:28.833 INFORMACIÓN [main] org.apache.catalina.startup.HostConfig.deployDescriptor Deployment of deployment descriptor [G:\IntelliJ\eventosProyecto\conf\Catalina\localhost\eventosProyecto.xml] has finished in [988] ms
26-May-2026 20:03:28.833 INFORMACIÓN [main] org.apache.catalina.startup.HostConfig.deployDirectory Desplegando el directorio [G:\IntelliJ\eventosProyecto\webapps\conf] de la aplicación web
26-May-2026 20:03:28.850 INFORMACIÓN [main] org.apache.catalina.startup.HostConfig.deployDirectory Deployment of web application directory [G:\IntelliJ\eventosProyecto\webapps\conf] has finished in [16] ms
26-May-2026 20:03:28.850 INFORMACIÓN [main] org.apache.catalina.startup.HostConfig.deployDirectory Desplegando el directorio [G:\IntelliJ\eventosProyecto\webapps\logs] de la aplicación web
26-May-2026 20:03:28.865 INFORMACIÓN [main] org.apache.catalina.startup.HostConfig.deployDirectory Deployment of web application directory [G:\IntelliJ\eventosProyecto\webapps\logs] has finished in [15] ms
26-May-2026 20:03:28.868 INFORMACIÓN [main] org.apache.coyote.AbstractProtocol.start Starting ProtocolHandler ["http-nio-8080"]
26-May-2026 20:03:28.885 INFORMACIÓN [main] org.apache.catalina.startup.Catalina.start Server startup in [1080] milliseconds
26-May-2026 20:06:35.723 INFORMACIÓN [Thread-1] org.apache.coyote.AbstractProtocol.pause Pausing ProtocolHandler ["http-nio-8080"]
26-May-2026 20:06:35.726 INFORMACIÓN [Thread-1] org.apache.catalina.core.StandardService.stopInternal Parando servicio [Catalina]
26-May-2026 20:06:35.729 ADVERTENCIA [Thread-1] org.apache.catalina.loader.WebappClassLoaderBase.clearReferencesJdbc La aplicación web [eventosProyecto] registró el conductor JDBC [com.mysql.cj.jdbc.Driver] pero falló al anular el registro mientras la aplicación web estaba parada. Para prevenir un fallo de memoria, se ha anulado el registro del conductor JDBC por la fuerza.
26-May-2026 20:06:35.729 ADVERTENCIA [Thread-1] org.apache.catalina.loader.WebappClassLoaderBase.clearReferencesThreads The web application [eventosProyecto] appears to have started a thread named [mysql-cj-abandoned-connection-cleanup] but has failed to stop it. This is very likely to create a memory leak. Stack trace of thread:
 java.base/java.lang.Object.wait0(Native Method)
 java.base/java.lang.Object.wait(Object.java:389)
 java.base/java.lang.ref.ReferenceQueue.remove0(ReferenceQueue.java:123)
 java.base/java.lang.ref.ReferenceQueue.remove(ReferenceQueue.java:201)
 com.mysql.cj.jdbc.AbandonedConnectionCleanupThread.run(AbandonedConnectionCleanupThread.java:91)
 java.base/java.util.concurrent.ThreadPoolExecutor.runWorker(ThreadPoolExecutor.java:1090)
 java.base/java.util.concurrent.ThreadPoolExecutor$Worker.run(ThreadPoolExecutor.java:614)
 java.base/java.lang.Thread.run(Thread.java:1474)
26-May-2026 20:06:35.735 INFORMACIÓN [Thread-1] org.apache.coyote.AbstractProtocol.stop Stopping ProtocolHandler ["http-nio-8080"]
26-May-2026 20:06:35.737 INFORMACIÓN [Thread-1] org.apache.coyote.AbstractProtocol.destroy Destroying ProtocolHandler ["http-nio-8080"]
26-May-2026 20:06:36.936 INFORMACIÓN [main] org.apache.catalina.startup.VersionLoggerListener.log Nombre de la versión del servidor: Apache Tomcat/9.0.117
26-May-2026 20:06:36.939 INFORMACIÓN [main] org.apache.catalina.startup.VersionLoggerListener.log Server built:                      Mar 30 2026 18:21:16 UTC
26-May-2026 20:06:36.939 INFORMACIÓN [main] org.apache.catalina.startup.VersionLoggerListener.log Número de versión de servidor:     9.0.117.0
26-May-2026 20:06:36.939 INFORMACIÓN [main] org.apache.catalina.startup.VersionLoggerListener.log OS Name:                           Windows 11
26-May-2026 20:06:36.939 INFORMACIÓN [main] org.apache.catalina.startup.VersionLoggerListener.log Versión de Systema Operativo:      10.0
26-May-2026 20:06:36.939 INFORMACIÓN [main] org.apache.catalina.startup.VersionLoggerListener.log Arquitectura:                      amd64
26-May-2026 20:06:36.940 INFORMACIÓN [main] org.apache.catalina.startup.VersionLoggerListener.log Java Home:                         C:\Users\cetme\.jdks\ms-25.0.3
26-May-2026 20:06:36.940 INFORMACIÓN [main] org.apache.catalina.startup.VersionLoggerListener.log JVM Version:                       25.0.3+9-LTS
26-May-2026 20:06:36.940 INFORMACIÓN [main] org.apache.catalina.startup.VersionLoggerListener.log Vededor JVM:                       Microsoft
26-May-2026 20:06:36.940 INFORMACIÓN [main] org.apache.catalina.startup.VersionLoggerListener.log CATALINA_BASE:                     G:\IntelliJ\eventosProyecto
26-May-2026 20:06:36.940 INFORMACIÓN [main] org.apache.catalina.startup.VersionLoggerListener.log CATALINA_HOME:                     G:\IntelliJ\Tomcat\apache-tomcat-9.0.117-20260522T151456Z-3-001\apache-tomcat-9.0.117
26-May-2026 20:06:36.952 INFORMACIÓN [main] org.apache.catalina.startup.VersionLoggerListener.log Command line argument:             --add-opens=java.base/java.lang=ALL-UNNAMED
26-May-2026 20:06:36.952 INFORMACIÓN [main] org.apache.catalina.startup.VersionLoggerListener.log Command line argument:             --add-opens=java.base/java.io=ALL-UNNAMED
26-May-2026 20:06:36.952 INFORMACIÓN [main] org.apache.catalina.startup.VersionLoggerListener.log Command line argument:             --add-opens=java.base/java.util=ALL-UNNAMED
26-May-2026 20:06:36.952 INFORMACIÓN [main] org.apache.catalina.startup.VersionLoggerListener.log Command line argument:             --add-opens=java.base/java.util.concurrent=ALL-UNNAMED
26-May-2026 20:06:36.952 INFORMACIÓN [main] org.apache.catalina.startup.VersionLoggerListener.log Command line argument:             --add-opens=java.rmi/sun.rmi.transport=ALL-UNNAMED
26-May-2026 20:06:36.952 INFORMACIÓN [main] org.apache.catalina.startup.VersionLoggerListener.log Command line argument:             -Dcatalina.home=G:\IntelliJ\Tomcat\apache-tomcat-9.0.117-20260522T151456Z-3-001\apache-tomcat-9.0.117
26-May-2026 20:06:36.952 INFORMACIÓN [main] org.apache.catalina.startup.VersionLoggerListener.log Command line argument:             -Dcatalina.base=G:\IntelliJ\eventosProyecto
26-May-2026 20:06:36.952 INFORMACIÓN [main] org.apache.catalina.startup.VersionLoggerListener.log Command line argument:             -Djava.io.tmpdir=G:\IntelliJ\eventosProyecto\temp
26-May-2026 20:06:36.952 INFORMACIÓN [main] org.apache.catalina.startup.VersionLoggerListener.log Command line argument:             -Djava.util.logging.config.file=G:\IntelliJ\eventosProyecto\conf\logging.properties
26-May-2026 20:06:36.953 INFORMACIÓN [main] org.apache.catalina.startup.VersionLoggerListener.log Command line argument:             -Djava.util.logging.manager=org.apache.juli.ClassLoaderLogManager
26-May-2026 20:06:36.953 INFORMACIÓN [main] org.apache.catalina.startup.VersionLoggerListener.log Command line argument:             -javaagent:G:\IntelliJ\IntelliJ IDEA 2026.1.2\lib\idea_rt.jar=64482
26-May-2026 20:06:36.953 INFORMACIÓN [main] org.apache.catalina.startup.VersionLoggerListener.log Command line argument:             -Dfile.encoding=UTF-8
26-May-2026 20:06:36.953 INFORMACIÓN [main] org.apache.catalina.startup.VersionLoggerListener.log Command line argument:             -Dsun.stdout.encoding=UTF-8
26-May-2026 20:06:36.953 INFORMACIÓN [main] org.apache.catalina.startup.VersionLoggerListener.log Command line argument:             -Dsun.stderr.encoding=UTF-8
26-May-2026 20:06:36.960 INFORMACIÓN [main] org.apache.catalina.core.AprLifecycleListener.lifecycleEvent Cargada la biblioteca nativa APR de Apache Tomcat [1.3.7] con la versión APR [1.7.6].
26-May-2026 20:06:36.960 INFORMACIÓN [main] org.apache.catalina.core.AprLifecycleListener.lifecycleEvent Capacidades APR: IPv6 [true], enviar fichero [true], aceptar filtros [false], aleatorio [true], UDS [true].
26-May-2026 20:06:36.960 INFORMACIÓN [main] org.apache.catalina.core.AprLifecycleListener.lifecycleEvent APR/OpenSSL configuration: useAprConnector [false], useOpenSSL [true]
26-May-2026 20:06:36.969 INFORMACIÓN [main] org.apache.catalina.core.AprLifecycleListener.initializeSSL OpenSSL inicializado correctamente [OpenSSL 3.0.19 27 Jan 2026]
26-May-2026 20:06:37.199 INFORMACIÓN [main] org.apache.coyote.AbstractProtocol.init Inicializando el manejador de protocolo ["http-nio-8080"]

26-May-2026 20:06:37.215 INFORMACIÓN [main] org.apache.catalina.startup.Catalina.load Server initialization in [440] milliseconds
26-May-2026 20:06:37.246 INFORMACIÓN [main] org.apache.catalina.core.StandardService.startInternal Arrancando servicio [Catalina]
26-May-2026 20:06:37.247 INFORMACIÓN [main] org.apache.catalina.core.StandardEngine.startInternal Starting Servlet engine: [Apache Tomcat/9.0.117]
26-May-2026 20:06:37.254 INFORMACIÓN [main] org.apache.catalina.startup.HostConfig.deployDescriptor Desplieque del descriptor de configuración [G:\IntelliJ\eventosProyecto\conf\Catalina\localhost\eventosProyecto.xml]
26-May-2026 20:06:38.145 INFORMACIÓN [main] org.apache.jasper.servlet.TldScanner.scanJars Al menos un JAR, que se ha explorado buscando TLDs, aún no contenía TLDs. Activar historial de depuración para este historiador para una completa lista de los JARs que fueron explorados y de los que nos se halló TLDs. Saltarse JARs no necesarios durante la exploración puede dar lugar a una mejora de tiempo significativa en el arranque y compilación de JSP .
26-May-2026 20:06:38.236 INFORMACIÓN [main] org.apache.catalina.startup.HostConfig.deployDescriptor Deployment of deployment descriptor [G:\IntelliJ\eventosProyecto\conf\Catalina\localhost\eventosProyecto.xml] has finished in [978] ms
26-May-2026 20:06:38.237 INFORMACIÓN [main] org.apache.catalina.startup.HostConfig.deployDirectory Desplegando el directorio [G:\IntelliJ\eventosProyecto\webapps\conf] de la aplicación web
26-May-2026 20:06:38.255 INFORMACIÓN [main] org.apache.catalina.startup.HostConfig.deployDirectory Deployment of web application directory [G:\IntelliJ\eventosProyecto\webapps\conf] has finished in [17] ms
26-May-2026 20:06:38.255 INFORMACIÓN [main] org.apache.catalina.startup.HostConfig.deployDirectory Desplegando el directorio [G:\IntelliJ\eventosProyecto\webapps\logs] de la aplicación web
26-May-2026 20:06:38.271 INFORMACIÓN [main] org.apache.catalina.startup.HostConfig.deployDirectory Deployment of web application directory [G:\IntelliJ\eventosProyecto\webapps\logs] has finished in [16] ms
26-May-2026 20:06:38.274 INFORMACIÓN [main] org.apache.coyote.AbstractProtocol.start Starting ProtocolHandler ["http-nio-8080"]
26-May-2026 20:06:38.293 INFORMACIÓN [main] org.apache.catalina.startup.Catalina.start Server startup in [1076] milliseconds
26-May-2026 20:07:49.519 INFORMACIÓN [Thread-1] org.apache.coyote.AbstractProtocol.pause Pausing ProtocolHandler ["http-nio-8080"]
26-May-2026 20:07:49.522 INFORMACIÓN [Thread-1] org.apache.catalina.core.StandardService.stopInternal Parando servicio [Catalina]
26-May-2026 20:07:49.525 ADVERTENCIA [Thread-1] org.apache.catalina.loader.WebappClassLoaderBase.clearReferencesJdbc La aplicación web [eventosProyecto] registró el conductor JDBC [com.mysql.cj.jdbc.Driver] pero falló al anular el registro mientras la aplicación web estaba parada. Para prevenir un fallo de memoria, se ha anulado el registro del conductor JDBC por la fuerza.
26-May-2026 20:07:49.525 ADVERTENCIA [Thread-1] org.apache.catalina.loader.WebappClassLoaderBase.clearReferencesThreads The web application [eventosProyecto] appears to have started a thread named [mysql-cj-abandoned-connection-cleanup] but has failed to stop it. This is very likely to create a memory leak. Stack trace of thread:
 java.base/java.lang.Object.wait0(Native Method)
 java.base/java.lang.Object.wait(Object.java:389)
 java.base/java.lang.ref.ReferenceQueue.remove0(ReferenceQueue.java:123)
 java.base/java.lang.ref.ReferenceQueue.remove(ReferenceQueue.java:201)
 com.mysql.cj.jdbc.AbandonedConnectionCleanupThread.run(AbandonedConnectionCleanupThread.java:91)
 java.base/java.util.concurrent.ThreadPoolExecutor.runWorker(ThreadPoolExecutor.java:1090)
 java.base/java.util.concurrent.ThreadPoolExecutor$Worker.run(ThreadPoolExecutor.java:614)
 java.base/java.lang.Thread.run(Thread.java:1474)
26-May-2026 20:07:49.530 INFORMACIÓN [Thread-1] org.apache.coyote.AbstractProtocol.stop Stopping ProtocolHandler ["http-nio-8080"]
26-May-2026 20:07:49.535 INFORMACIÓN [Thread-1] org.apache.coyote.AbstractProtocol.destroy Destroying ProtocolHandler ["http-nio-8080"]
26-May-2026 20:07:50.773 INFORMACIÓN [main] org.apache.catalina.startup.VersionLoggerListener.log Nombre de la versión del servidor: Apache Tomcat/9.0.117
26-May-2026 20:07:50.775 INFORMACIÓN [main] org.apache.catalina.startup.VersionLoggerListener.log Server built:                      Mar 30 2026 18:21:16 UTC
26-May-2026 20:07:50.775 INFORMACIÓN [main] org.apache.catalina.startup.VersionLoggerListener.log Número de versión de servidor:     9.0.117.0
26-May-2026 20:07:50.775 INFORMACIÓN [main] org.apache.catalina.startup.VersionLoggerListener.log OS Name:                           Windows 11
26-May-2026 20:07:50.775 INFORMACIÓN [main] org.apache.catalina.startup.VersionLoggerListener.log Versión de Systema Operativo:      10.0
26-May-2026 20:07:50.775 INFORMACIÓN [main] org.apache.catalina.startup.VersionLoggerListener.log Arquitectura:                      amd64
26-May-2026 20:07:50.775 INFORMACIÓN [main] org.apache.catalina.startup.VersionLoggerListener.log Java Home:                         C:\Users\cetme\.jdks\ms-25.0.3
26-May-2026 20:07:50.775 INFORMACIÓN [main] org.apache.catalina.startup.VersionLoggerListener.log JVM Version:                       25.0.3+9-LTS
26-May-2026 20:07:50.775 INFORMACIÓN [main] org.apache.catalina.startup.VersionLoggerListener.log Vededor JVM:                       Microsoft
26-May-2026 20:07:50.776 INFORMACIÓN [main] org.apache.catalina.startup.VersionLoggerListener.log CATALINA_BASE:                     G:\IntelliJ\eventosProyecto
26-May-2026 20:07:50.776 INFORMACIÓN [main] org.apache.catalina.startup.VersionLoggerListener.log CATALINA_HOME:                     G:\IntelliJ\Tomcat\apache-tomcat-9.0.117-20260522T151456Z-3-001\apache-tomcat-9.0.117
26-May-2026 20:07:50.786 INFORMACIÓN [main] org.apache.catalina.startup.VersionLoggerListener.log Command line argument:             --add-opens=java.base/java.lang=ALL-UNNAMED
26-May-2026 20:07:50.786 INFORMACIÓN [main] org.apache.catalina.startup.VersionLoggerListener.log Command line argument:             --add-opens=java.base/java.io=ALL-UNNAMED
26-May-2026 20:07:50.786 INFORMACIÓN [main] org.apache.catalina.startup.VersionLoggerListener.log Command line argument:             --add-opens=java.base/java.util=ALL-UNNAMED
26-May-2026 20:07:50.786 INFORMACIÓN [main] org.apache.catalina.startup.VersionLoggerListener.log Command line argument:             --add-opens=java.base/java.util.concurrent=ALL-UNNAMED
26-May-2026 20:07:50.786 INFORMACIÓN [main] org.apache.catalina.startup.VersionLoggerListener.log Command line argument:             --add-opens=java.rmi/sun.rmi.transport=ALL-UNNAMED
26-May-2026 20:07:50.786 INFORMACIÓN [main] org.apache.catalina.startup.VersionLoggerListener.log Command line argument:             -Dcatalina.home=G:\IntelliJ\Tomcat\apache-tomcat-9.0.117-20260522T151456Z-3-001\apache-tomcat-9.0.117
26-May-2026 20:07:50.786 INFORMACIÓN [main] org.apache.catalina.startup.VersionLoggerListener.log Command line argument:             -Dcatalina.base=G:\IntelliJ\eventosProyecto
26-May-2026 20:07:50.788 INFORMACIÓN [main] org.apache.catalina.startup.VersionLoggerListener.log Command line argument:             -Djava.io.tmpdir=G:\IntelliJ\eventosProyecto\temp
26-May-2026 20:07:50.788 INFORMACIÓN [main] org.apache.catalina.startup.VersionLoggerListener.log Command line argument:             -Djava.util.logging.config.file=G:\IntelliJ\eventosProyecto\conf\logging.properties
26-May-2026 20:07:50.788 INFORMACIÓN [main] org.apache.catalina.startup.VersionLoggerListener.log Command line argument:             -Djava.util.logging.manager=org.apache.juli.ClassLoaderLogManager
26-May-2026 20:07:50.788 INFORMACIÓN [main] org.apache.catalina.startup.VersionLoggerListener.log Command line argument:             -javaagent:G:\IntelliJ\IntelliJ IDEA 2026.1.2\lib\idea_rt.jar=64146
26-May-2026 20:07:50.788 INFORMACIÓN [main] org.apache.catalina.startup.VersionLoggerListener.log Command line argument:             -Dfile.encoding=UTF-8
26-May-2026 20:07:50.788 INFORMACIÓN [main] org.apache.catalina.startup.VersionLoggerListener.log Command line argument:             -Dsun.stdout.encoding=UTF-8
26-May-2026 20:07:50.788 INFORMACIÓN [main] org.apache.catalina.startup.VersionLoggerListener.log Command line argument:             -Dsun.stderr.encoding=UTF-8
26-May-2026 20:07:50.794 INFORMACIÓN [main] org.apache.catalina.core.AprLifecycleListener.lifecycleEvent Cargada la biblioteca nativa APR de Apache Tomcat [1.3.7] con la versión APR [1.7.6].
26-May-2026 20:07:50.794 INFORMACIÓN [main] org.apache.catalina.core.AprLifecycleListener.lifecycleEvent Capacidades APR: IPv6 [true], enviar fichero [true], aceptar filtros [false], aleatorio [true], UDS [true].
26-May-2026 20:07:50.794 INFORMACIÓN [main] org.apache.catalina.core.AprLifecycleListener.lifecycleEvent APR/OpenSSL configuration: useAprConnector [false], useOpenSSL [true]
26-May-2026 20:07:50.802 INFORMACIÓN [main] org.apache.catalina.core.AprLifecycleListener.initializeSSL OpenSSL inicializado correctamente [OpenSSL 3.0.19 27 Jan 2026]
26-May-2026 20:07:51.024 INFORMACIÓN [main] org.apache.coyote.AbstractProtocol.init Inicializando el manejador de protocolo ["http-nio-8080"]

26-May-2026 20:07:51.036 INFORMACIÓN [main] org.apache.catalina.startup.Catalina.load Server initialization in [429] milliseconds
26-May-2026 20:07:51.069 INFORMACIÓN [main] org.apache.catalina.core.StandardService.startInternal Arrancando servicio [Catalina]
26-May-2026 20:07:51.070 INFORMACIÓN [main] org.apache.catalina.core.StandardEngine.startInternal Starting Servlet engine: [Apache Tomcat/9.0.117]
26-May-2026 20:07:51.076 INFORMACIÓN [main] org.apache.catalina.startup.HostConfig.deployDescriptor Desplieque del descriptor de configuración [G:\IntelliJ\eventosProyecto\conf\Catalina\localhost\eventosProyecto.xml]
26-May-2026 20:07:51.965 INFORMACIÓN [main] org.apache.jasper.servlet.TldScanner.scanJars Al menos un JAR, que se ha explorado buscando TLDs, aún no contenía TLDs. Activar historial de depuración para este historiador para una completa lista de los JARs que fueron explorados y de los que nos se halló TLDs. Saltarse JARs no necesarios durante la exploración puede dar lugar a una mejora de tiempo significativa en el arranque y compilación de JSP .
26-May-2026 20:07:52.056 INFORMACIÓN [main] org.apache.catalina.startup.HostConfig.deployDescriptor Deployment of deployment descriptor [G:\IntelliJ\eventosProyecto\conf\Catalina\localhost\eventosProyecto.xml] has finished in [977] ms
26-May-2026 20:07:52.058 INFORMACIÓN [main] org.apache.catalina.startup.HostConfig.deployDirectory Desplegando el directorio [G:\IntelliJ\eventosProyecto\webapps\conf] de la aplicación web
26-May-2026 20:07:52.076 INFORMACIÓN [main] org.apache.catalina.startup.HostConfig.deployDirectory Deployment of web application directory [G:\IntelliJ\eventosProyecto\webapps\conf] has finished in [18] ms
26-May-2026 20:07:52.076 INFORMACIÓN [main] org.apache.catalina.startup.HostConfig.deployDirectory Desplegando el directorio [G:\IntelliJ\eventosProyecto\webapps\logs] de la aplicación web
26-May-2026 20:07:52.092 INFORMACIÓN [main] org.apache.catalina.startup.HostConfig.deployDirectory Deployment of web application directory [G:\IntelliJ\eventosProyecto\webapps\logs] has finished in [16] ms
26-May-2026 20:07:52.095 INFORMACIÓN [main] org.apache.coyote.AbstractProtocol.start Starting ProtocolHandler ["http-nio-8080"]
26-May-2026 20:07:52.114 INFORMACIÓN [main] org.apache.catalina.startup.Catalina.start Server startup in [1075] milliseconds
26-May-2026 20:11:42.849 INFORMACIÓN [Thread-1] org.apache.coyote.AbstractProtocol.pause Pausing ProtocolHandler ["http-nio-8080"]
26-May-2026 20:11:42.854 INFORMACIÓN [Thread-1] org.apache.catalina.core.StandardService.stopInternal Parando servicio [Catalina]
26-May-2026 20:11:42.857 ADVERTENCIA [Thread-1] org.apache.catalina.loader.WebappClassLoaderBase.clearReferencesJdbc La aplicación web [eventosProyecto] registró el conductor JDBC [com.mysql.cj.jdbc.Driver] pero falló al anular el registro mientras la aplicación web estaba parada. Para prevenir un fallo de memoria, se ha anulado el registro del conductor JDBC por la fuerza.
26-May-2026 20:11:42.857 ADVERTENCIA [Thread-1] org.apache.catalina.loader.WebappClassLoaderBase.clearReferencesThreads The web application [eventosProyecto] appears to have started a thread named [mysql-cj-abandoned-connection-cleanup] but has failed to stop it. This is very likely to create a memory leak. Stack trace of thread:
 java.base/java.lang.Object.wait0(Native Method)
 java.base/java.lang.Object.wait(Object.java:389)
 java.base/java.lang.ref.ReferenceQueue.remove0(ReferenceQueue.java:123)
 java.base/java.lang.ref.ReferenceQueue.remove(ReferenceQueue.java:201)
 com.mysql.cj.jdbc.AbandonedConnectionCleanupThread.run(AbandonedConnectionCleanupThread.java:91)
 java.base/java.util.concurrent.ThreadPoolExecutor.runWorker(ThreadPoolExecutor.java:1090)
 java.base/java.util.concurrent.ThreadPoolExecutor$Worker.run(ThreadPoolExecutor.java:614)
 java.base/java.lang.Thread.run(Thread.java:1474)
26-May-2026 20:11:42.862 INFORMACIÓN [Thread-1] org.apache.coyote.AbstractProtocol.stop Stopping ProtocolHandler ["http-nio-8080"]
26-May-2026 20:11:42.864 INFORMACIÓN [Thread-1] org.apache.coyote.AbstractProtocol.destroy Destroying ProtocolHandler ["http-nio-8080"]
26-May-2026 20:11:44.881 INFORMACIÓN [main] org.apache.catalina.startup.VersionLoggerListener.log Nombre de la versión del servidor: Apache Tomcat/9.0.117
26-May-2026 20:11:44.883 INFORMACIÓN [main] org.apache.catalina.startup.VersionLoggerListener.log Server built:                      Mar 30 2026 18:21:16 UTC
26-May-2026 20:11:44.884 INFORMACIÓN [main] org.apache.catalina.startup.VersionLoggerListener.log Número de versión de servidor:     9.0.117.0
26-May-2026 20:11:44.884 INFORMACIÓN [main] org.apache.catalina.startup.VersionLoggerListener.log OS Name:                           Windows 11
26-May-2026 20:11:44.884 INFORMACIÓN [main] org.apache.catalina.startup.VersionLoggerListener.log Versión de Systema Operativo:      10.0
26-May-2026 20:11:44.884 INFORMACIÓN [main] org.apache.catalina.startup.VersionLoggerListener.log Arquitectura:                      amd64
26-May-2026 20:11:44.884 INFORMACIÓN [main] org.apache.catalina.startup.VersionLoggerListener.log Java Home:                         C:\Users\cetme\.jdks\ms-25.0.3
26-May-2026 20:11:44.884 INFORMACIÓN [main] org.apache.catalina.startup.VersionLoggerListener.log JVM Version:                       25.0.3+9-LTS
26-May-2026 20:11:44.884 INFORMACIÓN [main] org.apache.catalina.startup.VersionLoggerListener.log Vededor JVM:                       Microsoft
26-May-2026 20:11:44.884 INFORMACIÓN [main] org.apache.catalina.startup.VersionLoggerListener.log CATALINA_BASE:                     G:\IntelliJ\eventosProyecto
26-May-2026 20:11:44.884 INFORMACIÓN [main] org.apache.catalina.startup.VersionLoggerListener.log CATALINA_HOME:                     G:\IntelliJ\Tomcat\apache-tomcat-9.0.117-20260522T151456Z-3-001\apache-tomcat-9.0.117
26-May-2026 20:11:44.894 INFORMACIÓN [main] org.apache.catalina.startup.VersionLoggerListener.log Command line argument:             --add-opens=java.base/java.lang=ALL-UNNAMED
26-May-2026 20:11:44.894 INFORMACIÓN [main] org.apache.catalina.startup.VersionLoggerListener.log Command line argument:             --add-opens=java.base/java.io=ALL-UNNAMED
26-May-2026 20:11:44.894 INFORMACIÓN [main] org.apache.catalina.startup.VersionLoggerListener.log Command line argument:             --add-opens=java.base/java.util=ALL-UNNAMED
26-May-2026 20:11:44.895 INFORMACIÓN [main] org.apache.catalina.startup.VersionLoggerListener.log Command line argument:             --add-opens=java.base/java.util.concurrent=ALL-UNNAMED
26-May-2026 20:11:44.895 INFORMACIÓN [main] org.apache.catalina.startup.VersionLoggerListener.log Command line argument:             --add-opens=java.rmi/sun.rmi.transport=ALL-UNNAMED
26-May-2026 20:11:44.895 INFORMACIÓN [main] org.apache.catalina.startup.VersionLoggerListener.log Command line argument:             -Dcatalina.home=G:\IntelliJ\Tomcat\apache-tomcat-9.0.117-20260522T151456Z-3-001\apache-tomcat-9.0.117
26-May-2026 20:11:44.895 INFORMACIÓN [main] org.apache.catalina.startup.VersionLoggerListener.log Command line argument:             -Dcatalina.base=G:\IntelliJ\eventosProyecto
26-May-2026 20:11:44.895 INFORMACIÓN [main] org.apache.catalina.startup.VersionLoggerListener.log Command line argument:             -Djava.io.tmpdir=G:\IntelliJ\eventosProyecto\temp
26-May-2026 20:11:44.895 INFORMACIÓN [main] org.apache.catalina.startup.VersionLoggerListener.log Command line argument:             -Djava.util.logging.config.file=G:\IntelliJ\eventosProyecto\conf\logging.properties
26-May-2026 20:11:44.895 INFORMACIÓN [main] org.apache.catalina.startup.VersionLoggerListener.log Command line argument:             -Djava.util.logging.manager=org.apache.juli.ClassLoaderLogManager
26-May-2026 20:11:44.895 INFORMACIÓN [main] org.apache.catalina.startup.VersionLoggerListener.log Command line argument:             -javaagent:G:\IntelliJ\IntelliJ IDEA 2026.1.2\lib\idea_rt.jar=56253
26-May-2026 20:11:44.895 INFORMACIÓN [main] org.apache.catalina.startup.VersionLoggerListener.log Command line argument:             -Dfile.encoding=UTF-8
26-May-2026 20:11:44.895 INFORMACIÓN [main] org.apache.catalina.startup.VersionLoggerListener.log Command line argument:             -Dsun.stdout.encoding=UTF-8
26-May-2026 20:11:44.895 INFORMACIÓN [main] org.apache.catalina.startup.VersionLoggerListener.log Command line argument:             -Dsun.stderr.encoding=UTF-8
26-May-2026 20:11:44.900 INFORMACIÓN [main] org.apache.catalina.core.AprLifecycleListener.lifecycleEvent Cargada la biblioteca nativa APR de Apache Tomcat [1.3.7] con la versión APR [1.7.6].
26-May-2026 20:11:44.900 INFORMACIÓN [main] org.apache.catalina.core.AprLifecycleListener.lifecycleEvent Capacidades APR: IPv6 [true], enviar fichero [true], aceptar filtros [false], aleatorio [true], UDS [true].
26-May-2026 20:11:44.900 INFORMACIÓN [main] org.apache.catalina.core.AprLifecycleListener.lifecycleEvent APR/OpenSSL configuration: useAprConnector [false], useOpenSSL [true]
26-May-2026 20:11:44.908 INFORMACIÓN [main] org.apache.catalina.core.AprLifecycleListener.initializeSSL OpenSSL inicializado correctamente [OpenSSL 3.0.19 27 Jan 2026]
26-May-2026 20:11:45.137 INFORMACIÓN [main] org.apache.coyote.AbstractProtocol.init Inicializando el manejador de protocolo ["http-nio-8080"]

26-May-2026 20:11:45.153 INFORMACIÓN [main] org.apache.catalina.startup.Catalina.load Server initialization in [402] milliseconds
26-May-2026 20:11:45.183 INFORMACIÓN [main] org.apache.catalina.core.StandardService.startInternal Arrancando servicio [Catalina]
26-May-2026 20:11:45.183 INFORMACIÓN [main] org.apache.catalina.core.StandardEngine.startInternal Starting Servlet engine: [Apache Tomcat/9.0.117]
26-May-2026 20:11:45.190 INFORMACIÓN [main] org.apache.catalina.startup.HostConfig.deployDescriptor Desplieque del descriptor de configuración [G:\IntelliJ\eventosProyecto\conf\Catalina\localhost\eventosProyecto.xml]
26-May-2026 20:11:46.089 INFORMACIÓN [main] org.apache.jasper.servlet.TldScanner.scanJars Al menos un JAR, que se ha explorado buscando TLDs, aún no contenía TLDs. Activar historial de depuración para este historiador para una completa lista de los JARs que fueron explorados y de los que nos se halló TLDs. Saltarse JARs no necesarios durante la exploración puede dar lugar a una mejora de tiempo significativa en el arranque y compilación de JSP .
26-May-2026 20:11:46.180 INFORMACIÓN [main] org.apache.catalina.startup.HostConfig.deployDescriptor Deployment of deployment descriptor [G:\IntelliJ\eventosProyecto\conf\Catalina\localhost\eventosProyecto.xml] has finished in [986] ms
26-May-2026 20:11:46.181 INFORMACIÓN [main] org.apache.catalina.startup.HostConfig.deployDirectory Desplegando el directorio [G:\IntelliJ\eventosProyecto\webapps\conf] de la aplicación web
26-May-2026 20:11:46.200 INFORMACIÓN [main] org.apache.catalina.startup.HostConfig.deployDirectory Deployment of web application directory [G:\IntelliJ\eventosProyecto\webapps\conf] has finished in [19] ms
26-May-2026 20:11:46.201 INFORMACIÓN [main] org.apache.catalina.startup.HostConfig.deployDirectory Desplegando el directorio [G:\IntelliJ\eventosProyecto\webapps\logs] de la aplicación web
26-May-2026 20:11:46.217 INFORMACIÓN [main] org.apache.catalina.startup.HostConfig.deployDirectory Deployment of web application directory [G:\IntelliJ\eventosProyecto\webapps\logs] has finished in [16] ms
26-May-2026 20:11:46.220 INFORMACIÓN [main] org.apache.coyote.AbstractProtocol.start Starting ProtocolHandler ["http-nio-8080"]
26-May-2026 20:11:46.238 INFORMACIÓN [main] org.apache.catalina.startup.Catalina.start Server startup in [1084] milliseconds
26-May-2026 20:16:03.554 INFORMACIÓN [Thread-1] org.apache.coyote.AbstractProtocol.pause Pausing ProtocolHandler ["http-nio-8080"]
26-May-2026 20:16:03.558 INFORMACIÓN [Thread-1] org.apache.catalina.core.StandardService.stopInternal Parando servicio [Catalina]
26-May-2026 20:16:03.562 ADVERTENCIA [Thread-1] org.apache.catalina.loader.WebappClassLoaderBase.clearReferencesJdbc La aplicación web [eventosProyecto] registró el conductor JDBC [com.mysql.cj.jdbc.Driver] pero falló al anular el registro mientras la aplicación web estaba parada. Para prevenir un fallo de memoria, se ha anulado el registro del conductor JDBC por la fuerza.
26-May-2026 20:16:03.563 ADVERTENCIA [Thread-1] org.apache.catalina.loader.WebappClassLoaderBase.clearReferencesThreads The web application [eventosProyecto] appears to have started a thread named [mysql-cj-abandoned-connection-cleanup] but has failed to stop it. This is very likely to create a memory leak. Stack trace of thread:
 java.base/java.lang.Object.wait0(Native Method)
 java.base/java.lang.Object.wait(Object.java:389)
 java.base/java.lang.ref.ReferenceQueue.remove0(ReferenceQueue.java:123)
 java.base/java.lang.ref.ReferenceQueue.remove(ReferenceQueue.java:201)
 com.mysql.cj.jdbc.AbandonedConnectionCleanupThread.run(AbandonedConnectionCleanupThread.java:91)
 java.base/java.util.concurrent.ThreadPoolExecutor.runWorker(ThreadPoolExecutor.java:1090)
 java.base/java.util.concurrent.ThreadPoolExecutor$Worker.run(ThreadPoolExecutor.java:614)
 java.base/java.lang.Thread.run(Thread.java:1474)
26-May-2026 20:16:03.569 INFORMACIÓN [Thread-1] org.apache.coyote.AbstractProtocol.stop Stopping ProtocolHandler ["http-nio-8080"]
26-May-2026 20:16:03.572 INFORMACIÓN [Thread-1] org.apache.coyote.AbstractProtocol.destroy Destroying ProtocolHandler ["http-nio-8080"]
26-May-2026 20:16:04.829 INFORMACIÓN [main] org.apache.catalina.startup.VersionLoggerListener.log Nombre de la versión del servidor: Apache Tomcat/9.0.117
26-May-2026 20:16:04.832 INFORMACIÓN [main] org.apache.catalina.startup.VersionLoggerListener.log Server built:                      Mar 30 2026 18:21:16 UTC
26-May-2026 20:16:04.832 INFORMACIÓN [main] org.apache.catalina.startup.VersionLoggerListener.log Número de versión de servidor:     9.0.117.0
26-May-2026 20:16:04.832 INFORMACIÓN [main] org.apache.catalina.startup.VersionLoggerListener.log OS Name:                           Windows 11
26-May-2026 20:16:04.832 INFORMACIÓN [main] org.apache.catalina.startup.VersionLoggerListener.log Versión de Systema Operativo:      10.0
26-May-2026 20:16:04.833 INFORMACIÓN [main] org.apache.catalina.startup.VersionLoggerListener.log Arquitectura:                      amd64
26-May-2026 20:16:04.833 INFORMACIÓN [main] org.apache.catalina.startup.VersionLoggerListener.log Java Home:                         C:\Users\cetme\.jdks\ms-25.0.3
26-May-2026 20:16:04.833 INFORMACIÓN [main] org.apache.catalina.startup.VersionLoggerListener.log JVM Version:                       25.0.3+9-LTS
26-May-2026 20:16:04.833 INFORMACIÓN [main] org.apache.catalina.startup.VersionLoggerListener.log Vededor JVM:                       Microsoft
26-May-2026 20:16:04.834 INFORMACIÓN [main] org.apache.catalina.startup.VersionLoggerListener.log CATALINA_BASE:                     G:\IntelliJ\eventosProyecto
26-May-2026 20:16:04.834 INFORMACIÓN [main] org.apache.catalina.startup.VersionLoggerListener.log CATALINA_HOME:                     G:\IntelliJ\Tomcat\apache-tomcat-9.0.117-20260522T151456Z-3-001\apache-tomcat-9.0.117
26-May-2026 20:16:04.844 INFORMACIÓN [main] org.apache.catalina.startup.VersionLoggerListener.log Command line argument:             --add-opens=java.base/java.lang=ALL-UNNAMED
26-May-2026 20:16:04.844 INFORMACIÓN [main] org.apache.catalina.startup.VersionLoggerListener.log Command line argument:             --add-opens=java.base/java.io=ALL-UNNAMED
26-May-2026 20:16:04.844 INFORMACIÓN [main] org.apache.catalina.startup.VersionLoggerListener.log Command line argument:             --add-opens=java.base/java.util=ALL-UNNAMED
26-May-2026 20:16:04.845 INFORMACIÓN [main] org.apache.catalina.startup.VersionLoggerListener.log Command line argument:             --add-opens=java.base/java.util.concurrent=ALL-UNNAMED
26-May-2026 20:16:04.845 INFORMACIÓN [main] org.apache.catalina.startup.VersionLoggerListener.log Command line argument:             --add-opens=java.rmi/sun.rmi.transport=ALL-UNNAMED
26-May-2026 20:16:04.845 INFORMACIÓN [main] org.apache.catalina.startup.VersionLoggerListener.log Command line argument:             -Dcatalina.home=G:\IntelliJ\Tomcat\apache-tomcat-9.0.117-20260522T151456Z-3-001\apache-tomcat-9.0.117
26-May-2026 20:16:04.845 INFORMACIÓN [main] org.apache.catalina.startup.VersionLoggerListener.log Command line argument:             -Dcatalina.base=G:\IntelliJ\eventosProyecto
26-May-2026 20:16:04.845 INFORMACIÓN [main] org.apache.catalina.startup.VersionLoggerListener.log Command line argument:             -Djava.io.tmpdir=G:\IntelliJ\eventosProyecto\temp
26-May-2026 20:16:04.845 INFORMACIÓN [main] org.apache.catalina.startup.VersionLoggerListener.log Command line argument:             -Djava.util.logging.config.file=G:\IntelliJ\eventosProyecto\conf\logging.properties
26-May-2026 20:16:04.845 INFORMACIÓN [main] org.apache.catalina.startup.VersionLoggerListener.log Command line argument:             -Djava.util.logging.manager=org.apache.juli.ClassLoaderLogManager
26-May-2026 20:16:04.845 INFORMACIÓN [main] org.apache.catalina.startup.VersionLoggerListener.log Command line argument:             -javaagent:G:\IntelliJ\IntelliJ IDEA 2026.1.2\lib\idea_rt.jar=65399
26-May-2026 20:16:04.845 INFORMACIÓN [main] org.apache.catalina.startup.VersionLoggerListener.log Command line argument:             -Dfile.encoding=UTF-8
26-May-2026 20:16:04.845 INFORMACIÓN [main] org.apache.catalina.startup.VersionLoggerListener.log Command line argument:             -Dsun.stdout.encoding=UTF-8
26-May-2026 20:16:04.845 INFORMACIÓN [main] org.apache.catalina.startup.VersionLoggerListener.log Command line argument:             -Dsun.stderr.encoding=UTF-8
26-May-2026 20:16:04.851 INFORMACIÓN [main] org.apache.catalina.core.AprLifecycleListener.lifecycleEvent Cargada la biblioteca nativa APR de Apache Tomcat [1.3.7] con la versión APR [1.7.6].
26-May-2026 20:16:04.851 INFORMACIÓN [main] org.apache.catalina.core.AprLifecycleListener.lifecycleEvent Capacidades APR: IPv6 [true], enviar fichero [true], aceptar filtros [false], aleatorio [true], UDS [true].
26-May-2026 20:16:04.851 INFORMACIÓN [main] org.apache.catalina.core.AprLifecycleListener.lifecycleEvent APR/OpenSSL configuration: useAprConnector [false], useOpenSSL [true]
26-May-2026 20:16:04.858 INFORMACIÓN [main] org.apache.catalina.core.AprLifecycleListener.initializeSSL OpenSSL inicializado correctamente [OpenSSL 3.0.19 27 Jan 2026]
26-May-2026 20:16:05.071 INFORMACIÓN [main] org.apache.coyote.AbstractProtocol.init Inicializando el manejador de protocolo ["http-nio-8080"]

26-May-2026 20:16:05.082 INFORMACIÓN [main] org.apache.catalina.startup.Catalina.load Server initialization in [411] milliseconds
26-May-2026 20:16:05.113 INFORMACIÓN [main] org.apache.catalina.core.StandardService.startInternal Arrancando servicio [Catalina]
26-May-2026 20:16:05.113 INFORMACIÓN [main] org.apache.catalina.core.StandardEngine.startInternal Starting Servlet engine: [Apache Tomcat/9.0.117]
26-May-2026 20:16:05.120 INFORMACIÓN [main] org.apache.catalina.startup.HostConfig.deployDescriptor Desplieque del descriptor de configuración [G:\IntelliJ\eventosProyecto\conf\Catalina\localhost\eventosProyecto.xml]
26-May-2026 20:16:06.070 INFORMACIÓN [main] org.apache.jasper.servlet.TldScanner.scanJars Al menos un JAR, que se ha explorado buscando TLDs, aún no contenía TLDs. Activar historial de depuración para este historiador para una completa lista de los JARs que fueron explorados y de los que nos se halló TLDs. Saltarse JARs no necesarios durante la exploración puede dar lugar a una mejora de tiempo significativa en el arranque y compilación de JSP .
26-May-2026 20:16:06.167 INFORMACIÓN [main] org.apache.catalina.startup.HostConfig.deployDescriptor Deployment of deployment descriptor [G:\IntelliJ\eventosProyecto\conf\Catalina\localhost\eventosProyecto.xml] has finished in [1.043] ms
26-May-2026 20:16:06.168 INFORMACIÓN [main] org.apache.catalina.startup.HostConfig.deployDirectory Desplegando el directorio [G:\IntelliJ\eventosProyecto\webapps\conf] de la aplicación web
26-May-2026 20:16:06.186 INFORMACIÓN [main] org.apache.catalina.startup.HostConfig.deployDirectory Deployment of web application directory [G:\IntelliJ\eventosProyecto\webapps\conf] has finished in [18] ms
26-May-2026 20:16:06.186 INFORMACIÓN [main] org.apache.catalina.startup.HostConfig.deployDirectory Desplegando el directorio [G:\IntelliJ\eventosProyecto\webapps\logs] de la aplicación web
26-May-2026 20:16:06.205 INFORMACIÓN [main] org.apache.catalina.startup.HostConfig.deployDirectory Deployment of web application directory [G:\IntelliJ\eventosProyecto\webapps\logs] has finished in [18] ms
26-May-2026 20:16:06.207 INFORMACIÓN [main] org.apache.coyote.AbstractProtocol.start Starting ProtocolHandler ["http-nio-8080"]
26-May-2026 20:16:06.228 INFORMACIÓN [main] org.apache.catalina.startup.Catalina.start Server startup in [1143] milliseconds
26-May-2026 20:23:55.135 INFORMACIÓN [Thread-1] org.apache.coyote.AbstractProtocol.pause Pausing ProtocolHandler ["http-nio-8080"]
26-May-2026 20:23:55.141 INFORMACIÓN [Thread-1] org.apache.catalina.core.StandardService.stopInternal Parando servicio [Catalina]
26-May-2026 20:23:55.144 ADVERTENCIA [Thread-1] org.apache.catalina.loader.WebappClassLoaderBase.clearReferencesJdbc La aplicación web [eventosProyecto] registró el conductor JDBC [com.mysql.cj.jdbc.Driver] pero falló al anular el registro mientras la aplicación web estaba parada. Para prevenir un fallo de memoria, se ha anulado el registro del conductor JDBC por la fuerza.
26-May-2026 20:23:55.145 ADVERTENCIA [Thread-1] org.apache.catalina.loader.WebappClassLoaderBase.clearReferencesThreads The web application [eventosProyecto] appears to have started a thread named [mysql-cj-abandoned-connection-cleanup] but has failed to stop it. This is very likely to create a memory leak. Stack trace of thread:
 java.base/java.lang.Object.wait0(Native Method)
 java.base/java.lang.Object.wait(Object.java:389)
 java.base/java.lang.ref.ReferenceQueue.remove0(ReferenceQueue.java:123)
 java.base/java.lang.ref.ReferenceQueue.remove(ReferenceQueue.java:201)
 com.mysql.cj.jdbc.AbandonedConnectionCleanupThread.run(AbandonedConnectionCleanupThread.java:91)
 java.base/java.util.concurrent.ThreadPoolExecutor.runWorker(ThreadPoolExecutor.java:1090)
 java.base/java.util.concurrent.ThreadPoolExecutor$Worker.run(ThreadPoolExecutor.java:614)
 java.base/java.lang.Thread.run(Thread.java:1474)
26-May-2026 20:23:55.149 INFORMACIÓN [Thread-1] org.apache.coyote.AbstractProtocol.stop Stopping ProtocolHandler ["http-nio-8080"]
26-May-2026 20:23:55.151 INFORMACIÓN [Thread-1] org.apache.coyote.AbstractProtocol.destroy Destroying ProtocolHandler ["http-nio-8080"]
26-May-2026 20:23:57.355 INFORMACIÓN [main] org.apache.catalina.startup.VersionLoggerListener.log Nombre de la versión del servidor: Apache Tomcat/9.0.117
26-May-2026 20:23:57.358 INFORMACIÓN [main] org.apache.catalina.startup.VersionLoggerListener.log Server built:                      Mar 30 2026 18:21:16 UTC
26-May-2026 20:23:57.358 INFORMACIÓN [main] org.apache.catalina.startup.VersionLoggerListener.log Número de versión de servidor:     9.0.117.0
26-May-2026 20:23:57.358 INFORMACIÓN [main] org.apache.catalina.startup.VersionLoggerListener.log OS Name:                           Windows 11
26-May-2026 20:23:57.358 INFORMACIÓN [main] org.apache.catalina.startup.VersionLoggerListener.log Versión de Systema Operativo:      10.0
26-May-2026 20:23:57.358 INFORMACIÓN [main] org.apache.catalina.startup.VersionLoggerListener.log Arquitectura:                      amd64
26-May-2026 20:23:57.358 INFORMACIÓN [main] org.apache.catalina.startup.VersionLoggerListener.log Java Home:                         C:\Users\cetme\.jdks\ms-25.0.3
26-May-2026 20:23:57.358 INFORMACIÓN [main] org.apache.catalina.startup.VersionLoggerListener.log JVM Version:                       25.0.3+9-LTS
26-May-2026 20:23:57.358 INFORMACIÓN [main] org.apache.catalina.startup.VersionLoggerListener.log Vededor JVM:                       Microsoft
26-May-2026 20:23:57.358 INFORMACIÓN [main] org.apache.catalina.startup.VersionLoggerListener.log CATALINA_BASE:                     G:\IntelliJ\eventosProyecto
26-May-2026 20:23:57.358 INFORMACIÓN [main] org.apache.catalina.startup.VersionLoggerListener.log CATALINA_HOME:                     G:\IntelliJ\Tomcat\apache-tomcat-9.0.117-20260522T151456Z-3-001\apache-tomcat-9.0.117
26-May-2026 20:23:57.369 INFORMACIÓN [main] org.apache.catalina.startup.VersionLoggerListener.log Command line argument:             --add-opens=java.base/java.lang=ALL-UNNAMED
26-May-2026 20:23:57.369 INFORMACIÓN [main] org.apache.catalina.startup.VersionLoggerListener.log Command line argument:             --add-opens=java.base/java.io=ALL-UNNAMED
26-May-2026 20:23:57.370 INFORMACIÓN [main] org.apache.catalina.startup.VersionLoggerListener.log Command line argument:             --add-opens=java.base/java.util=ALL-UNNAMED
26-May-2026 20:23:57.370 INFORMACIÓN [main] org.apache.catalina.startup.VersionLoggerListener.log Command line argument:             --add-opens=java.base/java.util.concurrent=ALL-UNNAMED
26-May-2026 20:23:57.370 INFORMACIÓN [main] org.apache.catalina.startup.VersionLoggerListener.log Command line argument:             --add-opens=java.rmi/sun.rmi.transport=ALL-UNNAMED
26-May-2026 20:23:57.370 INFORMACIÓN [main] org.apache.catalina.startup.VersionLoggerListener.log Command line argument:             -Dcatalina.home=G:\IntelliJ\Tomcat\apache-tomcat-9.0.117-20260522T151456Z-3-001\apache-tomcat-9.0.117
26-May-2026 20:23:57.370 INFORMACIÓN [main] org.apache.catalina.startup.VersionLoggerListener.log Command line argument:             -Dcatalina.base=G:\IntelliJ\eventosProyecto
26-May-2026 20:23:57.370 INFORMACIÓN [main] org.apache.catalina.startup.VersionLoggerListener.log Command line argument:             -Djava.io.tmpdir=G:\IntelliJ\eventosProyecto\temp
26-May-2026 20:23:57.370 INFORMACIÓN [main] org.apache.catalina.startup.VersionLoggerListener.log Command line argument:             -Djava.util.logging.config.file=G:\IntelliJ\eventosProyecto\conf\logging.properties
26-May-2026 20:23:57.370 INFORMACIÓN [main] org.apache.catalina.startup.VersionLoggerListener.log Command line argument:             -Djava.util.logging.manager=org.apache.juli.ClassLoaderLogManager
26-May-2026 20:23:57.370 INFORMACIÓN [main] org.apache.catalina.startup.VersionLoggerListener.log Command line argument:             -javaagent:G:\IntelliJ\IntelliJ IDEA 2026.1.2\lib\idea_rt.jar=49477
26-May-2026 20:23:57.370 INFORMACIÓN [main] org.apache.catalina.startup.VersionLoggerListener.log Command line argument:             -Dfile.encoding=UTF-8
26-May-2026 20:23:57.370 INFORMACIÓN [main] org.apache.catalina.startup.VersionLoggerListener.log Command line argument:             -Dsun.stdout.encoding=UTF-8
26-May-2026 20:23:57.370 INFORMACIÓN [main] org.apache.catalina.startup.VersionLoggerListener.log Command line argument:             -Dsun.stderr.encoding=UTF-8
26-May-2026 20:23:57.376 INFORMACIÓN [main] org.apache.catalina.core.AprLifecycleListener.lifecycleEvent Cargada la biblioteca nativa APR de Apache Tomcat [1.3.7] con la versión APR [1.7.6].
26-May-2026 20:23:57.376 INFORMACIÓN [main] org.apache.catalina.core.AprLifecycleListener.lifecycleEvent Capacidades APR: IPv6 [true], enviar fichero [true], aceptar filtros [false], aleatorio [true], UDS [true].
26-May-2026 20:23:57.376 INFORMACIÓN [main] org.apache.catalina.core.AprLifecycleListener.lifecycleEvent APR/OpenSSL configuration: useAprConnector [false], useOpenSSL [true]
26-May-2026 20:23:57.384 INFORMACIÓN [main] org.apache.catalina.core.AprLifecycleListener.initializeSSL OpenSSL inicializado correctamente [OpenSSL 3.0.19 27 Jan 2026]
26-May-2026 20:23:57.622 INFORMACIÓN [main] org.apache.coyote.AbstractProtocol.init Inicializando el manejador de protocolo ["http-nio-8080"]

26-May-2026 20:23:57.637 INFORMACIÓN [main] org.apache.catalina.startup.Catalina.load Server initialization in [416] milliseconds
26-May-2026 20:23:57.670 INFORMACIÓN [main] org.apache.catalina.core.StandardService.startInternal Arrancando servicio [Catalina]
26-May-2026 20:23:57.670 INFORMACIÓN [main] org.apache.catalina.core.StandardEngine.startInternal Starting Servlet engine: [Apache Tomcat/9.0.117]
26-May-2026 20:23:57.689 INFORMACIÓN [main] org.apache.catalina.startup.HostConfig.deployDescriptor Desplieque del descriptor de configuración [G:\IntelliJ\eventosProyecto\conf\Catalina\localhost\eventosProyecto.xml]
26-May-2026 20:23:58.664 INFORMACIÓN [main] org.apache.jasper.servlet.TldScanner.scanJars Al menos un JAR, que se ha explorado buscando TLDs, aún no contenía TLDs. Activar historial de depuración para este historiador para una completa lista de los JARs que fueron explorados y de los que nos se halló TLDs. Saltarse JARs no necesarios durante la exploración puede dar lugar a una mejora de tiempo significativa en el arranque y compilación de JSP .
26-May-2026 20:23:58.760 INFORMACIÓN [main] org.apache.catalina.startup.HostConfig.deployDescriptor Deployment of deployment descriptor [G:\IntelliJ\eventosProyecto\conf\Catalina\localhost\eventosProyecto.xml] has finished in [1.067] ms
26-May-2026 20:23:58.760 INFORMACIÓN [main] org.apache.catalina.startup.HostConfig.deployDirectory Desplegando el directorio [G:\IntelliJ\eventosProyecto\webapps\conf] de la aplicación web
26-May-2026 20:23:58.778 INFORMACIÓN [main] org.apache.catalina.startup.HostConfig.deployDirectory Deployment of web application directory [G:\IntelliJ\eventosProyecto\webapps\conf] has finished in [18] ms
26-May-2026 20:23:58.778 INFORMACIÓN [main] org.apache.catalina.startup.HostConfig.deployDirectory Desplegando el directorio [G:\IntelliJ\eventosProyecto\webapps\logs] de la aplicación web
26-May-2026 20:23:58.796 INFORMACIÓN [main] org.apache.catalina.startup.HostConfig.deployDirectory Deployment of web application directory [G:\IntelliJ\eventosProyecto\webapps\logs] has finished in [18] ms
26-May-2026 20:23:58.799 INFORMACIÓN [main] org.apache.coyote.AbstractProtocol.start Starting ProtocolHandler ["http-nio-8080"]
26-May-2026 20:23:58.818 INFORMACIÓN [main] org.apache.catalina.startup.Catalina.start Server startup in [1179] milliseconds
26-May-2026 20:37:02.997 INFORMACIÓN [Thread-1] org.apache.coyote.AbstractProtocol.pause Pausing ProtocolHandler ["http-nio-8080"]
26-May-2026 20:37:03.000 INFORMACIÓN [Thread-1] org.apache.catalina.core.StandardService.stopInternal Parando servicio [Catalina]
26-May-2026 20:37:03.004 ADVERTENCIA [Thread-1] org.apache.catalina.loader.WebappClassLoaderBase.clearReferencesJdbc La aplicación web [eventosProyecto] registró el conductor JDBC [com.mysql.cj.jdbc.Driver] pero falló al anular el registro mientras la aplicación web estaba parada. Para prevenir un fallo de memoria, se ha anulado el registro del conductor JDBC por la fuerza.
26-May-2026 20:37:03.004 ADVERTENCIA [Thread-1] org.apache.catalina.loader.WebappClassLoaderBase.clearReferencesThreads The web application [eventosProyecto] appears to have started a thread named [mysql-cj-abandoned-connection-cleanup] but has failed to stop it. This is very likely to create a memory leak. Stack trace of thread:
 java.base/java.lang.Object.wait0(Native Method)
 java.base/java.lang.Object.wait(Object.java:389)
 java.base/java.lang.ref.ReferenceQueue.remove0(ReferenceQueue.java:123)
 java.base/java.lang.ref.ReferenceQueue.remove(ReferenceQueue.java:201)
 com.mysql.cj.jdbc.AbandonedConnectionCleanupThread.run(AbandonedConnectionCleanupThread.java:91)
 java.base/java.util.concurrent.ThreadPoolExecutor.runWorker(ThreadPoolExecutor.java:1090)
 java.base/java.util.concurrent.ThreadPoolExecutor$Worker.run(ThreadPoolExecutor.java:614)
 java.base/java.lang.Thread.run(Thread.java:1474)
26-May-2026 20:37:03.009 INFORMACIÓN [Thread-1] org.apache.coyote.AbstractProtocol.stop Stopping ProtocolHandler ["http-nio-8080"]
26-May-2026 20:37:03.013 INFORMACIÓN [Thread-1] org.apache.coyote.AbstractProtocol.destroy Destroying ProtocolHandler ["http-nio-8080"]
26-May-2026 20:37:05.132 INFORMACIÓN [main] org.apache.catalina.startup.VersionLoggerListener.log Nombre de la versión del servidor: Apache Tomcat/9.0.117
26-May-2026 20:37:05.134 INFORMACIÓN [main] org.apache.catalina.startup.VersionLoggerListener.log Server built:                      Mar 30 2026 18:21:16 UTC
26-May-2026 20:37:05.134 INFORMACIÓN [main] org.apache.catalina.startup.VersionLoggerListener.log Número de versión de servidor:     9.0.117.0
26-May-2026 20:37:05.134 INFORMACIÓN [main] org.apache.catalina.startup.VersionLoggerListener.log OS Name:                           Windows 11
26-May-2026 20:37:05.135 INFORMACIÓN [main] org.apache.catalina.startup.VersionLoggerListener.log Versión de Systema Operativo:      10.0
26-May-2026 20:37:05.135 INFORMACIÓN [main] org.apache.catalina.startup.VersionLoggerListener.log Arquitectura:                      amd64
26-May-2026 20:37:05.135 INFORMACIÓN [main] org.apache.catalina.startup.VersionLoggerListener.log Java Home:                         C:\Users\cetme\.jdks\ms-25.0.3
26-May-2026 20:37:05.135 INFORMACIÓN [main] org.apache.catalina.startup.VersionLoggerListener.log JVM Version:                       25.0.3+9-LTS
26-May-2026 20:37:05.135 INFORMACIÓN [main] org.apache.catalina.startup.VersionLoggerListener.log Vededor JVM:                       Microsoft
26-May-2026 20:37:05.135 INFORMACIÓN [main] org.apache.catalina.startup.VersionLoggerListener.log CATALINA_BASE:                     G:\IntelliJ\eventosProyecto
26-May-2026 20:37:05.135 INFORMACIÓN [main] org.apache.catalina.startup.VersionLoggerListener.log CATALINA_HOME:                     G:\IntelliJ\Tomcat\apache-tomcat-9.0.117-20260522T151456Z-3-001\apache-tomcat-9.0.117
26-May-2026 20:37:05.147 INFORMACIÓN [main] org.apache.catalina.startup.VersionLoggerListener.log Command line argument:             --add-opens=java.base/java.lang=ALL-UNNAMED
26-May-2026 20:37:05.147 INFORMACIÓN [main] org.apache.catalina.startup.VersionLoggerListener.log Command line argument:             --add-opens=java.base/java.io=ALL-UNNAMED
26-May-2026 20:37:05.147 INFORMACIÓN [main] org.apache.catalina.startup.VersionLoggerListener.log Command line argument:             --add-opens=java.base/java.util=ALL-UNNAMED
26-May-2026 20:37:05.147 INFORMACIÓN [main] org.apache.catalina.startup.VersionLoggerListener.log Command line argument:             --add-opens=java.base/java.util.concurrent=ALL-UNNAMED
26-May-2026 20:37:05.147 INFORMACIÓN [main] org.apache.catalina.startup.VersionLoggerListener.log Command line argument:             --add-opens=java.rmi/sun.rmi.transport=ALL-UNNAMED
26-May-2026 20:37:05.148 INFORMACIÓN [main] org.apache.catalina.startup.VersionLoggerListener.log Command line argument:             -Dcatalina.home=G:\IntelliJ\Tomcat\apache-tomcat-9.0.117-20260522T151456Z-3-001\apache-tomcat-9.0.117
26-May-2026 20:37:05.148 INFORMACIÓN [main] org.apache.catalina.startup.VersionLoggerListener.log Command line argument:             -Dcatalina.base=G:\IntelliJ\eventosProyecto
26-May-2026 20:37:05.148 INFORMACIÓN [main] org.apache.catalina.startup.VersionLoggerListener.log Command line argument:             -Djava.io.tmpdir=G:\IntelliJ\eventosProyecto\temp
26-May-2026 20:37:05.148 INFORMACIÓN [main] org.apache.catalina.startup.VersionLoggerListener.log Command line argument:             -Djava.util.logging.config.file=G:\IntelliJ\eventosProyecto\conf\logging.properties
26-May-2026 20:37:05.148 INFORMACIÓN [main] org.apache.catalina.startup.VersionLoggerListener.log Command line argument:             -Djava.util.logging.manager=org.apache.juli.ClassLoaderLogManager
26-May-2026 20:37:05.148 INFORMACIÓN [main] org.apache.catalina.startup.VersionLoggerListener.log Command line argument:             -javaagent:G:\IntelliJ\IntelliJ IDEA 2026.1.2\lib\idea_rt.jar=63769
26-May-2026 20:37:05.148 INFORMACIÓN [main] org.apache.catalina.startup.VersionLoggerListener.log Command line argument:             -Dfile.encoding=UTF-8
26-May-2026 20:37:05.148 INFORMACIÓN [main] org.apache.catalina.startup.VersionLoggerListener.log Command line argument:             -Dsun.stdout.encoding=UTF-8
26-May-2026 20:37:05.148 INFORMACIÓN [main] org.apache.catalina.startup.VersionLoggerListener.log Command line argument:             -Dsun.stderr.encoding=UTF-8
26-May-2026 20:37:05.154 INFORMACIÓN [main] org.apache.catalina.core.AprLifecycleListener.lifecycleEvent Cargada la biblioteca nativa APR de Apache Tomcat [1.3.7] con la versión APR [1.7.6].
26-May-2026 20:37:05.154 INFORMACIÓN [main] org.apache.catalina.core.AprLifecycleListener.lifecycleEvent Capacidades APR: IPv6 [true], enviar fichero [true], aceptar filtros [false], aleatorio [true], UDS [true].
26-May-2026 20:37:05.154 INFORMACIÓN [main] org.apache.catalina.core.AprLifecycleListener.lifecycleEvent APR/OpenSSL configuration: useAprConnector [false], useOpenSSL [true]
26-May-2026 20:37:05.160 INFORMACIÓN [main] org.apache.catalina.core.AprLifecycleListener.initializeSSL OpenSSL inicializado correctamente [OpenSSL 3.0.19 27 Jan 2026]
26-May-2026 20:37:05.388 INFORMACIÓN [main] org.apache.coyote.AbstractProtocol.init Inicializando el manejador de protocolo ["http-nio-8080"]

26-May-2026 20:37:05.403 INFORMACIÓN [main] org.apache.catalina.startup.Catalina.load Server initialization in [399] milliseconds
26-May-2026 20:37:05.433 INFORMACIÓN [main] org.apache.catalina.core.StandardService.startInternal Arrancando servicio [Catalina]
26-May-2026 20:37:05.433 INFORMACIÓN [main] org.apache.catalina.core.StandardEngine.startInternal Starting Servlet engine: [Apache Tomcat/9.0.117]
26-May-2026 20:37:05.452 INFORMACIÓN [main] org.apache.catalina.startup.HostConfig.deployDescriptor Desplieque del descriptor de configuración [G:\IntelliJ\eventosProyecto\conf\Catalina\localhost\eventosProyecto.xml]
26-May-2026 20:37:06.366 INFORMACIÓN [main] org.apache.jasper.servlet.TldScanner.scanJars Al menos un JAR, que se ha explorado buscando TLDs, aún no contenía TLDs. Activar historial de depuración para este historiador para una completa lista de los JARs que fueron explorados y de los que nos se halló TLDs. Saltarse JARs no necesarios durante la exploración puede dar lugar a una mejora de tiempo significativa en el arranque y compilación de JSP .
26-May-2026 20:37:06.461 INFORMACIÓN [main] org.apache.catalina.startup.HostConfig.deployDescriptor Deployment of deployment descriptor [G:\IntelliJ\eventosProyecto\conf\Catalina\localhost\eventosProyecto.xml] has finished in [1.005] ms
26-May-2026 20:37:06.462 INFORMACIÓN [main] org.apache.catalina.startup.HostConfig.deployDirectory Desplegando el directorio [G:\IntelliJ\eventosProyecto\webapps\conf] de la aplicación web
26-May-2026 20:37:06.481 INFORMACIÓN [main] org.apache.catalina.startup.HostConfig.deployDirectory Deployment of web application directory [G:\IntelliJ\eventosProyecto\webapps\conf] has finished in [19] ms
26-May-2026 20:37:06.481 INFORMACIÓN [main] org.apache.catalina.startup.HostConfig.deployDirectory Desplegando el directorio [G:\IntelliJ\eventosProyecto\webapps\logs] de la aplicación web
26-May-2026 20:37:06.497 INFORMACIÓN [main] org.apache.catalina.startup.HostConfig.deployDirectory Deployment of web application directory [G:\IntelliJ\eventosProyecto\webapps\logs] has finished in [16] ms
26-May-2026 20:37:06.500 INFORMACIÓN [main] org.apache.coyote.AbstractProtocol.start Starting ProtocolHandler ["http-nio-8080"]
26-May-2026 20:37:06.518 INFORMACIÓN [main] org.apache.catalina.startup.Catalina.start Server startup in [1114] milliseconds
26-May-2026 20:38:32.076 INFORMACIÓN [Thread-1] org.apache.coyote.AbstractProtocol.pause Pausing ProtocolHandler ["http-nio-8080"]
26-May-2026 20:38:32.080 INFORMACIÓN [Thread-1] org.apache.catalina.core.StandardService.stopInternal Parando servicio [Catalina]
26-May-2026 20:38:32.088 INFORMACIÓN [Thread-1] org.apache.coyote.AbstractProtocol.stop Stopping ProtocolHandler ["http-nio-8080"]
26-May-2026 20:38:32.090 INFORMACIÓN [Thread-1] org.apache.coyote.AbstractProtocol.destroy Destroying ProtocolHandler ["http-nio-8080"]
26-May-2026 20:38:34.291 INFORMACIÓN [main] org.apache.catalina.startup.VersionLoggerListener.log Nombre de la versión del servidor: Apache Tomcat/9.0.117
26-May-2026 20:38:34.292 INFORMACIÓN [main] org.apache.catalina.startup.VersionLoggerListener.log Server built:                      Mar 30 2026 18:21:16 UTC
26-May-2026 20:38:34.293 INFORMACIÓN [main] org.apache.catalina.startup.VersionLoggerListener.log Número de versión de servidor:     9.0.117.0
26-May-2026 20:38:34.293 INFORMACIÓN [main] org.apache.catalina.startup.VersionLoggerListener.log OS Name:                           Windows 11
26-May-2026 20:38:34.293 INFORMACIÓN [main] org.apache.catalina.startup.VersionLoggerListener.log Versión de Systema Operativo:      10.0
26-May-2026 20:38:34.293 INFORMACIÓN [main] org.apache.catalina.startup.VersionLoggerListener.log Arquitectura:                      amd64
26-May-2026 20:38:34.293 INFORMACIÓN [main] org.apache.catalina.startup.VersionLoggerListener.log Java Home:                         C:\Users\cetme\.jdks\ms-25.0.3
26-May-2026 20:38:34.294 INFORMACIÓN [main] org.apache.catalina.startup.VersionLoggerListener.log JVM Version:                       25.0.3+9-LTS
26-May-2026 20:38:34.294 INFORMACIÓN [main] org.apache.catalina.startup.VersionLoggerListener.log Vededor JVM:                       Microsoft
26-May-2026 20:38:34.294 INFORMACIÓN [main] org.apache.catalina.startup.VersionLoggerListener.log CATALINA_BASE:                     G:\IntelliJ\eventosProyecto
26-May-2026 20:38:34.294 INFORMACIÓN [main] org.apache.catalina.startup.VersionLoggerListener.log CATALINA_HOME:                     G:\IntelliJ\Tomcat\apache-tomcat-9.0.117-20260522T151456Z-3-001\apache-tomcat-9.0.117
26-May-2026 20:38:34.304 INFORMACIÓN [main] org.apache.catalina.startup.VersionLoggerListener.log Command line argument:             --add-opens=java.base/java.lang=ALL-UNNAMED
26-May-2026 20:38:34.304 INFORMACIÓN [main] org.apache.catalina.startup.VersionLoggerListener.log Command line argument:             --add-opens=java.base/java.io=ALL-UNNAMED
26-May-2026 20:38:34.304 INFORMACIÓN [main] org.apache.catalina.startup.VersionLoggerListener.log Command line argument:             --add-opens=java.base/java.util=ALL-UNNAMED
26-May-2026 20:38:34.304 INFORMACIÓN [main] org.apache.catalina.startup.VersionLoggerListener.log Command line argument:             --add-opens=java.base/java.util.concurrent=ALL-UNNAMED
26-May-2026 20:38:34.304 INFORMACIÓN [main] org.apache.catalina.startup.VersionLoggerListener.log Command line argument:             --add-opens=java.rmi/sun.rmi.transport=ALL-UNNAMED
26-May-2026 20:38:34.304 INFORMACIÓN [main] org.apache.catalina.startup.VersionLoggerListener.log Command line argument:             -Dcatalina.home=G:\IntelliJ\Tomcat\apache-tomcat-9.0.117-20260522T151456Z-3-001\apache-tomcat-9.0.117
26-May-2026 20:38:34.304 INFORMACIÓN [main] org.apache.catalina.startup.VersionLoggerListener.log Command line argument:             -Dcatalina.base=G:\IntelliJ\eventosProyecto
26-May-2026 20:38:34.304 INFORMACIÓN [main] org.apache.catalina.startup.VersionLoggerListener.log Command line argument:             -Djava.io.tmpdir=G:\IntelliJ\eventosProyecto\temp
26-May-2026 20:38:34.304 INFORMACIÓN [main] org.apache.catalina.startup.VersionLoggerListener.log Command line argument:             -Djava.util.logging.config.file=G:\IntelliJ\eventosProyecto\conf\logging.properties
26-May-2026 20:38:34.305 INFORMACIÓN [main] org.apache.catalina.startup.VersionLoggerListener.log Command line argument:             -Djava.util.logging.manager=org.apache.juli.ClassLoaderLogManager
26-May-2026 20:38:34.305 INFORMACIÓN [main] org.apache.catalina.startup.VersionLoggerListener.log Command line argument:             -javaagent:G:\IntelliJ\IntelliJ IDEA 2026.1.2\lib\idea_rt.jar=65154
26-May-2026 20:38:34.305 INFORMACIÓN [main] org.apache.catalina.startup.VersionLoggerListener.log Command line argument:             -Dfile.encoding=UTF-8
26-May-2026 20:38:34.305 INFORMACIÓN [main] org.apache.catalina.startup.VersionLoggerListener.log Command line argument:             -Dsun.stdout.encoding=UTF-8
26-May-2026 20:38:34.305 INFORMACIÓN [main] org.apache.catalina.startup.VersionLoggerListener.log Command line argument:             -Dsun.stderr.encoding=UTF-8
26-May-2026 20:38:34.310 INFORMACIÓN [main] org.apache.catalina.core.AprLifecycleListener.lifecycleEvent Cargada la biblioteca nativa APR de Apache Tomcat [1.3.7] con la versión APR [1.7.6].
26-May-2026 20:38:34.310 INFORMACIÓN [main] org.apache.catalina.core.AprLifecycleListener.lifecycleEvent Capacidades APR: IPv6 [true], enviar fichero [true], aceptar filtros [false], aleatorio [true], UDS [true].
26-May-2026 20:38:34.310 INFORMACIÓN [main] org.apache.catalina.core.AprLifecycleListener.lifecycleEvent APR/OpenSSL configuration: useAprConnector [false], useOpenSSL [true]
26-May-2026 20:38:34.318 INFORMACIÓN [main] org.apache.catalina.core.AprLifecycleListener.initializeSSL OpenSSL inicializado correctamente [OpenSSL 3.0.19 27 Jan 2026]
26-May-2026 20:38:34.531 INFORMACIÓN [main] org.apache.coyote.AbstractProtocol.init Inicializando el manejador de protocolo ["http-nio-8080"]

26-May-2026 20:38:34.545 INFORMACIÓN [main] org.apache.catalina.startup.Catalina.load Server initialization in [386] milliseconds
26-May-2026 20:38:34.579 INFORMACIÓN [main] org.apache.catalina.core.StandardService.startInternal Arrancando servicio [Catalina]
26-May-2026 20:38:34.579 INFORMACIÓN [main] org.apache.catalina.core.StandardEngine.startInternal Starting Servlet engine: [Apache Tomcat/9.0.117]
26-May-2026 20:38:34.586 INFORMACIÓN [main] org.apache.catalina.startup.HostConfig.deployDescriptor Desplieque del descriptor de configuración [G:\IntelliJ\eventosProyecto\conf\Catalina\localhost\eventosProyecto.xml]
26-May-2026 20:38:35.496 INFORMACIÓN [main] org.apache.jasper.servlet.TldScanner.scanJars Al menos un JAR, que se ha explorado buscando TLDs, aún no contenía TLDs. Activar historial de depuración para este historiador para una completa lista de los JARs que fueron explorados y de los que nos se halló TLDs. Saltarse JARs no necesarios durante la exploración puede dar lugar a una mejora de tiempo significativa en el arranque y compilación de JSP .
26-May-2026 20:38:35.586 INFORMACIÓN [main] org.apache.catalina.startup.HostConfig.deployDescriptor Deployment of deployment descriptor [G:\IntelliJ\eventosProyecto\conf\Catalina\localhost\eventosProyecto.xml] has finished in [996] ms
26-May-2026 20:38:35.586 INFORMACIÓN [main] org.apache.catalina.startup.HostConfig.deployDirectory Desplegando el directorio [G:\IntelliJ\eventosProyecto\webapps\conf] de la aplicación web
26-May-2026 20:38:35.603 INFORMACIÓN [main] org.apache.catalina.startup.HostConfig.deployDirectory Deployment of web application directory [G:\IntelliJ\eventosProyecto\webapps\conf] has finished in [17] ms
26-May-2026 20:38:35.604 INFORMACIÓN [main] org.apache.catalina.startup.HostConfig.deployDirectory Desplegando el directorio [G:\IntelliJ\eventosProyecto\webapps\logs] de la aplicación web
26-May-2026 20:38:35.619 INFORMACIÓN [main] org.apache.catalina.startup.HostConfig.deployDirectory Deployment of web application directory [G:\IntelliJ\eventosProyecto\webapps\logs] has finished in [15] ms
26-May-2026 20:38:35.621 INFORMACIÓN [main] org.apache.coyote.AbstractProtocol.start Starting ProtocolHandler ["http-nio-8080"]
26-May-2026 20:38:35.639 INFORMACIÓN [main] org.apache.catalina.startup.Catalina.start Server startup in [1093] milliseconds
26-May-2026 20:40:34.740 INFORMACIÓN [Thread-1] org.apache.coyote.AbstractProtocol.pause Pausing ProtocolHandler ["http-nio-8080"]
26-May-2026 20:40:34.744 INFORMACIÓN [Thread-1] org.apache.catalina.core.StandardService.stopInternal Parando servicio [Catalina]
26-May-2026 20:40:34.746 ADVERTENCIA [Thread-1] org.apache.catalina.loader.WebappClassLoaderBase.clearReferencesJdbc La aplicación web [eventosProyecto] registró el conductor JDBC [com.mysql.cj.jdbc.Driver] pero falló al anular el registro mientras la aplicación web estaba parada. Para prevenir un fallo de memoria, se ha anulado el registro del conductor JDBC por la fuerza.
26-May-2026 20:40:34.747 ADVERTENCIA [Thread-1] org.apache.catalina.loader.WebappClassLoaderBase.clearReferencesThreads The web application [eventosProyecto] appears to have started a thread named [mysql-cj-abandoned-connection-cleanup] but has failed to stop it. This is very likely to create a memory leak. Stack trace of thread:
 java.base/java.lang.Object.wait0(Native Method)
 java.base/java.lang.Object.wait(Object.java:389)
 java.base/java.lang.ref.ReferenceQueue.remove0(ReferenceQueue.java:123)
 java.base/java.lang.ref.ReferenceQueue.remove(ReferenceQueue.java:201)
 com.mysql.cj.jdbc.AbandonedConnectionCleanupThread.run(AbandonedConnectionCleanupThread.java:91)
 java.base/java.util.concurrent.ThreadPoolExecutor.runWorker(ThreadPoolExecutor.java:1090)
 java.base/java.util.concurrent.ThreadPoolExecutor$Worker.run(ThreadPoolExecutor.java:614)
 java.base/java.lang.Thread.run(Thread.java:1474)
26-May-2026 20:40:34.752 INFORMACIÓN [Thread-1] org.apache.coyote.AbstractProtocol.stop Stopping ProtocolHandler ["http-nio-8080"]
26-May-2026 20:40:34.755 INFORMACIÓN [Thread-1] org.apache.coyote.AbstractProtocol.destroy Destroying ProtocolHandler ["http-nio-8080"]
26-May-2026 20:40:36.059 INFORMACIÓN [main] org.apache.catalina.startup.VersionLoggerListener.log Nombre de la versión del servidor: Apache Tomcat/9.0.117
26-May-2026 20:40:36.061 INFORMACIÓN [main] org.apache.catalina.startup.VersionLoggerListener.log Server built:                      Mar 30 2026 18:21:16 UTC
26-May-2026 20:40:36.061 INFORMACIÓN [main] org.apache.catalina.startup.VersionLoggerListener.log Número de versión de servidor:     9.0.117.0
26-May-2026 20:40:36.062 INFORMACIÓN [main] org.apache.catalina.startup.VersionLoggerListener.log OS Name:                           Windows 11
26-May-2026 20:40:36.062 INFORMACIÓN [main] org.apache.catalina.startup.VersionLoggerListener.log Versión de Systema Operativo:      10.0
26-May-2026 20:40:36.062 INFORMACIÓN [main] org.apache.catalina.startup.VersionLoggerListener.log Arquitectura:                      amd64
26-May-2026 20:40:36.062 INFORMACIÓN [main] org.apache.catalina.startup.VersionLoggerListener.log Java Home:                         C:\Users\cetme\.jdks\ms-25.0.3
26-May-2026 20:40:36.062 INFORMACIÓN [main] org.apache.catalina.startup.VersionLoggerListener.log JVM Version:                       25.0.3+9-LTS
26-May-2026 20:40:36.062 INFORMACIÓN [main] org.apache.catalina.startup.VersionLoggerListener.log Vededor JVM:                       Microsoft
26-May-2026 20:40:36.062 INFORMACIÓN [main] org.apache.catalina.startup.VersionLoggerListener.log CATALINA_BASE:                     G:\IntelliJ\eventosProyecto
26-May-2026 20:40:36.062 INFORMACIÓN [main] org.apache.catalina.startup.VersionLoggerListener.log CATALINA_HOME:                     G:\IntelliJ\Tomcat\apache-tomcat-9.0.117-20260522T151456Z-3-001\apache-tomcat-9.0.117
26-May-2026 20:40:36.072 INFORMACIÓN [main] org.apache.catalina.startup.VersionLoggerListener.log Command line argument:             --add-opens=java.base/java.lang=ALL-UNNAMED
26-May-2026 20:40:36.072 INFORMACIÓN [main] org.apache.catalina.startup.VersionLoggerListener.log Command line argument:             --add-opens=java.base/java.io=ALL-UNNAMED
26-May-2026 20:40:36.072 INFORMACIÓN [main] org.apache.catalina.startup.VersionLoggerListener.log Command line argument:             --add-opens=java.base/java.util=ALL-UNNAMED
26-May-2026 20:40:36.072 INFORMACIÓN [main] org.apache.catalina.startup.VersionLoggerListener.log Command line argument:             --add-opens=java.base/java.util.concurrent=ALL-UNNAMED
26-May-2026 20:40:36.072 INFORMACIÓN [main] org.apache.catalina.startup.VersionLoggerListener.log Command line argument:             --add-opens=java.rmi/sun.rmi.transport=ALL-UNNAMED
26-May-2026 20:40:36.072 INFORMACIÓN [main] org.apache.catalina.startup.VersionLoggerListener.log Command line argument:             -Dcatalina.home=G:\IntelliJ\Tomcat\apache-tomcat-9.0.117-20260522T151456Z-3-001\apache-tomcat-9.0.117
26-May-2026 20:40:36.072 INFORMACIÓN [main] org.apache.catalina.startup.VersionLoggerListener.log Command line argument:             -Dcatalina.base=G:\IntelliJ\eventosProyecto
26-May-2026 20:40:36.073 INFORMACIÓN [main] org.apache.catalina.startup.VersionLoggerListener.log Command line argument:             -Djava.io.tmpdir=G:\IntelliJ\eventosProyecto\temp
26-May-2026 20:40:36.073 INFORMACIÓN [main] org.apache.catalina.startup.VersionLoggerListener.log Command line argument:             -Djava.util.logging.config.file=G:\IntelliJ\eventosProyecto\conf\logging.properties
26-May-2026 20:40:36.073 INFORMACIÓN [main] org.apache.catalina.startup.VersionLoggerListener.log Command line argument:             -Djava.util.logging.manager=org.apache.juli.ClassLoaderLogManager
26-May-2026 20:40:36.073 INFORMACIÓN [main] org.apache.catalina.startup.VersionLoggerListener.log Command line argument:             -javaagent:G:\IntelliJ\IntelliJ IDEA 2026.1.2\lib\idea_rt.jar=57557
26-May-2026 20:40:36.073 INFORMACIÓN [main] org.apache.catalina.startup.VersionLoggerListener.log Command line argument:             -Dfile.encoding=UTF-8
26-May-2026 20:40:36.073 INFORMACIÓN [main] org.apache.catalina.startup.VersionLoggerListener.log Command line argument:             -Dsun.stdout.encoding=UTF-8
26-May-2026 20:40:36.073 INFORMACIÓN [main] org.apache.catalina.startup.VersionLoggerListener.log Command line argument:             -Dsun.stderr.encoding=UTF-8
26-May-2026 20:40:36.079 INFORMACIÓN [main] org.apache.catalina.core.AprLifecycleListener.lifecycleEvent Cargada la biblioteca nativa APR de Apache Tomcat [1.3.7] con la versión APR [1.7.6].
26-May-2026 20:40:36.079 INFORMACIÓN [main] org.apache.catalina.core.AprLifecycleListener.lifecycleEvent Capacidades APR: IPv6 [true], enviar fichero [true], aceptar filtros [false], aleatorio [true], UDS [true].
26-May-2026 20:40:36.079 INFORMACIÓN [main] org.apache.catalina.core.AprLifecycleListener.lifecycleEvent APR/OpenSSL configuration: useAprConnector [false], useOpenSSL [true]
26-May-2026 20:40:36.086 INFORMACIÓN [main] org.apache.catalina.core.AprLifecycleListener.initializeSSL OpenSSL inicializado correctamente [OpenSSL 3.0.19 27 Jan 2026]
26-May-2026 20:40:36.297 INFORMACIÓN [main] org.apache.coyote.AbstractProtocol.init Inicializando el manejador de protocolo ["http-nio-8080"]

26-May-2026 20:40:36.309 INFORMACIÓN [main] org.apache.catalina.startup.Catalina.load Server initialization in [404] milliseconds
26-May-2026 20:40:36.338 INFORMACIÓN [main] org.apache.catalina.core.StandardService.startInternal Arrancando servicio [Catalina]
26-May-2026 20:40:36.339 INFORMACIÓN [main] org.apache.catalina.core.StandardEngine.startInternal Starting Servlet engine: [Apache Tomcat/9.0.117]
26-May-2026 20:40:36.346 INFORMACIÓN [main] org.apache.catalina.startup.HostConfig.deployDescriptor Desplieque del descriptor de configuración [G:\IntelliJ\eventosProyecto\conf\Catalina\localhost\eventosProyecto.xml]
26-May-2026 20:40:37.244 INFORMACIÓN [main] org.apache.jasper.servlet.TldScanner.scanJars Al menos un JAR, que se ha explorado buscando TLDs, aún no contenía TLDs. Activar historial de depuración para este historiador para una completa lista de los JARs que fueron explorados y de los que nos se halló TLDs. Saltarse JARs no necesarios durante la exploración puede dar lugar a una mejora de tiempo significativa en el arranque y compilación de JSP .
26-May-2026 20:40:37.335 INFORMACIÓN [main] org.apache.catalina.startup.HostConfig.deployDescriptor Deployment of deployment descriptor [G:\IntelliJ\eventosProyecto\conf\Catalina\localhost\eventosProyecto.xml] has finished in [985] ms
26-May-2026 20:40:37.336 INFORMACIÓN [main] org.apache.catalina.startup.HostConfig.deployDirectory Desplegando el directorio [G:\IntelliJ\eventosProyecto\webapps\conf] de la aplicación web
26-May-2026 20:40:37.354 INFORMACIÓN [main] org.apache.catalina.startup.HostConfig.deployDirectory Deployment of web application directory [G:\IntelliJ\eventosProyecto\webapps\conf] has finished in [19] ms
26-May-2026 20:40:37.354 INFORMACIÓN [main] org.apache.catalina.startup.HostConfig.deployDirectory Desplegando el directorio [G:\IntelliJ\eventosProyecto\webapps\logs] de la aplicación web
26-May-2026 20:40:37.369 INFORMACIÓN [main] org.apache.catalina.startup.HostConfig.deployDirectory Deployment of web application directory [G:\IntelliJ\eventosProyecto\webapps\logs] has finished in [15] ms
26-May-2026 20:40:37.372 INFORMACIÓN [main] org.apache.coyote.AbstractProtocol.start Starting ProtocolHandler ["http-nio-8080"]
26-May-2026 20:40:37.390 INFORMACIÓN [main] org.apache.catalina.startup.Catalina.start Server startup in [1080] milliseconds
26-May-2026 20:41:14.690 INFORMACIÓN [Thread-1] org.apache.coyote.AbstractProtocol.pause Pausing ProtocolHandler ["http-nio-8080"]
26-May-2026 20:41:14.695 INFORMACIÓN [Thread-1] org.apache.catalina.core.StandardService.stopInternal Parando servicio [Catalina]
26-May-2026 20:41:14.697 ADVERTENCIA [Thread-1] org.apache.catalina.loader.WebappClassLoaderBase.clearReferencesJdbc La aplicación web [eventosProyecto] registró el conductor JDBC [com.mysql.cj.jdbc.Driver] pero falló al anular el registro mientras la aplicación web estaba parada. Para prevenir un fallo de memoria, se ha anulado el registro del conductor JDBC por la fuerza.
26-May-2026 20:41:14.698 ADVERTENCIA [Thread-1] org.apache.catalina.loader.WebappClassLoaderBase.clearReferencesThreads The web application [eventosProyecto] appears to have started a thread named [mysql-cj-abandoned-connection-cleanup] but has failed to stop it. This is very likely to create a memory leak. Stack trace of thread:
 java.base/java.lang.Object.wait0(Native Method)
 java.base/java.lang.Object.wait(Object.java:389)
 java.base/java.lang.ref.ReferenceQueue.remove0(ReferenceQueue.java:123)
 java.base/java.lang.ref.ReferenceQueue.remove(ReferenceQueue.java:201)
 com.mysql.cj.jdbc.AbandonedConnectionCleanupThread.run(AbandonedConnectionCleanupThread.java:91)
 java.base/java.util.concurrent.ThreadPoolExecutor.runWorker(ThreadPoolExecutor.java:1090)
 java.base/java.util.concurrent.ThreadPoolExecutor$Worker.run(ThreadPoolExecutor.java:614)
 java.base/java.lang.Thread.run(Thread.java:1474)
26-May-2026 20:41:14.703 INFORMACIÓN [Thread-1] org.apache.coyote.AbstractProtocol.stop Stopping ProtocolHandler ["http-nio-8080"]
26-May-2026 20:41:14.706 INFORMACIÓN [Thread-1] org.apache.coyote.AbstractProtocol.destroy Destroying ProtocolHandler ["http-nio-8080"]
26-May-2026 20:41:14.744 INFORMACIÓN [mysql-cj-abandoned-connection-cleanup] org.apache.catalina.loader.WebappClassLoaderBase.checkStateForResourceLoading Acceso ilegal: esta instancia de aplicación web ya ha sido parada.  Could not load [].  La eventual traza de pila que sigue ha sido motivada por un error lanzado con motivos de depuración así como para intentar terminar el hilo que motivó el acceso ilegal y no tiene impacto funcional.
	java.lang.IllegalStateException: Acceso ilegal: esta instancia de aplicación web ya ha sido parada.  Could not load [].  La eventual traza de pila que sigue ha sido motivada por un error lanzado con motivos de depuración así como para intentar terminar el hilo que motivó el acceso ilegal y no tiene impacto funcional.
		at org.apache.catalina.loader.WebappClassLoaderBase.checkStateForResourceLoading(WebappClassLoaderBase.java:1370)
		at org.apache.catalina.loader.WebappClassLoaderBase.getResource(WebappClassLoaderBase.java:994)
		at com.mysql.cj.jdbc.AbandonedConnectionCleanupThread.checkThreadContextClassLoader(AbandonedConnectionCleanupThread.java:123)
		at com.mysql.cj.jdbc.AbandonedConnectionCleanupThread.run(AbandonedConnectionCleanupThread.java:90)
		at java.base/java.util.concurrent.ThreadPoolExecutor.runWorker(ThreadPoolExecutor.java:1090)
		at java.base/java.util.concurrent.ThreadPoolExecutor$Worker.run(ThreadPoolExecutor.java:614)
		at java.base/java.lang.Thread.run(Thread.java:1474)
26-May-2026 20:41:15.897 INFORMACIÓN [main] org.apache.catalina.startup.VersionLoggerListener.log Nombre de la versión del servidor: Apache Tomcat/9.0.117
26-May-2026 20:41:15.899 INFORMACIÓN [main] org.apache.catalina.startup.VersionLoggerListener.log Server built:                      Mar 30 2026 18:21:16 UTC
26-May-2026 20:41:15.899 INFORMACIÓN [main] org.apache.catalina.startup.VersionLoggerListener.log Número de versión de servidor:     9.0.117.0
26-May-2026 20:41:15.899 INFORMACIÓN [main] org.apache.catalina.startup.VersionLoggerListener.log OS Name:                           Windows 11
26-May-2026 20:41:15.899 INFORMACIÓN [main] org.apache.catalina.startup.VersionLoggerListener.log Versión de Systema Operativo:      10.0
26-May-2026 20:41:15.899 INFORMACIÓN [main] org.apache.catalina.startup.VersionLoggerListener.log Arquitectura:                      amd64
26-May-2026 20:41:15.899 INFORMACIÓN [main] org.apache.catalina.startup.VersionLoggerListener.log Java Home:                         C:\Users\cetme\.jdks\ms-25.0.3
26-May-2026 20:41:15.899 INFORMACIÓN [main] org.apache.catalina.startup.VersionLoggerListener.log JVM Version:                       25.0.3+9-LTS
26-May-2026 20:41:15.899 INFORMACIÓN [main] org.apache.catalina.startup.VersionLoggerListener.log Vededor JVM:                       Microsoft
26-May-2026 20:41:15.899 INFORMACIÓN [main] org.apache.catalina.startup.VersionLoggerListener.log CATALINA_BASE:                     G:\IntelliJ\eventosProyecto
26-May-2026 20:41:15.899 INFORMACIÓN [main] org.apache.catalina.startup.VersionLoggerListener.log CATALINA_HOME:                     G:\IntelliJ\Tomcat\apache-tomcat-9.0.117-20260522T151456Z-3-001\apache-tomcat-9.0.117
26-May-2026 20:41:15.909 INFORMACIÓN [main] org.apache.catalina.startup.VersionLoggerListener.log Command line argument:             --add-opens=java.base/java.lang=ALL-UNNAMED
26-May-2026 20:41:15.909 INFORMACIÓN [main] org.apache.catalina.startup.VersionLoggerListener.log Command line argument:             --add-opens=java.base/java.io=ALL-UNNAMED
26-May-2026 20:41:15.909 INFORMACIÓN [main] org.apache.catalina.startup.VersionLoggerListener.log Command line argument:             --add-opens=java.base/java.util=ALL-UNNAMED
26-May-2026 20:41:15.909 INFORMACIÓN [main] org.apache.catalina.startup.VersionLoggerListener.log Command line argument:             --add-opens=java.base/java.util.concurrent=ALL-UNNAMED
26-May-2026 20:41:15.909 INFORMACIÓN [main] org.apache.catalina.startup.VersionLoggerListener.log Command line argument:             --add-opens=java.rmi/sun.rmi.transport=ALL-UNNAMED
26-May-2026 20:41:15.909 INFORMACIÓN [main] org.apache.catalina.startup.VersionLoggerListener.log Command line argument:             -Dcatalina.home=G:\IntelliJ\Tomcat\apache-tomcat-9.0.117-20260522T151456Z-3-001\apache-tomcat-9.0.117
26-May-2026 20:41:15.909 INFORMACIÓN [main] org.apache.catalina.startup.VersionLoggerListener.log Command line argument:             -Dcatalina.base=G:\IntelliJ\eventosProyecto
26-May-2026 20:41:15.911 INFORMACIÓN [main] org.apache.catalina.startup.VersionLoggerListener.log Command line argument:             -Djava.io.tmpdir=G:\IntelliJ\eventosProyecto\temp
26-May-2026 20:41:15.911 INFORMACIÓN [main] org.apache.catalina.startup.VersionLoggerListener.log Command line argument:             -Djava.util.logging.config.file=G:\IntelliJ\eventosProyecto\conf\logging.properties
26-May-2026 20:41:15.911 INFORMACIÓN [main] org.apache.catalina.startup.VersionLoggerListener.log Command line argument:             -Djava.util.logging.manager=org.apache.juli.ClassLoaderLogManager
26-May-2026 20:41:15.911 INFORMACIÓN [main] org.apache.catalina.startup.VersionLoggerListener.log Command line argument:             -javaagent:G:\IntelliJ\IntelliJ IDEA 2026.1.2\lib\idea_rt.jar=51606
26-May-2026 20:41:15.911 INFORMACIÓN [main] org.apache.catalina.startup.VersionLoggerListener.log Command line argument:             -Dfile.encoding=UTF-8
26-May-2026 20:41:15.911 INFORMACIÓN [main] org.apache.catalina.startup.VersionLoggerListener.log Command line argument:             -Dsun.stdout.encoding=UTF-8
26-May-2026 20:41:15.911 INFORMACIÓN [main] org.apache.catalina.startup.VersionLoggerListener.log Command line argument:             -Dsun.stderr.encoding=UTF-8
26-May-2026 20:41:15.918 INFORMACIÓN [main] org.apache.catalina.core.AprLifecycleListener.lifecycleEvent Cargada la biblioteca nativa APR de Apache Tomcat [1.3.7] con la versión APR [1.7.6].
26-May-2026 20:41:15.918 INFORMACIÓN [main] org.apache.catalina.core.AprLifecycleListener.lifecycleEvent Capacidades APR: IPv6 [true], enviar fichero [true], aceptar filtros [false], aleatorio [true], UDS [true].
26-May-2026 20:41:15.918 INFORMACIÓN [main] org.apache.catalina.core.AprLifecycleListener.lifecycleEvent APR/OpenSSL configuration: useAprConnector [false], useOpenSSL [true]
26-May-2026 20:41:15.924 INFORMACIÓN [main] org.apache.catalina.core.AprLifecycleListener.initializeSSL OpenSSL inicializado correctamente [OpenSSL 3.0.19 27 Jan 2026]
26-May-2026 20:41:16.154 INFORMACIÓN [main] org.apache.coyote.AbstractProtocol.init Inicializando el manejador de protocolo ["http-nio-8080"]

26-May-2026 20:41:16.168 INFORMACIÓN [main] org.apache.catalina.startup.Catalina.load Server initialization in [436] milliseconds
26-May-2026 20:41:16.198 INFORMACIÓN [main] org.apache.catalina.core.StandardService.startInternal Arrancando servicio [Catalina]
26-May-2026 20:41:16.198 INFORMACIÓN [main] org.apache.catalina.core.StandardEngine.startInternal Starting Servlet engine: [Apache Tomcat/9.0.117]
26-May-2026 20:41:16.204 INFORMACIÓN [main] org.apache.catalina.startup.HostConfig.deployDescriptor Desplieque del descriptor de configuración [G:\IntelliJ\eventosProyecto\conf\Catalina\localhost\eventosProyecto.xml]
26-May-2026 20:41:17.089 INFORMACIÓN [main] org.apache.jasper.servlet.TldScanner.scanJars Al menos un JAR, que se ha explorado buscando TLDs, aún no contenía TLDs. Activar historial de depuración para este historiador para una completa lista de los JARs que fueron explorados y de los que nos se halló TLDs. Saltarse JARs no necesarios durante la exploración puede dar lugar a una mejora de tiempo significativa en el arranque y compilación de JSP .
26-May-2026 20:41:17.180 INFORMACIÓN [main] org.apache.catalina.startup.HostConfig.deployDescriptor Deployment of deployment descriptor [G:\IntelliJ\eventosProyecto\conf\Catalina\localhost\eventosProyecto.xml] has finished in [972] ms
26-May-2026 20:41:17.180 INFORMACIÓN [main] org.apache.catalina.startup.HostConfig.deployDirectory Desplegando el directorio [G:\IntelliJ\eventosProyecto\webapps\conf] de la aplicación web
26-May-2026 20:41:17.197 INFORMACIÓN [main] org.apache.catalina.startup.HostConfig.deployDirectory Deployment of web application directory [G:\IntelliJ\eventosProyecto\webapps\conf] has finished in [17] ms
26-May-2026 20:41:17.197 INFORMACIÓN [main] org.apache.catalina.startup.HostConfig.deployDirectory Desplegando el directorio [G:\IntelliJ\eventosProyecto\webapps\logs] de la aplicación web
26-May-2026 20:41:17.214 INFORMACIÓN [main] org.apache.catalina.startup.HostConfig.deployDirectory Deployment of web application directory [G:\IntelliJ\eventosProyecto\webapps\logs] has finished in [16] ms
26-May-2026 20:41:17.216 INFORMACIÓN [main] org.apache.coyote.AbstractProtocol.start Starting ProtocolHandler ["http-nio-8080"]
26-May-2026 20:41:17.234 INFORMACIÓN [main] org.apache.catalina.startup.Catalina.start Server startup in [1065] milliseconds
26-May-2026 20:42:55.746 INFORMACIÓN [Thread-1] org.apache.coyote.AbstractProtocol.pause Pausing ProtocolHandler ["http-nio-8080"]
26-May-2026 20:42:55.750 INFORMACIÓN [Thread-1] org.apache.catalina.core.StandardService.stopInternal Parando servicio [Catalina]
26-May-2026 20:42:55.753 ADVERTENCIA [Thread-1] org.apache.catalina.loader.WebappClassLoaderBase.clearReferencesJdbc La aplicación web [eventosProyecto] registró el conductor JDBC [com.mysql.cj.jdbc.Driver] pero falló al anular el registro mientras la aplicación web estaba parada. Para prevenir un fallo de memoria, se ha anulado el registro del conductor JDBC por la fuerza.
26-May-2026 20:42:55.753 ADVERTENCIA [Thread-1] org.apache.catalina.loader.WebappClassLoaderBase.clearReferencesThreads The web application [eventosProyecto] appears to have started a thread named [mysql-cj-abandoned-connection-cleanup] but has failed to stop it. This is very likely to create a memory leak. Stack trace of thread:
 java.base/java.lang.Object.wait0(Native Method)
 java.base/java.lang.Object.wait(Object.java:389)
 java.base/java.lang.ref.ReferenceQueue.remove0(ReferenceQueue.java:123)
 java.base/java.lang.ref.ReferenceQueue.remove(ReferenceQueue.java:201)
 com.mysql.cj.jdbc.AbandonedConnectionCleanupThread.run(AbandonedConnectionCleanupThread.java:91)
 java.base/java.util.concurrent.ThreadPoolExecutor.runWorker(ThreadPoolExecutor.java:1090)
 java.base/java.util.concurrent.ThreadPoolExecutor$Worker.run(ThreadPoolExecutor.java:614)
 java.base/java.lang.Thread.run(Thread.java:1474)
26-May-2026 20:42:55.758 INFORMACIÓN [Thread-1] org.apache.coyote.AbstractProtocol.stop Stopping ProtocolHandler ["http-nio-8080"]
26-May-2026 20:42:55.761 INFORMACIÓN [Thread-1] org.apache.coyote.AbstractProtocol.destroy Destroying ProtocolHandler ["http-nio-8080"]
26-May-2026 20:42:56.979 INFORMACIÓN [main] org.apache.catalina.startup.VersionLoggerListener.log Nombre de la versión del servidor: Apache Tomcat/9.0.117
26-May-2026 20:42:56.982 INFORMACIÓN [main] org.apache.catalina.startup.VersionLoggerListener.log Server built:                      Mar 30 2026 18:21:16 UTC
26-May-2026 20:42:56.982 INFORMACIÓN [main] org.apache.catalina.startup.VersionLoggerListener.log Número de versión de servidor:     9.0.117.0
26-May-2026 20:42:56.982 INFORMACIÓN [main] org.apache.catalina.startup.VersionLoggerListener.log OS Name:                           Windows 11
26-May-2026 20:42:56.982 INFORMACIÓN [main] org.apache.catalina.startup.VersionLoggerListener.log Versión de Systema Operativo:      10.0
26-May-2026 20:42:56.982 INFORMACIÓN [main] org.apache.catalina.startup.VersionLoggerListener.log Arquitectura:                      amd64
26-May-2026 20:42:56.982 INFORMACIÓN [main] org.apache.catalina.startup.VersionLoggerListener.log Java Home:                         C:\Users\cetme\.jdks\ms-25.0.3
26-May-2026 20:42:56.982 INFORMACIÓN [main] org.apache.catalina.startup.VersionLoggerListener.log JVM Version:                       25.0.3+9-LTS
26-May-2026 20:42:56.983 INFORMACIÓN [main] org.apache.catalina.startup.VersionLoggerListener.log Vededor JVM:                       Microsoft
26-May-2026 20:42:56.983 INFORMACIÓN [main] org.apache.catalina.startup.VersionLoggerListener.log CATALINA_BASE:                     G:\IntelliJ\eventosProyecto
26-May-2026 20:42:56.983 INFORMACIÓN [main] org.apache.catalina.startup.VersionLoggerListener.log CATALINA_HOME:                     G:\IntelliJ\Tomcat\apache-tomcat-9.0.117-20260522T151456Z-3-001\apache-tomcat-9.0.117
26-May-2026 20:42:56.993 INFORMACIÓN [main] org.apache.catalina.startup.VersionLoggerListener.log Command line argument:             --add-opens=java.base/java.lang=ALL-UNNAMED
26-May-2026 20:42:56.993 INFORMACIÓN [main] org.apache.catalina.startup.VersionLoggerListener.log Command line argument:             --add-opens=java.base/java.io=ALL-UNNAMED
26-May-2026 20:42:56.993 INFORMACIÓN [main] org.apache.catalina.startup.VersionLoggerListener.log Command line argument:             --add-opens=java.base/java.util=ALL-UNNAMED
26-May-2026 20:42:56.993 INFORMACIÓN [main] org.apache.catalina.startup.VersionLoggerListener.log Command line argument:             --add-opens=java.base/java.util.concurrent=ALL-UNNAMED
26-May-2026 20:42:56.993 INFORMACIÓN [main] org.apache.catalina.startup.VersionLoggerListener.log Command line argument:             --add-opens=java.rmi/sun.rmi.transport=ALL-UNNAMED
26-May-2026 20:42:56.993 INFORMACIÓN [main] org.apache.catalina.startup.VersionLoggerListener.log Command line argument:             -Dcatalina.home=G:\IntelliJ\Tomcat\apache-tomcat-9.0.117-20260522T151456Z-3-001\apache-tomcat-9.0.117
26-May-2026 20:42:56.993 INFORMACIÓN [main] org.apache.catalina.startup.VersionLoggerListener.log Command line argument:             -Dcatalina.base=G:\IntelliJ\eventosProyecto
26-May-2026 20:42:56.993 INFORMACIÓN [main] org.apache.catalina.startup.VersionLoggerListener.log Command line argument:             -Djava.io.tmpdir=G:\IntelliJ\eventosProyecto\temp
26-May-2026 20:42:56.993 INFORMACIÓN [main] org.apache.catalina.startup.VersionLoggerListener.log Command line argument:             -Djava.util.logging.config.file=G:\IntelliJ\eventosProyecto\conf\logging.properties
26-May-2026 20:42:56.993 INFORMACIÓN [main] org.apache.catalina.startup.VersionLoggerListener.log Command line argument:             -Djava.util.logging.manager=org.apache.juli.ClassLoaderLogManager
26-May-2026 20:42:56.993 INFORMACIÓN [main] org.apache.catalina.startup.VersionLoggerListener.log Command line argument:             -javaagent:G:\IntelliJ\IntelliJ IDEA 2026.1.2\lib\idea_rt.jar=59161
26-May-2026 20:42:56.993 INFORMACIÓN [main] org.apache.catalina.startup.VersionLoggerListener.log Command line argument:             -Dfile.encoding=UTF-8
26-May-2026 20:42:56.993 INFORMACIÓN [main] org.apache.catalina.startup.VersionLoggerListener.log Command line argument:             -Dsun.stdout.encoding=UTF-8
26-May-2026 20:42:56.993 INFORMACIÓN [main] org.apache.catalina.startup.VersionLoggerListener.log Command line argument:             -Dsun.stderr.encoding=UTF-8
26-May-2026 20:42:57.000 INFORMACIÓN [main] org.apache.catalina.core.AprLifecycleListener.lifecycleEvent Cargada la biblioteca nativa APR de Apache Tomcat [1.3.7] con la versión APR [1.7.6].
26-May-2026 20:42:57.000 INFORMACIÓN [main] org.apache.catalina.core.AprLifecycleListener.lifecycleEvent Capacidades APR: IPv6 [true], enviar fichero [true], aceptar filtros [false], aleatorio [true], UDS [true].
26-May-2026 20:42:57.000 INFORMACIÓN [main] org.apache.catalina.core.AprLifecycleListener.lifecycleEvent APR/OpenSSL configuration: useAprConnector [false], useOpenSSL [true]
26-May-2026 20:42:57.007 INFORMACIÓN [main] org.apache.catalina.core.AprLifecycleListener.initializeSSL OpenSSL inicializado correctamente [OpenSSL 3.0.19 27 Jan 2026]
26-May-2026 20:42:57.218 INFORMACIÓN [main] org.apache.coyote.AbstractProtocol.init Inicializando el manejador de protocolo ["http-nio-8080"]

26-May-2026 20:42:57.231 INFORMACIÓN [main] org.apache.catalina.startup.Catalina.load Server initialization in [408] milliseconds
26-May-2026 20:42:57.261 INFORMACIÓN [main] org.apache.catalina.core.StandardService.startInternal Arrancando servicio [Catalina]
26-May-2026 20:42:57.261 INFORMACIÓN [main] org.apache.catalina.core.StandardEngine.startInternal Starting Servlet engine: [Apache Tomcat/9.0.117]
26-May-2026 20:42:57.267 INFORMACIÓN [main] org.apache.catalina.startup.HostConfig.deployDescriptor Desplieque del descriptor de configuración [G:\IntelliJ\eventosProyecto\conf\Catalina\localhost\eventosProyecto.xml]
26-May-2026 20:42:58.172 INFORMACIÓN [main] org.apache.jasper.servlet.TldScanner.scanJars Al menos un JAR, que se ha explorado buscando TLDs, aún no contenía TLDs. Activar historial de depuración para este historiador para una completa lista de los JARs que fueron explorados y de los que nos se halló TLDs. Saltarse JARs no necesarios durante la exploración puede dar lugar a una mejora de tiempo significativa en el arranque y compilación de JSP .
26-May-2026 20:42:58.271 INFORMACIÓN [main] org.apache.catalina.startup.HostConfig.deployDescriptor Deployment of deployment descriptor [G:\IntelliJ\eventosProyecto\conf\Catalina\localhost\eventosProyecto.xml] has finished in [999] ms
26-May-2026 20:42:58.272 INFORMACIÓN [main] org.apache.catalina.startup.HostConfig.deployDirectory Desplegando el directorio [G:\IntelliJ\eventosProyecto\webapps\conf] de la aplicación web
26-May-2026 20:42:58.294 INFORMACIÓN [main] org.apache.catalina.startup.HostConfig.deployDirectory Deployment of web application directory [G:\IntelliJ\eventosProyecto\webapps\conf] has finished in [22] ms
26-May-2026 20:42:58.294 INFORMACIÓN [main] org.apache.catalina.startup.HostConfig.deployDirectory Desplegando el directorio [G:\IntelliJ\eventosProyecto\webapps\logs] de la aplicación web
26-May-2026 20:42:58.314 INFORMACIÓN [main] org.apache.catalina.startup.HostConfig.deployDirectory Deployment of web application directory [G:\IntelliJ\eventosProyecto\webapps\logs] has finished in [19] ms
26-May-2026 20:42:58.317 INFORMACIÓN [main] org.apache.coyote.AbstractProtocol.start Starting ProtocolHandler ["http-nio-8080"]
26-May-2026 20:42:58.338 INFORMACIÓN [main] org.apache.catalina.startup.Catalina.start Server startup in [1106] milliseconds
26-May-2026 20:43:09.204 INFORMACIÓN [Thread-1] org.apache.coyote.AbstractProtocol.pause Pausing ProtocolHandler ["http-nio-8080"]
26-May-2026 20:43:09.207 INFORMACIÓN [Thread-1] org.apache.catalina.core.StandardService.stopInternal Parando servicio [Catalina]
26-May-2026 20:43:09.215 INFORMACIÓN [Thread-1] org.apache.coyote.AbstractProtocol.stop Stopping ProtocolHandler ["http-nio-8080"]
26-May-2026 20:43:09.218 INFORMACIÓN [Thread-1] org.apache.coyote.AbstractProtocol.destroy Destroying ProtocolHandler ["http-nio-8080"]
26-May-2026 20:43:10.392 INFORMACIÓN [main] org.apache.catalina.startup.VersionLoggerListener.log Nombre de la versión del servidor: Apache Tomcat/9.0.117
26-May-2026 20:43:10.395 INFORMACIÓN [main] org.apache.catalina.startup.VersionLoggerListener.log Server built:                      Mar 30 2026 18:21:16 UTC
26-May-2026 20:43:10.395 INFORMACIÓN [main] org.apache.catalina.startup.VersionLoggerListener.log Número de versión de servidor:     9.0.117.0
26-May-2026 20:43:10.395 INFORMACIÓN [main] org.apache.catalina.startup.VersionLoggerListener.log OS Name:                           Windows 11
26-May-2026 20:43:10.395 INFORMACIÓN [main] org.apache.catalina.startup.VersionLoggerListener.log Versión de Systema Operativo:      10.0
26-May-2026 20:43:10.395 INFORMACIÓN [main] org.apache.catalina.startup.VersionLoggerListener.log Arquitectura:                      amd64
26-May-2026 20:43:10.395 INFORMACIÓN [main] org.apache.catalina.startup.VersionLoggerListener.log Java Home:                         C:\Users\cetme\.jdks\ms-25.0.3
26-May-2026 20:43:10.395 INFORMACIÓN [main] org.apache.catalina.startup.VersionLoggerListener.log JVM Version:                       25.0.3+9-LTS
26-May-2026 20:43:10.396 INFORMACIÓN [main] org.apache.catalina.startup.VersionLoggerListener.log Vededor JVM:                       Microsoft
26-May-2026 20:43:10.396 INFORMACIÓN [main] org.apache.catalina.startup.VersionLoggerListener.log CATALINA_BASE:                     G:\IntelliJ\eventosProyecto
26-May-2026 20:43:10.396 INFORMACIÓN [main] org.apache.catalina.startup.VersionLoggerListener.log CATALINA_HOME:                     G:\IntelliJ\Tomcat\apache-tomcat-9.0.117-20260522T151456Z-3-001\apache-tomcat-9.0.117
26-May-2026 20:43:10.410 INFORMACIÓN [main] org.apache.catalina.startup.VersionLoggerListener.log Command line argument:             --add-opens=java.base/java.lang=ALL-UNNAMED
26-May-2026 20:43:10.410 INFORMACIÓN [main] org.apache.catalina.startup.VersionLoggerListener.log Command line argument:             --add-opens=java.base/java.io=ALL-UNNAMED
26-May-2026 20:43:10.410 INFORMACIÓN [main] org.apache.catalina.startup.VersionLoggerListener.log Command line argument:             --add-opens=java.base/java.util=ALL-UNNAMED
26-May-2026 20:43:10.410 INFORMACIÓN [main] org.apache.catalina.startup.VersionLoggerListener.log Command line argument:             --add-opens=java.base/java.util.concurrent=ALL-UNNAMED
26-May-2026 20:43:10.410 INFORMACIÓN [main] org.apache.catalina.startup.VersionLoggerListener.log Command line argument:             --add-opens=java.rmi/sun.rmi.transport=ALL-UNNAMED
26-May-2026 20:43:10.410 INFORMACIÓN [main] org.apache.catalina.startup.VersionLoggerListener.log Command line argument:             -Dcatalina.home=G:\IntelliJ\Tomcat\apache-tomcat-9.0.117-20260522T151456Z-3-001\apache-tomcat-9.0.117
26-May-2026 20:43:10.410 INFORMACIÓN [main] org.apache.catalina.startup.VersionLoggerListener.log Command line argument:             -Dcatalina.base=G:\IntelliJ\eventosProyecto
26-May-2026 20:43:10.410 INFORMACIÓN [main] org.apache.catalina.startup.VersionLoggerListener.log Command line argument:             -Djava.io.tmpdir=G:\IntelliJ\eventosProyecto\temp
26-May-2026 20:43:10.411 INFORMACIÓN [main] org.apache.catalina.startup.VersionLoggerListener.log Command line argument:             -Djava.util.logging.config.file=G:\IntelliJ\eventosProyecto\conf\logging.properties
26-May-2026 20:43:10.411 INFORMACIÓN [main] org.apache.catalina.startup.VersionLoggerListener.log Command line argument:             -Djava.util.logging.manager=org.apache.juli.ClassLoaderLogManager
26-May-2026 20:43:10.411 INFORMACIÓN [main] org.apache.catalina.startup.VersionLoggerListener.log Command line argument:             -javaagent:G:\IntelliJ\IntelliJ IDEA 2026.1.2\lib\idea_rt.jar=64832
26-May-2026 20:43:10.411 INFORMACIÓN [main] org.apache.catalina.startup.VersionLoggerListener.log Command line argument:             -Dfile.encoding=UTF-8
26-May-2026 20:43:10.411 INFORMACIÓN [main] org.apache.catalina.startup.VersionLoggerListener.log Command line argument:             -Dsun.stdout.encoding=UTF-8
26-May-2026 20:43:10.411 INFORMACIÓN [main] org.apache.catalina.startup.VersionLoggerListener.log Command line argument:             -Dsun.stderr.encoding=UTF-8
26-May-2026 20:43:10.416 INFORMACIÓN [main] org.apache.catalina.core.AprLifecycleListener.lifecycleEvent Cargada la biblioteca nativa APR de Apache Tomcat [1.3.7] con la versión APR [1.7.6].
26-May-2026 20:43:10.416 INFORMACIÓN [main] org.apache.catalina.core.AprLifecycleListener.lifecycleEvent Capacidades APR: IPv6 [true], enviar fichero [true], aceptar filtros [false], aleatorio [true], UDS [true].
26-May-2026 20:43:10.416 INFORMACIÓN [main] org.apache.catalina.core.AprLifecycleListener.lifecycleEvent APR/OpenSSL configuration: useAprConnector [false], useOpenSSL [true]
26-May-2026 20:43:10.423 INFORMACIÓN [main] org.apache.catalina.core.AprLifecycleListener.initializeSSL OpenSSL inicializado correctamente [OpenSSL 3.0.19 27 Jan 2026]
26-May-2026 20:43:10.657 INFORMACIÓN [main] org.apache.coyote.AbstractProtocol.init Inicializando el manejador de protocolo ["http-nio-8080"]

26-May-2026 20:43:10.671 INFORMACIÓN [main] org.apache.catalina.startup.Catalina.load Server initialization in [432] milliseconds
26-May-2026 20:43:10.704 INFORMACIÓN [main] org.apache.catalina.core.StandardService.startInternal Arrancando servicio [Catalina]
26-May-2026 20:43:10.704 INFORMACIÓN [main] org.apache.catalina.core.StandardEngine.startInternal Starting Servlet engine: [Apache Tomcat/9.0.117]
26-May-2026 20:43:10.712 INFORMACIÓN [main] org.apache.catalina.startup.HostConfig.deployDescriptor Desplieque del descriptor de configuración [G:\IntelliJ\eventosProyecto\conf\Catalina\localhost\eventosProyecto.xml]
26-May-2026 20:43:11.612 INFORMACIÓN [main] org.apache.jasper.servlet.TldScanner.scanJars Al menos un JAR, que se ha explorado buscando TLDs, aún no contenía TLDs. Activar historial de depuración para este historiador para una completa lista de los JARs que fueron explorados y de los que nos se halló TLDs. Saltarse JARs no necesarios durante la exploración puede dar lugar a una mejora de tiempo significativa en el arranque y compilación de JSP .
26-May-2026 20:43:11.706 INFORMACIÓN [main] org.apache.catalina.startup.HostConfig.deployDescriptor Deployment of deployment descriptor [G:\IntelliJ\eventosProyecto\conf\Catalina\localhost\eventosProyecto.xml] has finished in [990] ms
26-May-2026 20:43:11.707 INFORMACIÓN [main] org.apache.catalina.startup.HostConfig.deployDirectory Desplegando el directorio [G:\IntelliJ\eventosProyecto\webapps\conf] de la aplicación web
26-May-2026 20:43:11.724 INFORMACIÓN [main] org.apache.catalina.startup.HostConfig.deployDirectory Deployment of web application directory [G:\IntelliJ\eventosProyecto\webapps\conf] has finished in [17] ms
26-May-2026 20:43:11.724 INFORMACIÓN [main] org.apache.catalina.startup.HostConfig.deployDirectory Desplegando el directorio [G:\IntelliJ\eventosProyecto\webapps\logs] de la aplicación web
26-May-2026 20:43:11.741 INFORMACIÓN [main] org.apache.catalina.startup.HostConfig.deployDirectory Deployment of web application directory [G:\IntelliJ\eventosProyecto\webapps\logs] has finished in [17] ms
26-May-2026 20:43:11.744 INFORMACIÓN [main] org.apache.coyote.AbstractProtocol.start Starting ProtocolHandler ["http-nio-8080"]
26-May-2026 20:43:11.761 INFORMACIÓN [main] org.apache.catalina.startup.Catalina.start Server startup in [1088] milliseconds
26-May-2026 20:47:24.772 INFORMACIÓN [Thread-1] org.apache.coyote.AbstractProtocol.pause Pausing ProtocolHandler ["http-nio-8080"]
26-May-2026 20:47:24.775 INFORMACIÓN [Thread-1] org.apache.catalina.core.StandardService.stopInternal Parando servicio [Catalina]
26-May-2026 20:47:24.778 ADVERTENCIA [Thread-1] org.apache.catalina.loader.WebappClassLoaderBase.clearReferencesJdbc La aplicación web [eventosProyecto] registró el conductor JDBC [com.mysql.cj.jdbc.Driver] pero falló al anular el registro mientras la aplicación web estaba parada. Para prevenir un fallo de memoria, se ha anulado el registro del conductor JDBC por la fuerza.
26-May-2026 20:47:24.778 ADVERTENCIA [Thread-1] org.apache.catalina.loader.WebappClassLoaderBase.clearReferencesThreads The web application [eventosProyecto] appears to have started a thread named [mysql-cj-abandoned-connection-cleanup] but has failed to stop it. This is very likely to create a memory leak. Stack trace of thread:
 java.base/java.lang.Object.wait0(Native Method)
 java.base/java.lang.Object.wait(Object.java:389)
 java.base/java.lang.ref.ReferenceQueue.remove0(ReferenceQueue.java:123)
 java.base/java.lang.ref.ReferenceQueue.remove(ReferenceQueue.java:201)
 com.mysql.cj.jdbc.AbandonedConnectionCleanupThread.run(AbandonedConnectionCleanupThread.java:91)
 java.base/java.util.concurrent.ThreadPoolExecutor.runWorker(ThreadPoolExecutor.java:1090)
 java.base/java.util.concurrent.ThreadPoolExecutor$Worker.run(ThreadPoolExecutor.java:614)
 java.base/java.lang.Thread.run(Thread.java:1474)
26-May-2026 20:47:24.783 INFORMACIÓN [Thread-1] org.apache.coyote.AbstractProtocol.stop Stopping ProtocolHandler ["http-nio-8080"]
26-May-2026 20:47:24.785 INFORMACIÓN [Thread-1] org.apache.coyote.AbstractProtocol.destroy Destroying ProtocolHandler ["http-nio-8080"]
26-May-2026 20:47:26.924 INFORMACIÓN [main] org.apache.catalina.startup.VersionLoggerListener.log Nombre de la versión del servidor: Apache Tomcat/9.0.117
26-May-2026 20:47:26.926 INFORMACIÓN [main] org.apache.catalina.startup.VersionLoggerListener.log Server built:                      Mar 30 2026 18:21:16 UTC
26-May-2026 20:47:26.926 INFORMACIÓN [main] org.apache.catalina.startup.VersionLoggerListener.log Número de versión de servidor:     9.0.117.0
26-May-2026 20:47:26.926 INFORMACIÓN [main] org.apache.catalina.startup.VersionLoggerListener.log OS Name:                           Windows 11
26-May-2026 20:47:26.927 INFORMACIÓN [main] org.apache.catalina.startup.VersionLoggerListener.log Versión de Systema Operativo:      10.0
26-May-2026 20:47:26.927 INFORMACIÓN [main] org.apache.catalina.startup.VersionLoggerListener.log Arquitectura:                      amd64
26-May-2026 20:47:26.927 INFORMACIÓN [main] org.apache.catalina.startup.VersionLoggerListener.log Java Home:                         C:\Users\cetme\.jdks\ms-25.0.3
26-May-2026 20:47:26.927 INFORMACIÓN [main] org.apache.catalina.startup.VersionLoggerListener.log JVM Version:                       25.0.3+9-LTS
26-May-2026 20:47:26.927 INFORMACIÓN [main] org.apache.catalina.startup.VersionLoggerListener.log Vededor JVM:                       Microsoft
26-May-2026 20:47:26.927 INFORMACIÓN [main] org.apache.catalina.startup.VersionLoggerListener.log CATALINA_BASE:                     G:\IntelliJ\eventosProyecto
26-May-2026 20:47:26.927 INFORMACIÓN [main] org.apache.catalina.startup.VersionLoggerListener.log CATALINA_HOME:                     G:\IntelliJ\Tomcat\apache-tomcat-9.0.117-20260522T151456Z-3-001\apache-tomcat-9.0.117
26-May-2026 20:47:26.937 INFORMACIÓN [main] org.apache.catalina.startup.VersionLoggerListener.log Command line argument:             --add-opens=java.base/java.lang=ALL-UNNAMED
26-May-2026 20:47:26.937 INFORMACIÓN [main] org.apache.catalina.startup.VersionLoggerListener.log Command line argument:             --add-opens=java.base/java.io=ALL-UNNAMED
26-May-2026 20:47:26.937 INFORMACIÓN [main] org.apache.catalina.startup.VersionLoggerListener.log Command line argument:             --add-opens=java.base/java.util=ALL-UNNAMED
26-May-2026 20:47:26.937 INFORMACIÓN [main] org.apache.catalina.startup.VersionLoggerListener.log Command line argument:             --add-opens=java.base/java.util.concurrent=ALL-UNNAMED
26-May-2026 20:47:26.937 INFORMACIÓN [main] org.apache.catalina.startup.VersionLoggerListener.log Command line argument:             --add-opens=java.rmi/sun.rmi.transport=ALL-UNNAMED
26-May-2026 20:47:26.937 INFORMACIÓN [main] org.apache.catalina.startup.VersionLoggerListener.log Command line argument:             -Dcatalina.home=G:\IntelliJ\Tomcat\apache-tomcat-9.0.117-20260522T151456Z-3-001\apache-tomcat-9.0.117
26-May-2026 20:47:26.937 INFORMACIÓN [main] org.apache.catalina.startup.VersionLoggerListener.log Command line argument:             -Dcatalina.base=G:\IntelliJ\eventosProyecto
26-May-2026 20:47:26.938 INFORMACIÓN [main] org.apache.catalina.startup.VersionLoggerListener.log Command line argument:             -Djava.io.tmpdir=G:\IntelliJ\eventosProyecto\temp
26-May-2026 20:47:26.938 INFORMACIÓN [main] org.apache.catalina.startup.VersionLoggerListener.log Command line argument:             -Djava.util.logging.config.file=G:\IntelliJ\eventosProyecto\conf\logging.properties
26-May-2026 20:47:26.938 INFORMACIÓN [main] org.apache.catalina.startup.VersionLoggerListener.log Command line argument:             -Djava.util.logging.manager=org.apache.juli.ClassLoaderLogManager
26-May-2026 20:47:26.938 INFORMACIÓN [main] org.apache.catalina.startup.VersionLoggerListener.log Command line argument:             -javaagent:G:\IntelliJ\IntelliJ IDEA 2026.1.2\lib\idea_rt.jar=60099
26-May-2026 20:47:26.938 INFORMACIÓN [main] org.apache.catalina.startup.VersionLoggerListener.log Command line argument:             -Dfile.encoding=UTF-8
26-May-2026 20:47:26.938 INFORMACIÓN [main] org.apache.catalina.startup.VersionLoggerListener.log Command line argument:             -Dsun.stdout.encoding=UTF-8
26-May-2026 20:47:26.938 INFORMACIÓN [main] org.apache.catalina.startup.VersionLoggerListener.log Command line argument:             -Dsun.stderr.encoding=UTF-8
26-May-2026 20:47:27.057 INFORMACIÓN [main] org.apache.catalina.core.AprLifecycleListener.lifecycleEvent Cargada la biblioteca nativa APR de Apache Tomcat [1.3.7] con la versión APR [1.7.6].
26-May-2026 20:47:27.057 INFORMACIÓN [main] org.apache.catalina.core.AprLifecycleListener.lifecycleEvent Capacidades APR: IPv6 [true], enviar fichero [true], aceptar filtros [false], aleatorio [true], UDS [true].
26-May-2026 20:47:27.057 INFORMACIÓN [main] org.apache.catalina.core.AprLifecycleListener.lifecycleEvent APR/OpenSSL configuration: useAprConnector [false], useOpenSSL [true]
26-May-2026 20:47:27.063 INFORMACIÓN [main] org.apache.catalina.core.AprLifecycleListener.initializeSSL OpenSSL inicializado correctamente [OpenSSL 3.0.19 27 Jan 2026]
26-May-2026 20:47:27.284 INFORMACIÓN [main] org.apache.coyote.AbstractProtocol.init Inicializando el manejador de protocolo ["http-nio-8080"]

26-May-2026 20:47:27.296 INFORMACIÓN [main] org.apache.catalina.startup.Catalina.load Server initialization in [506] milliseconds
26-May-2026 20:47:27.326 INFORMACIÓN [main] org.apache.catalina.core.StandardService.startInternal Arrancando servicio [Catalina]
26-May-2026 20:47:27.326 INFORMACIÓN [main] org.apache.catalina.core.StandardEngine.startInternal Starting Servlet engine: [Apache Tomcat/9.0.117]
26-May-2026 20:47:27.347 INFORMACIÓN [main] org.apache.catalina.startup.HostConfig.deployDescriptor Desplieque del descriptor de configuración [G:\IntelliJ\eventosProyecto\conf\Catalina\localhost\eventosProyecto.xml]
26-May-2026 20:47:28.282 INFORMACIÓN [main] org.apache.jasper.servlet.TldScanner.scanJars Al menos un JAR, que se ha explorado buscando TLDs, aún no contenía TLDs. Activar historial de depuración para este historiador para una completa lista de los JARs que fueron explorados y de los que nos se halló TLDs. Saltarse JARs no necesarios durante la exploración puede dar lugar a una mejora de tiempo significativa en el arranque y compilación de JSP .
26-May-2026 20:47:28.378 INFORMACIÓN [main] org.apache.catalina.startup.HostConfig.deployDescriptor Deployment of deployment descriptor [G:\IntelliJ\eventosProyecto\conf\Catalina\localhost\eventosProyecto.xml] has finished in [1.027] ms
26-May-2026 20:47:28.378 INFORMACIÓN [main] org.apache.catalina.startup.HostConfig.deployDirectory Desplegando el directorio [G:\IntelliJ\eventosProyecto\webapps\conf] de la aplicación web
26-May-2026 20:47:28.395 INFORMACIÓN [main] org.apache.catalina.startup.HostConfig.deployDirectory Deployment of web application directory [G:\IntelliJ\eventosProyecto\webapps\conf] has finished in [17] ms
26-May-2026 20:47:28.396 INFORMACIÓN [main] org.apache.catalina.startup.HostConfig.deployDirectory Desplegando el directorio [G:\IntelliJ\eventosProyecto\webapps\logs] de la aplicación web
26-May-2026 20:47:28.412 INFORMACIÓN [main] org.apache.catalina.startup.HostConfig.deployDirectory Deployment of web application directory [G:\IntelliJ\eventosProyecto\webapps\logs] has finished in [17] ms
26-May-2026 20:47:28.415 INFORMACIÓN [main] org.apache.coyote.AbstractProtocol.start Starting ProtocolHandler ["http-nio-8080"]
26-May-2026 20:47:28.434 INFORMACIÓN [main] org.apache.catalina.startup.Catalina.start Server startup in [1137] milliseconds
26-May-2026 20:47:39.624 INFORMACIÓN [Thread-1] org.apache.coyote.AbstractProtocol.pause Pausing ProtocolHandler ["http-nio-8080"]
26-May-2026 20:47:39.629 INFORMACIÓN [Thread-1] org.apache.catalina.core.StandardService.stopInternal Parando servicio [Catalina]
26-May-2026 20:47:39.637 INFORMACIÓN [Thread-1] org.apache.coyote.AbstractProtocol.stop Stopping ProtocolHandler ["http-nio-8080"]
26-May-2026 20:47:39.639 INFORMACIÓN [Thread-1] org.apache.coyote.AbstractProtocol.destroy Destroying ProtocolHandler ["http-nio-8080"]
26-May-2026 20:47:41.767 INFORMACIÓN [main] org.apache.catalina.startup.VersionLoggerListener.log Nombre de la versión del servidor: Apache Tomcat/9.0.117
26-May-2026 20:47:41.769 INFORMACIÓN [main] org.apache.catalina.startup.VersionLoggerListener.log Server built:                      Mar 30 2026 18:21:16 UTC
26-May-2026 20:47:41.769 INFORMACIÓN [main] org.apache.catalina.startup.VersionLoggerListener.log Número de versión de servidor:     9.0.117.0
26-May-2026 20:47:41.770 INFORMACIÓN [main] org.apache.catalina.startup.VersionLoggerListener.log OS Name:                           Windows 11
26-May-2026 20:47:41.770 INFORMACIÓN [main] org.apache.catalina.startup.VersionLoggerListener.log Versión de Systema Operativo:      10.0
26-May-2026 20:47:41.770 INFORMACIÓN [main] org.apache.catalina.startup.VersionLoggerListener.log Arquitectura:                      amd64
26-May-2026 20:47:41.770 INFORMACIÓN [main] org.apache.catalina.startup.VersionLoggerListener.log Java Home:                         C:\Users\cetme\.jdks\ms-25.0.3
26-May-2026 20:47:41.770 INFORMACIÓN [main] org.apache.catalina.startup.VersionLoggerListener.log JVM Version:                       25.0.3+9-LTS
26-May-2026 20:47:41.770 INFORMACIÓN [main] org.apache.catalina.startup.VersionLoggerListener.log Vededor JVM:                       Microsoft
26-May-2026 20:47:41.770 INFORMACIÓN [main] org.apache.catalina.startup.VersionLoggerListener.log CATALINA_BASE:                     G:\IntelliJ\eventosProyecto
26-May-2026 20:47:41.770 INFORMACIÓN [main] org.apache.catalina.startup.VersionLoggerListener.log CATALINA_HOME:                     G:\IntelliJ\Tomcat\apache-tomcat-9.0.117-20260522T151456Z-3-001\apache-tomcat-9.0.117
26-May-2026 20:47:41.780 INFORMACIÓN [main] org.apache.catalina.startup.VersionLoggerListener.log Command line argument:             --add-opens=java.base/java.lang=ALL-UNNAMED
26-May-2026 20:47:41.781 INFORMACIÓN [main] org.apache.catalina.startup.VersionLoggerListener.log Command line argument:             --add-opens=java.base/java.io=ALL-UNNAMED
26-May-2026 20:47:41.781 INFORMACIÓN [main] org.apache.catalina.startup.VersionLoggerListener.log Command line argument:             --add-opens=java.base/java.util=ALL-UNNAMED
26-May-2026 20:47:41.781 INFORMACIÓN [main] org.apache.catalina.startup.VersionLoggerListener.log Command line argument:             --add-opens=java.base/java.util.concurrent=ALL-UNNAMED
26-May-2026 20:47:41.781 INFORMACIÓN [main] org.apache.catalina.startup.VersionLoggerListener.log Command line argument:             --add-opens=java.rmi/sun.rmi.transport=ALL-UNNAMED
26-May-2026 20:47:41.781 INFORMACIÓN [main] org.apache.catalina.startup.VersionLoggerListener.log Command line argument:             -Dcatalina.home=G:\IntelliJ\Tomcat\apache-tomcat-9.0.117-20260522T151456Z-3-001\apache-tomcat-9.0.117
26-May-2026 20:47:41.781 INFORMACIÓN [main] org.apache.catalina.startup.VersionLoggerListener.log Command line argument:             -Dcatalina.base=G:\IntelliJ\eventosProyecto
26-May-2026 20:47:41.781 INFORMACIÓN [main] org.apache.catalina.startup.VersionLoggerListener.log Command line argument:             -Djava.io.tmpdir=G:\IntelliJ\eventosProyecto\temp
26-May-2026 20:47:41.781 INFORMACIÓN [main] org.apache.catalina.startup.VersionLoggerListener.log Command line argument:             -Djava.util.logging.config.file=G:\IntelliJ\eventosProyecto\conf\logging.properties
26-May-2026 20:47:41.781 INFORMACIÓN [main] org.apache.catalina.startup.VersionLoggerListener.log Command line argument:             -Djava.util.logging.manager=org.apache.juli.ClassLoaderLogManager
26-May-2026 20:47:41.781 INFORMACIÓN [main] org.apache.catalina.startup.VersionLoggerListener.log Command line argument:             -javaagent:G:\IntelliJ\IntelliJ IDEA 2026.1.2\lib\idea_rt.jar=60108
26-May-2026 20:47:41.781 INFORMACIÓN [main] org.apache.catalina.startup.VersionLoggerListener.log Command line argument:             -Dfile.encoding=UTF-8
26-May-2026 20:47:41.781 INFORMACIÓN [main] org.apache.catalina.startup.VersionLoggerListener.log Command line argument:             -Dsun.stdout.encoding=UTF-8
26-May-2026 20:47:41.781 INFORMACIÓN [main] org.apache.catalina.startup.VersionLoggerListener.log Command line argument:             -Dsun.stderr.encoding=UTF-8
26-May-2026 20:47:41.788 INFORMACIÓN [main] org.apache.catalina.core.AprLifecycleListener.lifecycleEvent Cargada la biblioteca nativa APR de Apache Tomcat [1.3.7] con la versión APR [1.7.6].
26-May-2026 20:47:41.789 INFORMACIÓN [main] org.apache.catalina.core.AprLifecycleListener.lifecycleEvent Capacidades APR: IPv6 [true], enviar fichero [true], aceptar filtros [false], aleatorio [true], UDS [true].
26-May-2026 20:47:41.789 INFORMACIÓN [main] org.apache.catalina.core.AprLifecycleListener.lifecycleEvent APR/OpenSSL configuration: useAprConnector [false], useOpenSSL [true]
26-May-2026 20:47:41.796 INFORMACIÓN [main] org.apache.catalina.core.AprLifecycleListener.initializeSSL OpenSSL inicializado correctamente [OpenSSL 3.0.19 27 Jan 2026]
26-May-2026 20:47:42.015 INFORMACIÓN [main] org.apache.coyote.AbstractProtocol.init Inicializando el manejador de protocolo ["http-nio-8080"]

26-May-2026 20:47:42.030 INFORMACIÓN [main] org.apache.catalina.startup.Catalina.load Server initialization in [398] milliseconds
26-May-2026 20:47:42.064 INFORMACIÓN [main] org.apache.catalina.core.StandardService.startInternal Arrancando servicio [Catalina]
26-May-2026 20:47:42.064 INFORMACIÓN [main] org.apache.catalina.core.StandardEngine.startInternal Starting Servlet engine: [Apache Tomcat/9.0.117]
26-May-2026 20:47:42.072 INFORMACIÓN [main] org.apache.catalina.startup.HostConfig.deployDescriptor Desplieque del descriptor de configuración [G:\IntelliJ\eventosProyecto\conf\Catalina\localhost\eventosProyecto.xml]
26-May-2026 20:47:42.992 INFORMACIÓN [main] org.apache.jasper.servlet.TldScanner.scanJars Al menos un JAR, que se ha explorado buscando TLDs, aún no contenía TLDs. Activar historial de depuración para este historiador para una completa lista de los JARs que fueron explorados y de los que nos se halló TLDs. Saltarse JARs no necesarios durante la exploración puede dar lugar a una mejora de tiempo significativa en el arranque y compilación de JSP .
26-May-2026 20:47:43.081 INFORMACIÓN [main] org.apache.catalina.startup.HostConfig.deployDescriptor Deployment of deployment descriptor [G:\IntelliJ\eventosProyecto\conf\Catalina\localhost\eventosProyecto.xml] has finished in [1.006] ms
26-May-2026 20:47:43.081 INFORMACIÓN [main] org.apache.catalina.startup.HostConfig.deployDirectory Desplegando el directorio [G:\IntelliJ\eventosProyecto\webapps\conf] de la aplicación web
26-May-2026 20:47:43.099 INFORMACIÓN [main] org.apache.catalina.startup.HostConfig.deployDirectory Deployment of web application directory [G:\IntelliJ\eventosProyecto\webapps\conf] has finished in [18] ms
26-May-2026 20:47:43.099 INFORMACIÓN [main] org.apache.catalina.startup.HostConfig.deployDirectory Desplegando el directorio [G:\IntelliJ\eventosProyecto\webapps\logs] de la aplicación web
26-May-2026 20:47:43.115 INFORMACIÓN [main] org.apache.catalina.startup.HostConfig.deployDirectory Deployment of web application directory [G:\IntelliJ\eventosProyecto\webapps\logs] has finished in [16] ms
26-May-2026 20:47:43.117 INFORMACIÓN [main] org.apache.coyote.AbstractProtocol.start Starting ProtocolHandler ["http-nio-8080"]
26-May-2026 20:47:43.135 INFORMACIÓN [main] org.apache.catalina.startup.Catalina.start Server startup in [1102] milliseconds
26-May-2026 20:48:13.824 INFORMACIÓN [Thread-1] org.apache.coyote.AbstractProtocol.pause Pausing ProtocolHandler ["http-nio-8080"]
26-May-2026 20:48:13.827 INFORMACIÓN [Thread-1] org.apache.catalina.core.StandardService.stopInternal Parando servicio [Catalina]
26-May-2026 20:48:13.830 ADVERTENCIA [Thread-1] org.apache.catalina.loader.WebappClassLoaderBase.clearReferencesJdbc La aplicación web [eventosProyecto] registró el conductor JDBC [com.mysql.cj.jdbc.Driver] pero falló al anular el registro mientras la aplicación web estaba parada. Para prevenir un fallo de memoria, se ha anulado el registro del conductor JDBC por la fuerza.
26-May-2026 20:48:13.830 ADVERTENCIA [Thread-1] org.apache.catalina.loader.WebappClassLoaderBase.clearReferencesThreads The web application [eventosProyecto] appears to have started a thread named [mysql-cj-abandoned-connection-cleanup] but has failed to stop it. This is very likely to create a memory leak. Stack trace of thread:
 java.base/java.lang.Object.wait0(Native Method)
 java.base/java.lang.Object.wait(Object.java:389)
 java.base/java.lang.ref.ReferenceQueue.remove0(ReferenceQueue.java:123)
 java.base/java.lang.ref.ReferenceQueue.remove(ReferenceQueue.java:201)
 com.mysql.cj.jdbc.AbandonedConnectionCleanupThread.run(AbandonedConnectionCleanupThread.java:91)
 java.base/java.util.concurrent.ThreadPoolExecutor.runWorker(ThreadPoolExecutor.java:1090)
 java.base/java.util.concurrent.ThreadPoolExecutor$Worker.run(ThreadPoolExecutor.java:614)
 java.base/java.lang.Thread.run(Thread.java:1474)
26-May-2026 20:48:13.836 INFORMACIÓN [Thread-1] org.apache.coyote.AbstractProtocol.stop Stopping ProtocolHandler ["http-nio-8080"]
26-May-2026 20:48:13.839 INFORMACIÓN [Thread-1] org.apache.coyote.AbstractProtocol.destroy Destroying ProtocolHandler ["http-nio-8080"]
26-May-2026 20:48:15.909 INFORMACIÓN [main] org.apache.catalina.startup.VersionLoggerListener.log Nombre de la versión del servidor: Apache Tomcat/9.0.117
26-May-2026 20:48:15.912 INFORMACIÓN [main] org.apache.catalina.startup.VersionLoggerListener.log Server built:                      Mar 30 2026 18:21:16 UTC
26-May-2026 20:48:15.912 INFORMACIÓN [main] org.apache.catalina.startup.VersionLoggerListener.log Número de versión de servidor:     9.0.117.0
26-May-2026 20:48:15.912 INFORMACIÓN [main] org.apache.catalina.startup.VersionLoggerListener.log OS Name:                           Windows 11
26-May-2026 20:48:15.912 INFORMACIÓN [main] org.apache.catalina.startup.VersionLoggerListener.log Versión de Systema Operativo:      10.0
26-May-2026 20:48:15.913 INFORMACIÓN [main] org.apache.catalina.startup.VersionLoggerListener.log Arquitectura:                      amd64
26-May-2026 20:48:15.913 INFORMACIÓN [main] org.apache.catalina.startup.VersionLoggerListener.log Java Home:                         C:\Users\cetme\.jdks\ms-25.0.3
26-May-2026 20:48:15.913 INFORMACIÓN [main] org.apache.catalina.startup.VersionLoggerListener.log JVM Version:                       25.0.3+9-LTS
26-May-2026 20:48:15.913 INFORMACIÓN [main] org.apache.catalina.startup.VersionLoggerListener.log Vededor JVM:                       Microsoft
26-May-2026 20:48:15.913 INFORMACIÓN [main] org.apache.catalina.startup.VersionLoggerListener.log CATALINA_BASE:                     G:\IntelliJ\eventosProyecto
26-May-2026 20:48:15.913 INFORMACIÓN [main] org.apache.catalina.startup.VersionLoggerListener.log CATALINA_HOME:                     G:\IntelliJ\Tomcat\apache-tomcat-9.0.117-20260522T151456Z-3-001\apache-tomcat-9.0.117
26-May-2026 20:48:15.923 INFORMACIÓN [main] org.apache.catalina.startup.VersionLoggerListener.log Command line argument:             --add-opens=java.base/java.lang=ALL-UNNAMED
26-May-2026 20:48:15.924 INFORMACIÓN [main] org.apache.catalina.startup.VersionLoggerListener.log Command line argument:             --add-opens=java.base/java.io=ALL-UNNAMED
26-May-2026 20:48:15.924 INFORMACIÓN [main] org.apache.catalina.startup.VersionLoggerListener.log Command line argument:             --add-opens=java.base/java.util=ALL-UNNAMED
26-May-2026 20:48:15.924 INFORMACIÓN [main] org.apache.catalina.startup.VersionLoggerListener.log Command line argument:             --add-opens=java.base/java.util.concurrent=ALL-UNNAMED
26-May-2026 20:48:15.924 INFORMACIÓN [main] org.apache.catalina.startup.VersionLoggerListener.log Command line argument:             --add-opens=java.rmi/sun.rmi.transport=ALL-UNNAMED
26-May-2026 20:48:15.924 INFORMACIÓN [main] org.apache.catalina.startup.VersionLoggerListener.log Command line argument:             -Dcatalina.home=G:\IntelliJ\Tomcat\apache-tomcat-9.0.117-20260522T151456Z-3-001\apache-tomcat-9.0.117
26-May-2026 20:48:15.924 INFORMACIÓN [main] org.apache.catalina.startup.VersionLoggerListener.log Command line argument:             -Dcatalina.base=G:\IntelliJ\eventosProyecto
26-May-2026 20:48:15.924 INFORMACIÓN [main] org.apache.catalina.startup.VersionLoggerListener.log Command line argument:             -Djava.io.tmpdir=G:\IntelliJ\eventosProyecto\temp
26-May-2026 20:48:15.924 INFORMACIÓN [main] org.apache.catalina.startup.VersionLoggerListener.log Command line argument:             -Djava.util.logging.config.file=G:\IntelliJ\eventosProyecto\conf\logging.properties
26-May-2026 20:48:15.924 INFORMACIÓN [main] org.apache.catalina.startup.VersionLoggerListener.log Command line argument:             -Djava.util.logging.manager=org.apache.juli.ClassLoaderLogManager
26-May-2026 20:48:15.925 INFORMACIÓN [main] org.apache.catalina.startup.VersionLoggerListener.log Command line argument:             -javaagent:G:\IntelliJ\IntelliJ IDEA 2026.1.2\lib\idea_rt.jar=50184
26-May-2026 20:48:15.925 INFORMACIÓN [main] org.apache.catalina.startup.VersionLoggerListener.log Command line argument:             -Dfile.encoding=UTF-8
26-May-2026 20:48:15.925 INFORMACIÓN [main] org.apache.catalina.startup.VersionLoggerListener.log Command line argument:             -Dsun.stdout.encoding=UTF-8
26-May-2026 20:48:15.925 INFORMACIÓN [main] org.apache.catalina.startup.VersionLoggerListener.log Command line argument:             -Dsun.stderr.encoding=UTF-8
26-May-2026 20:48:15.930 INFORMACIÓN [main] org.apache.catalina.core.AprLifecycleListener.lifecycleEvent Cargada la biblioteca nativa APR de Apache Tomcat [1.3.7] con la versión APR [1.7.6].
26-May-2026 20:48:15.930 INFORMACIÓN [main] org.apache.catalina.core.AprLifecycleListener.lifecycleEvent Capacidades APR: IPv6 [true], enviar fichero [true], aceptar filtros [false], aleatorio [true], UDS [true].
26-May-2026 20:48:15.930 INFORMACIÓN [main] org.apache.catalina.core.AprLifecycleListener.lifecycleEvent APR/OpenSSL configuration: useAprConnector [false], useOpenSSL [true]
26-May-2026 20:48:15.937 INFORMACIÓN [main] org.apache.catalina.core.AprLifecycleListener.initializeSSL OpenSSL inicializado correctamente [OpenSSL 3.0.19 27 Jan 2026]
26-May-2026 20:48:16.148 INFORMACIÓN [main] org.apache.coyote.AbstractProtocol.init Inicializando el manejador de protocolo ["http-nio-8080"]

26-May-2026 20:48:16.161 INFORMACIÓN [main] org.apache.catalina.startup.Catalina.load Server initialization in [389] milliseconds
26-May-2026 20:48:16.198 INFORMACIÓN [main] org.apache.catalina.core.StandardService.startInternal Arrancando servicio [Catalina]
26-May-2026 20:48:16.199 INFORMACIÓN [main] org.apache.catalina.core.StandardEngine.startInternal Starting Servlet engine: [Apache Tomcat/9.0.117]
26-May-2026 20:48:16.207 INFORMACIÓN [main] org.apache.catalina.startup.HostConfig.deployDescriptor Desplieque del descriptor de configuración [G:\IntelliJ\eventosProyecto\conf\Catalina\localhost\eventosProyecto.xml]
26-May-2026 20:48:17.128 INFORMACIÓN [main] org.apache.jasper.servlet.TldScanner.scanJars Al menos un JAR, que se ha explorado buscando TLDs, aún no contenía TLDs. Activar historial de depuración para este historiador para una completa lista de los JARs que fueron explorados y de los que nos se halló TLDs. Saltarse JARs no necesarios durante la exploración puede dar lugar a una mejora de tiempo significativa en el arranque y compilación de JSP .
26-May-2026 20:48:17.220 INFORMACIÓN [main] org.apache.catalina.startup.HostConfig.deployDescriptor Deployment of deployment descriptor [G:\IntelliJ\eventosProyecto\conf\Catalina\localhost\eventosProyecto.xml] has finished in [1.010] ms
26-May-2026 20:48:17.220 INFORMACIÓN [main] org.apache.catalina.startup.HostConfig.deployDirectory Desplegando el directorio [G:\IntelliJ\eventosProyecto\webapps\conf] de la aplicación web
26-May-2026 20:48:17.238 INFORMACIÓN [main] org.apache.catalina.startup.HostConfig.deployDirectory Deployment of web application directory [G:\IntelliJ\eventosProyecto\webapps\conf] has finished in [18] ms
26-May-2026 20:48:17.238 INFORMACIÓN [main] org.apache.catalina.startup.HostConfig.deployDirectory Desplegando el directorio [G:\IntelliJ\eventosProyecto\webapps\logs] de la aplicación web
26-May-2026 20:48:17.253 INFORMACIÓN [main] org.apache.catalina.startup.HostConfig.deployDirectory Deployment of web application directory [G:\IntelliJ\eventosProyecto\webapps\logs] has finished in [15] ms
26-May-2026 20:48:17.256 INFORMACIÓN [main] org.apache.coyote.AbstractProtocol.start Starting ProtocolHandler ["http-nio-8080"]
26-May-2026 20:48:17.275 INFORMACIÓN [main] org.apache.catalina.startup.Catalina.start Server startup in [1112] milliseconds
26-May-2026 20:51:41.189 INFORMACIÓN [Thread-1] org.apache.coyote.AbstractProtocol.pause Pausing ProtocolHandler ["http-nio-8080"]
26-May-2026 20:51:41.193 INFORMACIÓN [Thread-1] org.apache.catalina.core.StandardService.stopInternal Parando servicio [Catalina]
26-May-2026 20:51:41.196 ADVERTENCIA [Thread-1] org.apache.catalina.loader.WebappClassLoaderBase.clearReferencesJdbc La aplicación web [eventosProyecto] registró el conductor JDBC [com.mysql.cj.jdbc.Driver] pero falló al anular el registro mientras la aplicación web estaba parada. Para prevenir un fallo de memoria, se ha anulado el registro del conductor JDBC por la fuerza.
26-May-2026 20:51:41.196 ADVERTENCIA [Thread-1] org.apache.catalina.loader.WebappClassLoaderBase.clearReferencesThreads The web application [eventosProyecto] appears to have started a thread named [mysql-cj-abandoned-connection-cleanup] but has failed to stop it. This is very likely to create a memory leak. Stack trace of thread:
 java.base/java.lang.Object.wait0(Native Method)
 java.base/java.lang.Object.wait(Object.java:389)
 java.base/java.lang.ref.ReferenceQueue.remove0(ReferenceQueue.java:123)
 java.base/java.lang.ref.ReferenceQueue.remove(ReferenceQueue.java:201)
 com.mysql.cj.jdbc.AbandonedConnectionCleanupThread.run(AbandonedConnectionCleanupThread.java:91)
 java.base/java.util.concurrent.ThreadPoolExecutor.runWorker(ThreadPoolExecutor.java:1090)
 java.base/java.util.concurrent.ThreadPoolExecutor$Worker.run(ThreadPoolExecutor.java:614)
 java.base/java.lang.Thread.run(Thread.java:1474)
26-May-2026 20:51:41.202 INFORMACIÓN [Thread-1] org.apache.coyote.AbstractProtocol.stop Stopping ProtocolHandler ["http-nio-8080"]
26-May-2026 20:51:41.204 INFORMACIÓN [Thread-1] org.apache.coyote.AbstractProtocol.destroy Destroying ProtocolHandler ["http-nio-8080"]
26-May-2026 20:51:43.258 INFORMACIÓN [main] org.apache.catalina.startup.VersionLoggerListener.log Nombre de la versión del servidor: Apache Tomcat/9.0.117
26-May-2026 20:51:43.261 INFORMACIÓN [main] org.apache.catalina.startup.VersionLoggerListener.log Server built:                      Mar 30 2026 18:21:16 UTC
26-May-2026 20:51:43.261 INFORMACIÓN [main] org.apache.catalina.startup.VersionLoggerListener.log Número de versión de servidor:     9.0.117.0
26-May-2026 20:51:43.261 INFORMACIÓN [main] org.apache.catalina.startup.VersionLoggerListener.log OS Name:                           Windows 11
26-May-2026 20:51:43.261 INFORMACIÓN [main] org.apache.catalina.startup.VersionLoggerListener.log Versión de Systema Operativo:      10.0
26-May-2026 20:51:43.261 INFORMACIÓN [main] org.apache.catalina.startup.VersionLoggerListener.log Arquitectura:                      amd64
26-May-2026 20:51:43.262 INFORMACIÓN [main] org.apache.catalina.startup.VersionLoggerListener.log Java Home:                         C:\Users\cetme\.jdks\ms-25.0.3
26-May-2026 20:51:43.262 INFORMACIÓN [main] org.apache.catalina.startup.VersionLoggerListener.log JVM Version:                       25.0.3+9-LTS
26-May-2026 20:51:43.262 INFORMACIÓN [main] org.apache.catalina.startup.VersionLoggerListener.log Vededor JVM:                       Microsoft
26-May-2026 20:51:43.262 INFORMACIÓN [main] org.apache.catalina.startup.VersionLoggerListener.log CATALINA_BASE:                     G:\IntelliJ\eventosProyecto
26-May-2026 20:51:43.262 INFORMACIÓN [main] org.apache.catalina.startup.VersionLoggerListener.log CATALINA_HOME:                     G:\IntelliJ\Tomcat\apache-tomcat-9.0.117-20260522T151456Z-3-001\apache-tomcat-9.0.117
26-May-2026 20:51:43.272 INFORMACIÓN [main] org.apache.catalina.startup.VersionLoggerListener.log Command line argument:             --add-opens=java.base/java.lang=ALL-UNNAMED
26-May-2026 20:51:43.272 INFORMACIÓN [main] org.apache.catalina.startup.VersionLoggerListener.log Command line argument:             --add-opens=java.base/java.io=ALL-UNNAMED
26-May-2026 20:51:43.272 INFORMACIÓN [main] org.apache.catalina.startup.VersionLoggerListener.log Command line argument:             --add-opens=java.base/java.util=ALL-UNNAMED
26-May-2026 20:51:43.272 INFORMACIÓN [main] org.apache.catalina.startup.VersionLoggerListener.log Command line argument:             --add-opens=java.base/java.util.concurrent=ALL-UNNAMED
26-May-2026 20:51:43.272 INFORMACIÓN [main] org.apache.catalina.startup.VersionLoggerListener.log Command line argument:             --add-opens=java.rmi/sun.rmi.transport=ALL-UNNAMED
26-May-2026 20:51:43.272 INFORMACIÓN [main] org.apache.catalina.startup.VersionLoggerListener.log Command line argument:             -Dcatalina.home=G:\IntelliJ\Tomcat\apache-tomcat-9.0.117-20260522T151456Z-3-001\apache-tomcat-9.0.117
26-May-2026 20:51:43.272 INFORMACIÓN [main] org.apache.catalina.startup.VersionLoggerListener.log Command line argument:             -Dcatalina.base=G:\IntelliJ\eventosProyecto
26-May-2026 20:51:43.272 INFORMACIÓN [main] org.apache.catalina.startup.VersionLoggerListener.log Command line argument:             -Djava.io.tmpdir=G:\IntelliJ\eventosProyecto\temp
26-May-2026 20:51:43.272 INFORMACIÓN [main] org.apache.catalina.startup.VersionLoggerListener.log Command line argument:             -Djava.util.logging.config.file=G:\IntelliJ\eventosProyecto\conf\logging.properties
26-May-2026 20:51:43.272 INFORMACIÓN [main] org.apache.catalina.startup.VersionLoggerListener.log Command line argument:             -Djava.util.logging.manager=org.apache.juli.ClassLoaderLogManager
26-May-2026 20:51:43.273 INFORMACIÓN [main] org.apache.catalina.startup.VersionLoggerListener.log Command line argument:             -javaagent:G:\IntelliJ\IntelliJ IDEA 2026.1.2\lib\idea_rt.jar=63997
26-May-2026 20:51:43.273 INFORMACIÓN [main] org.apache.catalina.startup.VersionLoggerListener.log Command line argument:             -Dfile.encoding=UTF-8
26-May-2026 20:51:43.273 INFORMACIÓN [main] org.apache.catalina.startup.VersionLoggerListener.log Command line argument:             -Dsun.stdout.encoding=UTF-8
26-May-2026 20:51:43.273 INFORMACIÓN [main] org.apache.catalina.startup.VersionLoggerListener.log Command line argument:             -Dsun.stderr.encoding=UTF-8
26-May-2026 20:51:43.279 INFORMACIÓN [main] org.apache.catalina.core.AprLifecycleListener.lifecycleEvent Cargada la biblioteca nativa APR de Apache Tomcat [1.3.7] con la versión APR [1.7.6].
26-May-2026 20:51:43.279 INFORMACIÓN [main] org.apache.catalina.core.AprLifecycleListener.lifecycleEvent Capacidades APR: IPv6 [true], enviar fichero [true], aceptar filtros [false], aleatorio [true], UDS [true].
26-May-2026 20:51:43.279 INFORMACIÓN [main] org.apache.catalina.core.AprLifecycleListener.lifecycleEvent APR/OpenSSL configuration: useAprConnector [false], useOpenSSL [true]
26-May-2026 20:51:43.285 INFORMACIÓN [main] org.apache.catalina.core.AprLifecycleListener.initializeSSL OpenSSL inicializado correctamente [OpenSSL 3.0.19 27 Jan 2026]
26-May-2026 20:51:43.507 INFORMACIÓN [main] org.apache.coyote.AbstractProtocol.init Inicializando el manejador de protocolo ["http-nio-8080"]

26-May-2026 20:51:43.522 INFORMACIÓN [main] org.apache.catalina.startup.Catalina.load Server initialization in [396] milliseconds
26-May-2026 20:51:43.553 INFORMACIÓN [main] org.apache.catalina.core.StandardService.startInternal Arrancando servicio [Catalina]
26-May-2026 20:51:43.554 INFORMACIÓN [main] org.apache.catalina.core.StandardEngine.startInternal Starting Servlet engine: [Apache Tomcat/9.0.117]
26-May-2026 20:51:43.562 INFORMACIÓN [main] org.apache.catalina.startup.HostConfig.deployDescriptor Desplieque del descriptor de configuración [G:\IntelliJ\eventosProyecto\conf\Catalina\localhost\eventosProyecto.xml]
26-May-2026 20:51:44.499 INFORMACIÓN [main] org.apache.jasper.servlet.TldScanner.scanJars Al menos un JAR, que se ha explorado buscando TLDs, aún no contenía TLDs. Activar historial de depuración para este historiador para una completa lista de los JARs que fueron explorados y de los que nos se halló TLDs. Saltarse JARs no necesarios durante la exploración puede dar lugar a una mejora de tiempo significativa en el arranque y compilación de JSP .
26-May-2026 20:51:44.592 INFORMACIÓN [main] org.apache.catalina.startup.HostConfig.deployDescriptor Deployment of deployment descriptor [G:\IntelliJ\eventosProyecto\conf\Catalina\localhost\eventosProyecto.xml] has finished in [1.027] ms
26-May-2026 20:51:44.593 INFORMACIÓN [main] org.apache.catalina.startup.HostConfig.deployDirectory Desplegando el directorio [G:\IntelliJ\eventosProyecto\webapps\conf] de la aplicación web
26-May-2026 20:51:44.611 INFORMACIÓN [main] org.apache.catalina.startup.HostConfig.deployDirectory Deployment of web application directory [G:\IntelliJ\eventosProyecto\webapps\conf] has finished in [17] ms
26-May-2026 20:51:44.611 INFORMACIÓN [main] org.apache.catalina.startup.HostConfig.deployDirectory Desplegando el directorio [G:\IntelliJ\eventosProyecto\webapps\logs] de la aplicación web
26-May-2026 20:51:44.628 INFORMACIÓN [main] org.apache.catalina.startup.HostConfig.deployDirectory Deployment of web application directory [G:\IntelliJ\eventosProyecto\webapps\logs] has finished in [17] ms
26-May-2026 20:51:44.630 INFORMACIÓN [main] org.apache.coyote.AbstractProtocol.start Starting ProtocolHandler ["http-nio-8080"]
26-May-2026 20:51:44.648 INFORMACIÓN [main] org.apache.catalina.startup.Catalina.start Server startup in [1124] milliseconds
26-May-2026 20:52:44.412 INFORMACIÓN [Thread-1] org.apache.coyote.AbstractProtocol.pause Pausing ProtocolHandler ["http-nio-8080"]
26-May-2026 20:52:44.417 INFORMACIÓN [Thread-1] org.apache.catalina.core.StandardService.stopInternal Parando servicio [Catalina]
26-May-2026 20:52:44.426 ADVERTENCIA [Thread-1] org.apache.catalina.loader.WebappClassLoaderBase.clearReferencesJdbc La aplicación web [eventosProyecto] registró el conductor JDBC [com.mysql.cj.jdbc.Driver] pero falló al anular el registro mientras la aplicación web estaba parada. Para prevenir un fallo de memoria, se ha anulado el registro del conductor JDBC por la fuerza.
26-May-2026 20:52:44.426 ADVERTENCIA [Thread-1] org.apache.catalina.loader.WebappClassLoaderBase.clearReferencesThreads The web application [eventosProyecto] appears to have started a thread named [mysql-cj-abandoned-connection-cleanup] but has failed to stop it. This is very likely to create a memory leak. Stack trace of thread:
 java.base/java.lang.Object.wait0(Native Method)
 java.base/java.lang.Object.wait(Object.java:389)
 java.base/java.lang.ref.ReferenceQueue.remove0(ReferenceQueue.java:123)
 java.base/java.lang.ref.ReferenceQueue.remove(ReferenceQueue.java:201)
 com.mysql.cj.jdbc.AbandonedConnectionCleanupThread.run(AbandonedConnectionCleanupThread.java:91)
 java.base/java.util.concurrent.ThreadPoolExecutor.runWorker(ThreadPoolExecutor.java:1090)
 java.base/java.util.concurrent.ThreadPoolExecutor$Worker.run(ThreadPoolExecutor.java:614)
 java.base/java.lang.Thread.run(Thread.java:1474)
26-May-2026 20:52:44.431 INFORMACIÓN [Thread-1] org.apache.coyote.AbstractProtocol.stop Stopping ProtocolHandler ["http-nio-8080"]
26-May-2026 20:52:44.441 INFORMACIÓN [Thread-1] org.apache.coyote.AbstractProtocol.destroy Destroying ProtocolHandler ["http-nio-8080"]
26-May-2026 20:52:45.771 INFORMACIÓN [main] org.apache.catalina.startup.VersionLoggerListener.log Nombre de la versión del servidor: Apache Tomcat/9.0.117
26-May-2026 20:52:45.774 INFORMACIÓN [main] org.apache.catalina.startup.VersionLoggerListener.log Server built:                      Mar 30 2026 18:21:16 UTC
26-May-2026 20:52:45.774 INFORMACIÓN [main] org.apache.catalina.startup.VersionLoggerListener.log Número de versión de servidor:     9.0.117.0
26-May-2026 20:52:45.774 INFORMACIÓN [main] org.apache.catalina.startup.VersionLoggerListener.log OS Name:                           Windows 11
26-May-2026 20:52:45.774 INFORMACIÓN [main] org.apache.catalina.startup.VersionLoggerListener.log Versión de Systema Operativo:      10.0
26-May-2026 20:52:45.774 INFORMACIÓN [main] org.apache.catalina.startup.VersionLoggerListener.log Arquitectura:                      amd64
26-May-2026 20:52:45.774 INFORMACIÓN [main] org.apache.catalina.startup.VersionLoggerListener.log Java Home:                         C:\Users\cetme\.jdks\ms-25.0.3
26-May-2026 20:52:45.774 INFORMACIÓN [main] org.apache.catalina.startup.VersionLoggerListener.log JVM Version:                       25.0.3+9-LTS
26-May-2026 20:52:45.774 INFORMACIÓN [main] org.apache.catalina.startup.VersionLoggerListener.log Vededor JVM:                       Microsoft
26-May-2026 20:52:45.774 INFORMACIÓN [main] org.apache.catalina.startup.VersionLoggerListener.log CATALINA_BASE:                     G:\IntelliJ\eventosProyecto
26-May-2026 20:52:45.774 INFORMACIÓN [main] org.apache.catalina.startup.VersionLoggerListener.log CATALINA_HOME:                     G:\IntelliJ\Tomcat\apache-tomcat-9.0.117-20260522T151456Z-3-001\apache-tomcat-9.0.117
26-May-2026 20:52:45.788 INFORMACIÓN [main] org.apache.catalina.startup.VersionLoggerListener.log Command line argument:             --add-opens=java.base/java.lang=ALL-UNNAMED
26-May-2026 20:52:45.788 INFORMACIÓN [main] org.apache.catalina.startup.VersionLoggerListener.log Command line argument:             --add-opens=java.base/java.io=ALL-UNNAMED
26-May-2026 20:52:45.788 INFORMACIÓN [main] org.apache.catalina.startup.VersionLoggerListener.log Command line argument:             --add-opens=java.base/java.util=ALL-UNNAMED
26-May-2026 20:52:45.788 INFORMACIÓN [main] org.apache.catalina.startup.VersionLoggerListener.log Command line argument:             --add-opens=java.base/java.util.concurrent=ALL-UNNAMED
26-May-2026 20:52:45.788 INFORMACIÓN [main] org.apache.catalina.startup.VersionLoggerListener.log Command line argument:             --add-opens=java.rmi/sun.rmi.transport=ALL-UNNAMED
26-May-2026 20:52:45.788 INFORMACIÓN [main] org.apache.catalina.startup.VersionLoggerListener.log Command line argument:             -Dcatalina.home=G:\IntelliJ\Tomcat\apache-tomcat-9.0.117-20260522T151456Z-3-001\apache-tomcat-9.0.117
26-May-2026 20:52:45.788 INFORMACIÓN [main] org.apache.catalina.startup.VersionLoggerListener.log Command line argument:             -Dcatalina.base=G:\IntelliJ\eventosProyecto
26-May-2026 20:52:45.788 INFORMACIÓN [main] org.apache.catalina.startup.VersionLoggerListener.log Command line argument:             -Djava.io.tmpdir=G:\IntelliJ\eventosProyecto\temp
26-May-2026 20:52:45.789 INFORMACIÓN [main] org.apache.catalina.startup.VersionLoggerListener.log Command line argument:             -Djava.util.logging.config.file=G:\IntelliJ\eventosProyecto\conf\logging.properties
26-May-2026 20:52:45.789 INFORMACIÓN [main] org.apache.catalina.startup.VersionLoggerListener.log Command line argument:             -Djava.util.logging.manager=org.apache.juli.ClassLoaderLogManager
26-May-2026 20:52:45.789 INFORMACIÓN [main] org.apache.catalina.startup.VersionLoggerListener.log Command line argument:             -javaagent:G:\IntelliJ\IntelliJ IDEA 2026.1.2\lib\idea_rt.jar=56190
26-May-2026 20:52:45.789 INFORMACIÓN [main] org.apache.catalina.startup.VersionLoggerListener.log Command line argument:             -Dfile.encoding=UTF-8
26-May-2026 20:52:45.789 INFORMACIÓN [main] org.apache.catalina.startup.VersionLoggerListener.log Command line argument:             -Dsun.stdout.encoding=UTF-8
26-May-2026 20:52:45.789 INFORMACIÓN [main] org.apache.catalina.startup.VersionLoggerListener.log Command line argument:             -Dsun.stderr.encoding=UTF-8
26-May-2026 20:52:45.796 INFORMACIÓN [main] org.apache.catalina.core.AprLifecycleListener.lifecycleEvent Cargada la biblioteca nativa APR de Apache Tomcat [1.3.7] con la versión APR [1.7.6].
26-May-2026 20:52:45.796 INFORMACIÓN [main] org.apache.catalina.core.AprLifecycleListener.lifecycleEvent Capacidades APR: IPv6 [true], enviar fichero [true], aceptar filtros [false], aleatorio [true], UDS [true].
26-May-2026 20:52:45.796 INFORMACIÓN [main] org.apache.catalina.core.AprLifecycleListener.lifecycleEvent APR/OpenSSL configuration: useAprConnector [false], useOpenSSL [true]
26-May-2026 20:52:45.805 INFORMACIÓN [main] org.apache.catalina.core.AprLifecycleListener.initializeSSL OpenSSL inicializado correctamente [OpenSSL 3.0.19 27 Jan 2026]
26-May-2026 20:52:46.055 INFORMACIÓN [main] org.apache.coyote.AbstractProtocol.init Inicializando el manejador de protocolo ["http-nio-8080"]

26-May-2026 20:52:46.071 INFORMACIÓN [main] org.apache.catalina.startup.Catalina.load Server initialization in [508] milliseconds
26-May-2026 20:52:46.102 INFORMACIÓN [main] org.apache.catalina.core.StandardService.startInternal Arrancando servicio [Catalina]
26-May-2026 20:52:46.102 INFORMACIÓN [main] org.apache.catalina.core.StandardEngine.startInternal Starting Servlet engine: [Apache Tomcat/9.0.117]
26-May-2026 20:52:46.109 INFORMACIÓN [main] org.apache.catalina.startup.HostConfig.deployDescriptor Desplieque del descriptor de configuración [G:\IntelliJ\eventosProyecto\conf\Catalina\localhost\eventosProyecto.xml]
26-May-2026 20:52:47.023 INFORMACIÓN [main] org.apache.jasper.servlet.TldScanner.scanJars Al menos un JAR, que se ha explorado buscando TLDs, aún no contenía TLDs. Activar historial de depuración para este historiador para una completa lista de los JARs que fueron explorados y de los que nos se halló TLDs. Saltarse JARs no necesarios durante la exploración puede dar lugar a una mejora de tiempo significativa en el arranque y compilación de JSP .
26-May-2026 20:52:47.126 INFORMACIÓN [main] org.apache.catalina.startup.HostConfig.deployDescriptor Deployment of deployment descriptor [G:\IntelliJ\eventosProyecto\conf\Catalina\localhost\eventosProyecto.xml] has finished in [1.014] ms
26-May-2026 20:52:47.127 INFORMACIÓN [main] org.apache.catalina.startup.HostConfig.deployDirectory Desplegando el directorio [G:\IntelliJ\eventosProyecto\webapps\conf] de la aplicación web
26-May-2026 20:52:47.145 INFORMACIÓN [main] org.apache.catalina.startup.HostConfig.deployDirectory Deployment of web application directory [G:\IntelliJ\eventosProyecto\webapps\conf] has finished in [18] ms
26-May-2026 20:52:47.145 INFORMACIÓN [main] org.apache.catalina.startup.HostConfig.deployDirectory Desplegando el directorio [G:\IntelliJ\eventosProyecto\webapps\logs] de la aplicación web
26-May-2026 20:52:47.162 INFORMACIÓN [main] org.apache.catalina.startup.HostConfig.deployDirectory Deployment of web application directory [G:\IntelliJ\eventosProyecto\webapps\logs] has finished in [16] ms
26-May-2026 20:52:47.164 INFORMACIÓN [main] org.apache.coyote.AbstractProtocol.start Starting ProtocolHandler ["http-nio-8080"]
26-May-2026 20:52:47.182 INFORMACIÓN [main] org.apache.catalina.startup.Catalina.start Server startup in [1110] milliseconds
26-May-2026 20:53:42.538 INFORMACIÓN [Thread-1] org.apache.coyote.AbstractProtocol.pause Pausing ProtocolHandler ["http-nio-8080"]
26-May-2026 20:53:42.543 INFORMACIÓN [Thread-1] org.apache.catalina.core.StandardService.stopInternal Parando servicio [Catalina]
26-May-2026 20:53:42.548 ADVERTENCIA [Thread-1] org.apache.catalina.loader.WebappClassLoaderBase.clearReferencesJdbc La aplicación web [eventosProyecto] registró el conductor JDBC [com.mysql.cj.jdbc.Driver] pero falló al anular el registro mientras la aplicación web estaba parada. Para prevenir un fallo de memoria, se ha anulado el registro del conductor JDBC por la fuerza.
26-May-2026 20:53:42.548 ADVERTENCIA [Thread-1] org.apache.catalina.loader.WebappClassLoaderBase.clearReferencesThreads The web application [eventosProyecto] appears to have started a thread named [mysql-cj-abandoned-connection-cleanup] but has failed to stop it. This is very likely to create a memory leak. Stack trace of thread:
 java.base/java.lang.Object.wait0(Native Method)
 java.base/java.lang.Object.wait(Object.java:389)
 java.base/java.lang.ref.ReferenceQueue.remove0(ReferenceQueue.java:123)
 java.base/java.lang.ref.ReferenceQueue.remove(ReferenceQueue.java:201)
 com.mysql.cj.jdbc.AbandonedConnectionCleanupThread.run(AbandonedConnectionCleanupThread.java:91)
 java.base/java.util.concurrent.ThreadPoolExecutor.runWorker(ThreadPoolExecutor.java:1090)
 java.base/java.util.concurrent.ThreadPoolExecutor$Worker.run(ThreadPoolExecutor.java:614)
 java.base/java.lang.Thread.run(Thread.java:1474)
26-May-2026 20:53:42.554 INFORMACIÓN [Thread-1] org.apache.coyote.AbstractProtocol.stop Stopping ProtocolHandler ["http-nio-8080"]
26-May-2026 20:53:42.557 INFORMACIÓN [Thread-1] org.apache.coyote.AbstractProtocol.destroy Destroying ProtocolHandler ["http-nio-8080"]
