28-May-2026 09:14:22.105 INFO [main] org.apache.catalina.startup.VersionLoggerListener.log Nombre de la versión del servidor: Apache Tomcat/9.0.117
28-May-2026 09:14:22.112 INFO [main] org.apache.catalina.startup.VersionLoggerListener.log Server built:                      Mar 30 2026 18:21:16 UTC
28-May-2026 09:14:22.113 INFO [main] org.apache.catalina.startup.VersionLoggerListener.log Número de versión de servidor:     9.0.117.0
28-May-2026 09:14:22.113 INFO [main] org.apache.catalina.startup.VersionLoggerListener.log OS Name:                           Windows 11
28-May-2026 09:14:22.114 INFO [main] org.apache.catalina.startup.VersionLoggerListener.log Versión de Systema Operativo:      10.0
28-May-2026 09:14:22.114 INFO [main] org.apache.catalina.startup.VersionLoggerListener.log Arquitectura:                      amd64
28-May-2026 09:14:22.115 INFO [main] org.apache.catalina.startup.VersionLoggerListener.log Java Home:                         C:\Users\Juanm\.jdks\openjdk-25.0.2
28-May-2026 09:14:22.115 INFO [main] org.apache.catalina.startup.VersionLoggerListener.log JVM Version:                       25.0.2+10-69
28-May-2026 09:14:22.115 INFO [main] org.apache.catalina.startup.VersionLoggerListener.log Vededor JVM:                       Oracle Corporation
28-May-2026 09:14:22.116 INFO [main] org.apache.catalina.startup.VersionLoggerListener.log CATALINA_BASE:                     C:\Users\Juanm\IdeaProjects\eventosProyecto\webapps
28-May-2026 09:14:22.116 INFO [main] org.apache.catalina.startup.VersionLoggerListener.log CATALINA_HOME:                     C:\apache-tomcat-9.0.117
28-May-2026 09:14:22.142 INFO [main] org.apache.catalina.startup.VersionLoggerListener.log Command line argument:             --add-opens=java.base/java.lang=ALL-UNNAMED
28-May-2026 09:14:22.143 INFO [main] org.apache.catalina.startup.VersionLoggerListener.log Command line argument:             --add-opens=java.base/java.io=ALL-UNNAMED
28-May-2026 09:14:22.143 INFO [main] org.apache.catalina.startup.VersionLoggerListener.log Command line argument:             --add-opens=java.base/java.util=ALL-UNNAMED
28-May-2026 09:14:22.144 INFO [main] org.apache.catalina.startup.VersionLoggerListener.log Command line argument:             --add-opens=java.base/java.util.concurrent=ALL-UNNAMED
28-May-2026 09:14:22.144 INFO [main] org.apache.catalina.startup.VersionLoggerListener.log Command line argument:             --add-opens=java.rmi/sun.rmi.transport=ALL-UNNAMED
28-May-2026 09:14:22.145 INFO [main] org.apache.catalina.startup.VersionLoggerListener.log Command line argument:             -Dcatalina.home=C:\apache-tomcat-9.0.117
28-May-2026 09:14:22.145 INFO [main] org.apache.catalina.startup.VersionLoggerListener.log Command line argument:             -Dcatalina.base=C:\Users\Juanm\IdeaProjects\eventosProyecto\webapps
28-May-2026 09:14:22.146 INFO [main] org.apache.catalina.startup.VersionLoggerListener.log Command line argument:             -Djava.io.tmpdir=C:\Users\Juanm\IdeaProjects\eventosProyecto\webapps\temp
28-May-2026 09:14:22.146 INFO [main] org.apache.catalina.startup.VersionLoggerListener.log Command line argument:             -Djava.util.logging.config.file=C:\Users\Juanm\IdeaProjects\eventosProyecto\webapps\conf\logging.properties
28-May-2026 09:14:22.146 INFO [main] org.apache.catalina.startup.VersionLoggerListener.log Command line argument:             -Djava.util.logging.manager=org.apache.juli.ClassLoaderLogManager
28-May-2026 09:14:22.147 INFO [main] org.apache.catalina.startup.VersionLoggerListener.log Command line argument:             -javaagent:C:\Program Files\JetBrains\IntelliJ IDEA 2025.3\lib\idea_rt.jar=60718
28-May-2026 09:14:22.147 INFO [main] org.apache.catalina.startup.VersionLoggerListener.log Command line argument:             -Dfile.encoding=UTF-8
28-May-2026 09:14:22.147 INFO [main] org.apache.catalina.startup.VersionLoggerListener.log Command line argument:             -Dsun.stdout.encoding=UTF-8
28-May-2026 09:14:22.147 INFO [main] org.apache.catalina.startup.VersionLoggerListener.log Command line argument:             -Dsun.stderr.encoding=UTF-8
28-May-2026 09:14:22.994 INFO [main] org.apache.catalina.core.AprLifecycleListener.lifecycleEvent Cargada la biblioteca nativa APR de Apache Tomcat [1.3.7] con la versión APR [1.7.6].
28-May-2026 09:14:22.994 INFO [main] org.apache.catalina.core.AprLifecycleListener.lifecycleEvent Capacidades APR: IPv6 [true], enviar fichero [true], aceptar filtros [false], aleatorio [true], UDS [true].
28-May-2026 09:14:22.995 INFO [main] org.apache.catalina.core.AprLifecycleListener.lifecycleEvent APR/OpenSSL configuration: useAprConnector [false], useOpenSSL [true]
28-May-2026 09:14:23.019 INFO [main] org.apache.catalina.core.AprLifecycleListener.initializeSSL OpenSSL inicializado correctamente [OpenSSL 3.0.19 27 Jan 2026]
28-May-2026 09:14:23.875 INFO [main] org.apache.coyote.AbstractProtocol.init Inicializando el manejador de protocolo ["http-nio-8080"]

28-May-2026 09:14:23.928 INFO [main] org.apache.catalina.startup.Catalina.load Server initialization in [2486] milliseconds
28-May-2026 09:14:24.135 INFO [main] org.apache.catalina.core.StandardService.startInternal Arrancando servicio [Catalina]
28-May-2026 09:14:24.137 INFO [main] org.apache.catalina.core.StandardEngine.startInternal Starting Servlet engine: [Apache Tomcat/9.0.117]
28-May-2026 09:14:24.175 INFO [main] org.apache.catalina.startup.HostConfig.deployDescriptor Desplieque del descriptor de configuración [C:\Users\Juanm\IdeaProjects\eventosProyecto\webapps\conf\Catalina\localhost\eventosProyecto.xml]
28-May-2026 09:14:30.464 INFO [main] org.apache.jasper.servlet.TldScanner.scanJars Al menos un JAR, que se ha explorado buscando TLDs, aún no contenía TLDs. Activar historial de depuración para este historiador para una completa lista de los JARs que fueron explorados y de los que nos se halló TLDs. Saltarse JARs no necesarios durante la exploración puede dar lugar a una mejora de tiempo significativa en el arranque y compilación de JSP .
28-May-2026 09:14:31.013 INFO [main] org.apache.catalina.startup.HostConfig.deployDescriptor Deployment of deployment descriptor [C:\Users\Juanm\IdeaProjects\eventosProyecto\webapps\conf\Catalina\localhost\eventosProyecto.xml] has finished in [6.819] ms
28-May-2026 09:14:31.030 INFO [main] org.apache.coyote.AbstractProtocol.start Starting ProtocolHandler ["http-nio-8080"]
28-May-2026 09:14:31.090 INFO [main] org.apache.catalina.startup.Catalina.start Server startup in [7156] milliseconds
28-May-2026 10:14:24.736 INFO [Thread-1] org.apache.coyote.AbstractProtocol.pause Pausing ProtocolHandler ["http-nio-8080"]
28-May-2026 10:14:24.853 INFO [Thread-1] org.apache.catalina.core.StandardService.stopInternal Parando servicio [Catalina]
28-May-2026 10:14:24.977 WARNING [Thread-1] org.apache.catalina.loader.WebappClassLoaderBase.clearReferencesJdbc La aplicación web [eventosProyecto] registró el conductor JDBC [com.mysql.cj.jdbc.Driver] pero falló al anular el registro mientras la aplicación web estaba parada. Para prevenir un fallo de memoria, se ha anulado el registro del conductor JDBC por la fuerza.
28-May-2026 10:14:24.991 WARNING [Thread-1] org.apache.catalina.loader.WebappClassLoaderBase.clearReferencesThreads The web application [eventosProyecto] appears to have started a thread named [mysql-cj-abandoned-connection-cleanup] but has failed to stop it. This is very likely to create a memory leak. Stack trace of thread:
 java.base/java.lang.Object.wait0(Native Method)
 java.base/java.lang.Object.wait(Object.java:389)
 java.base/java.lang.ref.ReferenceQueue.remove0(ReferenceQueue.java:123)
 java.base/java.lang.ref.ReferenceQueue.remove(ReferenceQueue.java:201)
 com.mysql.cj.jdbc.AbandonedConnectionCleanupThread.run(AbandonedConnectionCleanupThread.java:91)
 java.base/java.util.concurrent.ThreadPoolExecutor.runWorker(ThreadPoolExecutor.java:1090)
 java.base/java.util.concurrent.ThreadPoolExecutor$Worker.run(ThreadPoolExecutor.java:614)
 java.base/java.lang.Thread.run(Thread.java:1474)
28-May-2026 10:14:25.064 INFO [Thread-1] org.apache.coyote.AbstractProtocol.stop Stopping ProtocolHandler ["http-nio-8080"]
28-May-2026 10:14:25.093 INFO [Thread-1] org.apache.coyote.AbstractProtocol.destroy Destroying ProtocolHandler ["http-nio-8080"]
28-May-2026 10:55:24.659 INFO [main] org.apache.catalina.startup.VersionLoggerListener.log Nombre de la versión del servidor: Apache Tomcat/9.0.117
28-May-2026 10:55:24.663 INFO [main] org.apache.catalina.startup.VersionLoggerListener.log Server built:                      Mar 30 2026 18:21:16 UTC
28-May-2026 10:55:24.665 INFO [main] org.apache.catalina.startup.VersionLoggerListener.log Número de versión de servidor:     9.0.117.0
28-May-2026 10:55:24.666 INFO [main] org.apache.catalina.startup.VersionLoggerListener.log OS Name:                           Windows 11
28-May-2026 10:55:24.666 INFO [main] org.apache.catalina.startup.VersionLoggerListener.log Versión de Systema Operativo:      10.0
28-May-2026 10:55:24.667 INFO [main] org.apache.catalina.startup.VersionLoggerListener.log Arquitectura:                      amd64
28-May-2026 10:55:24.667 INFO [main] org.apache.catalina.startup.VersionLoggerListener.log Java Home:                         C:\Users\Juanm\.jdks\openjdk-25.0.2
28-May-2026 10:55:24.667 INFO [main] org.apache.catalina.startup.VersionLoggerListener.log JVM Version:                       25.0.2+10-69
28-May-2026 10:55:24.667 INFO [main] org.apache.catalina.startup.VersionLoggerListener.log Vededor JVM:                       Oracle Corporation
28-May-2026 10:55:24.668 INFO [main] org.apache.catalina.startup.VersionLoggerListener.log CATALINA_BASE:                     C:\Users\Juanm\IdeaProjects\eventosProyecto\webapps
28-May-2026 10:55:24.668 INFO [main] org.apache.catalina.startup.VersionLoggerListener.log CATALINA_HOME:                     C:\apache-tomcat-9.0.117
28-May-2026 10:55:24.682 INFO [main] org.apache.catalina.startup.VersionLoggerListener.log Command line argument:             --add-opens=java.base/java.lang=ALL-UNNAMED
28-May-2026 10:55:24.682 INFO [main] org.apache.catalina.startup.VersionLoggerListener.log Command line argument:             --add-opens=java.base/java.io=ALL-UNNAMED
28-May-2026 10:55:24.682 INFO [main] org.apache.catalina.startup.VersionLoggerListener.log Command line argument:             --add-opens=java.base/java.util=ALL-UNNAMED
28-May-2026 10:55:24.682 INFO [main] org.apache.catalina.startup.VersionLoggerListener.log Command line argument:             --add-opens=java.base/java.util.concurrent=ALL-UNNAMED
28-May-2026 10:55:24.682 INFO [main] org.apache.catalina.startup.VersionLoggerListener.log Command line argument:             --add-opens=java.rmi/sun.rmi.transport=ALL-UNNAMED
28-May-2026 10:55:24.682 INFO [main] org.apache.catalina.startup.VersionLoggerListener.log Command line argument:             -Dcatalina.home=C:\apache-tomcat-9.0.117
28-May-2026 10:55:24.682 INFO [main] org.apache.catalina.startup.VersionLoggerListener.log Command line argument:             -Dcatalina.base=C:\Users\Juanm\IdeaProjects\eventosProyecto\webapps
28-May-2026 10:55:24.682 INFO [main] org.apache.catalina.startup.VersionLoggerListener.log Command line argument:             -Djava.io.tmpdir=C:\Users\Juanm\IdeaProjects\eventosProyecto\webapps\temp
28-May-2026 10:55:24.682 INFO [main] org.apache.catalina.startup.VersionLoggerListener.log Command line argument:             -Djava.util.logging.config.file=C:\Users\Juanm\IdeaProjects\eventosProyecto\webapps\conf\logging.properties
28-May-2026 10:55:24.684 INFO [main] org.apache.catalina.startup.VersionLoggerListener.log Command line argument:             -Djava.util.logging.manager=org.apache.juli.ClassLoaderLogManager
28-May-2026 10:55:24.684 INFO [main] org.apache.catalina.startup.VersionLoggerListener.log Command line argument:             -javaagent:C:\Program Files\JetBrains\IntelliJ IDEA 2025.3\lib\idea_rt.jar=52728
28-May-2026 10:55:24.684 INFO [main] org.apache.catalina.startup.VersionLoggerListener.log Command line argument:             -Dfile.encoding=UTF-8
28-May-2026 10:55:24.684 INFO [main] org.apache.catalina.startup.VersionLoggerListener.log Command line argument:             -Dsun.stdout.encoding=UTF-8
28-May-2026 10:55:24.684 INFO [main] org.apache.catalina.startup.VersionLoggerListener.log Command line argument:             -Dsun.stderr.encoding=UTF-8
28-May-2026 10:55:24.696 INFO [main] org.apache.catalina.core.AprLifecycleListener.lifecycleEvent Cargada la biblioteca nativa APR de Apache Tomcat [1.3.7] con la versión APR [1.7.6].
28-May-2026 10:55:24.698 INFO [main] org.apache.catalina.core.AprLifecycleListener.lifecycleEvent Capacidades APR: IPv6 [true], enviar fichero [true], aceptar filtros [false], aleatorio [true], UDS [true].
28-May-2026 10:55:24.698 INFO [main] org.apache.catalina.core.AprLifecycleListener.lifecycleEvent APR/OpenSSL configuration: useAprConnector [false], useOpenSSL [true]
28-May-2026 10:55:24.727 INFO [main] org.apache.catalina.core.AprLifecycleListener.initializeSSL OpenSSL inicializado correctamente [OpenSSL 3.0.19 27 Jan 2026]
28-May-2026 10:55:25.322 INFO [main] org.apache.coyote.AbstractProtocol.init Inicializando el manejador de protocolo ["http-nio-8080"]

28-May-2026 10:55:25.357 INFO [main] org.apache.catalina.startup.Catalina.load Server initialization in [1149] milliseconds
28-May-2026 10:55:25.500 INFO [main] org.apache.catalina.core.StandardService.startInternal Arrancando servicio [Catalina]
28-May-2026 10:55:25.501 INFO [main] org.apache.catalina.core.StandardEngine.startInternal Starting Servlet engine: [Apache Tomcat/9.0.117]
28-May-2026 10:55:25.522 INFO [main] org.apache.catalina.startup.HostConfig.deployDescriptor Desplieque del descriptor de configuración [C:\Users\Juanm\IdeaProjects\eventosProyecto\webapps\conf\Catalina\localhost\eventosProyecto.xml]
28-May-2026 10:55:28.075 INFO [main] org.apache.jasper.servlet.TldScanner.scanJars Al menos un JAR, que se ha explorado buscando TLDs, aún no contenía TLDs. Activar historial de depuración para este historiador para una completa lista de los JARs que fueron explorados y de los que nos se halló TLDs. Saltarse JARs no necesarios durante la exploración puede dar lugar a una mejora de tiempo significativa en el arranque y compilación de JSP .
28-May-2026 10:55:28.340 INFO [main] org.apache.catalina.startup.HostConfig.deployDescriptor Deployment of deployment descriptor [C:\Users\Juanm\IdeaProjects\eventosProyecto\webapps\conf\Catalina\localhost\eventosProyecto.xml] has finished in [2.808] ms
28-May-2026 10:55:28.352 INFO [main] org.apache.coyote.AbstractProtocol.start Starting ProtocolHandler ["http-nio-8080"]
28-May-2026 10:55:28.391 INFO [main] org.apache.catalina.startup.Catalina.start Server startup in [3030] milliseconds
28-May-2026 11:35:18.052 INFO [Thread-1] org.apache.coyote.AbstractProtocol.pause Pausing ProtocolHandler ["http-nio-8080"]
28-May-2026 11:35:18.209 INFO [Thread-1] org.apache.catalina.core.StandardService.stopInternal Parando servicio [Catalina]
28-May-2026 11:35:18.332 WARNING [Thread-1] org.apache.catalina.loader.WebappClassLoaderBase.clearReferencesJdbc La aplicación web [eventosProyecto] registró el conductor JDBC [com.mysql.cj.jdbc.Driver] pero falló al anular el registro mientras la aplicación web estaba parada. Para prevenir un fallo de memoria, se ha anulado el registro del conductor JDBC por la fuerza.
28-May-2026 11:35:18.342 WARNING [Thread-1] org.apache.catalina.loader.WebappClassLoaderBase.clearReferencesThreads The web application [eventosProyecto] appears to have started a thread named [mysql-cj-abandoned-connection-cleanup] but has failed to stop it. This is very likely to create a memory leak. Stack trace of thread:
 java.base/java.lang.Object.wait0(Native Method)
 java.base/java.lang.Object.wait(Object.java:389)
 java.base/java.lang.ref.ReferenceQueue.remove0(ReferenceQueue.java:123)
 java.base/java.lang.ref.ReferenceQueue.remove(ReferenceQueue.java:201)
 com.mysql.cj.jdbc.AbandonedConnectionCleanupThread.run(AbandonedConnectionCleanupThread.java:91)
 java.base/java.util.concurrent.ThreadPoolExecutor.runWorker(ThreadPoolExecutor.java:1090)
 java.base/java.util.concurrent.ThreadPoolExecutor$Worker.run(ThreadPoolExecutor.java:614)
 java.base/java.lang.Thread.run(Thread.java:1474)
28-May-2026 11:35:18.417 INFO [Thread-1] org.apache.coyote.AbstractProtocol.stop Stopping ProtocolHandler ["http-nio-8080"]
28-May-2026 11:35:18.445 INFO [Thread-1] org.apache.coyote.AbstractProtocol.destroy Destroying ProtocolHandler ["http-nio-8080"]
28-May-2026 11:51:02.055 INFO [main] org.apache.catalina.startup.VersionLoggerListener.log Nombre de la versión del servidor: Apache Tomcat/9.0.117
28-May-2026 11:51:02.063 INFO [main] org.apache.catalina.startup.VersionLoggerListener.log Server built:                      Mar 30 2026 18:21:16 UTC
28-May-2026 11:51:02.064 INFO [main] org.apache.catalina.startup.VersionLoggerListener.log Número de versión de servidor:     9.0.117.0
28-May-2026 11:51:02.064 INFO [main] org.apache.catalina.startup.VersionLoggerListener.log OS Name:                           Windows 11
28-May-2026 11:51:02.065 INFO [main] org.apache.catalina.startup.VersionLoggerListener.log Versión de Systema Operativo:      10.0
28-May-2026 11:51:02.065 INFO [main] org.apache.catalina.startup.VersionLoggerListener.log Arquitectura:                      amd64
28-May-2026 11:51:02.065 INFO [main] org.apache.catalina.startup.VersionLoggerListener.log Java Home:                         C:\Users\Juanm\.jdks\openjdk-25.0.2
28-May-2026 11:51:02.065 INFO [main] org.apache.catalina.startup.VersionLoggerListener.log JVM Version:                       25.0.2+10-69
28-May-2026 11:51:02.065 INFO [main] org.apache.catalina.startup.VersionLoggerListener.log Vededor JVM:                       Oracle Corporation
28-May-2026 11:51:02.067 INFO [main] org.apache.catalina.startup.VersionLoggerListener.log CATALINA_BASE:                     C:\Users\Juanm\IdeaProjects\eventosProyecto\webapps
28-May-2026 11:51:02.067 INFO [main] org.apache.catalina.startup.VersionLoggerListener.log CATALINA_HOME:                     C:\apache-tomcat-9.0.117
28-May-2026 11:51:02.085 INFO [main] org.apache.catalina.startup.VersionLoggerListener.log Command line argument:             --add-opens=java.base/java.lang=ALL-UNNAMED
28-May-2026 11:51:02.085 INFO [main] org.apache.catalina.startup.VersionLoggerListener.log Command line argument:             --add-opens=java.base/java.io=ALL-UNNAMED
28-May-2026 11:51:02.085 INFO [main] org.apache.catalina.startup.VersionLoggerListener.log Command line argument:             --add-opens=java.base/java.util=ALL-UNNAMED
28-May-2026 11:51:02.085 INFO [main] org.apache.catalina.startup.VersionLoggerListener.log Command line argument:             --add-opens=java.base/java.util.concurrent=ALL-UNNAMED
28-May-2026 11:51:02.086 INFO [main] org.apache.catalina.startup.VersionLoggerListener.log Command line argument:             --add-opens=java.rmi/sun.rmi.transport=ALL-UNNAMED
28-May-2026 11:51:02.086 INFO [main] org.apache.catalina.startup.VersionLoggerListener.log Command line argument:             -Dcatalina.home=C:\apache-tomcat-9.0.117
28-May-2026 11:51:02.086 INFO [main] org.apache.catalina.startup.VersionLoggerListener.log Command line argument:             -Dcatalina.base=C:\Users\Juanm\IdeaProjects\eventosProyecto\webapps
28-May-2026 11:51:02.086 INFO [main] org.apache.catalina.startup.VersionLoggerListener.log Command line argument:             -Djava.io.tmpdir=C:\Users\Juanm\IdeaProjects\eventosProyecto\webapps\temp
28-May-2026 11:51:02.086 INFO [main] org.apache.catalina.startup.VersionLoggerListener.log Command line argument:             -Djava.util.logging.config.file=C:\Users\Juanm\IdeaProjects\eventosProyecto\webapps\conf\logging.properties
28-May-2026 11:51:02.086 INFO [main] org.apache.catalina.startup.VersionLoggerListener.log Command line argument:             -Djava.util.logging.manager=org.apache.juli.ClassLoaderLogManager
28-May-2026 11:51:02.087 INFO [main] org.apache.catalina.startup.VersionLoggerListener.log Command line argument:             -javaagent:C:\Program Files\JetBrains\IntelliJ IDEA 2025.3\lib\idea_rt.jar=59832
28-May-2026 11:51:02.087 INFO [main] org.apache.catalina.startup.VersionLoggerListener.log Command line argument:             -Dfile.encoding=UTF-8
28-May-2026 11:51:02.087 INFO [main] org.apache.catalina.startup.VersionLoggerListener.log Command line argument:             -Dsun.stdout.encoding=UTF-8
28-May-2026 11:51:02.087 INFO [main] org.apache.catalina.startup.VersionLoggerListener.log Command line argument:             -Dsun.stderr.encoding=UTF-8
28-May-2026 11:51:02.104 INFO [main] org.apache.catalina.core.AprLifecycleListener.lifecycleEvent Cargada la biblioteca nativa APR de Apache Tomcat [1.3.7] con la versión APR [1.7.6].
28-May-2026 11:51:02.104 INFO [main] org.apache.catalina.core.AprLifecycleListener.lifecycleEvent Capacidades APR: IPv6 [true], enviar fichero [true], aceptar filtros [false], aleatorio [true], UDS [true].
28-May-2026 11:51:02.104 INFO [main] org.apache.catalina.core.AprLifecycleListener.lifecycleEvent APR/OpenSSL configuration: useAprConnector [false], useOpenSSL [true]
28-May-2026 11:51:02.154 INFO [main] org.apache.catalina.core.AprLifecycleListener.initializeSSL OpenSSL inicializado correctamente [OpenSSL 3.0.19 27 Jan 2026]
28-May-2026 11:51:03.166 INFO [main] org.apache.coyote.AbstractProtocol.init Inicializando el manejador de protocolo ["http-nio-8080"]

28-May-2026 11:51:03.224 INFO [main] org.apache.catalina.startup.Catalina.load Server initialization in [2007] milliseconds
28-May-2026 11:51:03.420 INFO [main] org.apache.catalina.core.StandardService.startInternal Arrancando servicio [Catalina]
28-May-2026 11:51:03.420 INFO [main] org.apache.catalina.core.StandardEngine.startInternal Starting Servlet engine: [Apache Tomcat/9.0.117]
28-May-2026 11:51:03.439 INFO [main] org.apache.catalina.startup.HostConfig.deployDescriptor Desplieque del descriptor de configuración [C:\Users\Juanm\IdeaProjects\eventosProyecto\webapps\conf\Catalina\localhost\eventosProyecto.xml]
28-May-2026 11:51:09.258 INFO [main] org.apache.jasper.servlet.TldScanner.scanJars Al menos un JAR, que se ha explorado buscando TLDs, aún no contenía TLDs. Activar historial de depuración para este historiador para una completa lista de los JARs que fueron explorados y de los que nos se halló TLDs. Saltarse JARs no necesarios durante la exploración puede dar lugar a una mejora de tiempo significativa en el arranque y compilación de JSP .
28-May-2026 11:51:09.747 INFO [main] org.apache.catalina.startup.HostConfig.deployDescriptor Deployment of deployment descriptor [C:\Users\Juanm\IdeaProjects\eventosProyecto\webapps\conf\Catalina\localhost\eventosProyecto.xml] has finished in [6.290] ms
28-May-2026 11:51:09.765 INFO [main] org.apache.coyote.AbstractProtocol.start Starting ProtocolHandler ["http-nio-8080"]
28-May-2026 11:51:09.832 INFO [main] org.apache.catalina.startup.Catalina.start Server startup in [6606] milliseconds
28-May-2026 12:07:09.201 INFO [Thread-1] org.apache.coyote.AbstractProtocol.pause Pausing ProtocolHandler ["http-nio-8080"]
28-May-2026 12:07:09.290 INFO [Thread-1] org.apache.catalina.core.StandardService.stopInternal Parando servicio [Catalina]
28-May-2026 12:07:09.344 WARNING [Thread-1] org.apache.catalina.loader.WebappClassLoaderBase.clearReferencesJdbc La aplicación web [eventosProyecto] registró el conductor JDBC [com.mysql.cj.jdbc.Driver] pero falló al anular el registro mientras la aplicación web estaba parada. Para prevenir un fallo de memoria, se ha anulado el registro del conductor JDBC por la fuerza.
28-May-2026 12:07:09.347 WARNING [Thread-1] org.apache.catalina.loader.WebappClassLoaderBase.clearReferencesThreads The web application [eventosProyecto] appears to have started a thread named [mysql-cj-abandoned-connection-cleanup] but has failed to stop it. This is very likely to create a memory leak. Stack trace of thread:
 java.base/java.lang.Object.wait0(Native Method)
 java.base/java.lang.Object.wait(Object.java:389)
 java.base/java.lang.ref.ReferenceQueue.remove0(ReferenceQueue.java:123)
 java.base/java.lang.ref.ReferenceQueue.remove(ReferenceQueue.java:201)
 com.mysql.cj.jdbc.AbandonedConnectionCleanupThread.run(AbandonedConnectionCleanupThread.java:91)
 java.base/java.util.concurrent.ThreadPoolExecutor.runWorker(ThreadPoolExecutor.java:1090)
 java.base/java.util.concurrent.ThreadPoolExecutor$Worker.run(ThreadPoolExecutor.java:614)
 java.base/java.lang.Thread.run(Thread.java:1474)
28-May-2026 12:07:09.377 INFO [Thread-1] org.apache.coyote.AbstractProtocol.stop Stopping ProtocolHandler ["http-nio-8080"]
28-May-2026 12:07:09.397 INFO [Thread-1] org.apache.coyote.AbstractProtocol.destroy Destroying ProtocolHandler ["http-nio-8080"]
28-May-2026 12:20:11.316 INFO [main] org.apache.catalina.startup.VersionLoggerListener.log Nombre de la versión del servidor: Apache Tomcat/9.0.117
28-May-2026 12:20:11.324 INFO [main] org.apache.catalina.startup.VersionLoggerListener.log Server built:                      Mar 30 2026 18:21:16 UTC
28-May-2026 12:20:11.325 INFO [main] org.apache.catalina.startup.VersionLoggerListener.log Número de versión de servidor:     9.0.117.0
28-May-2026 12:20:11.325 INFO [main] org.apache.catalina.startup.VersionLoggerListener.log OS Name:                           Windows 11
28-May-2026 12:20:11.326 INFO [main] org.apache.catalina.startup.VersionLoggerListener.log Versión de Systema Operativo:      10.0
28-May-2026 12:20:11.326 INFO [main] org.apache.catalina.startup.VersionLoggerListener.log Arquitectura:                      amd64
28-May-2026 12:20:11.327 INFO [main] org.apache.catalina.startup.VersionLoggerListener.log Java Home:                         C:\Users\Juanm\.jdks\openjdk-25.0.2
28-May-2026 12:20:11.327 INFO [main] org.apache.catalina.startup.VersionLoggerListener.log JVM Version:                       25.0.2+10-69
28-May-2026 12:20:11.327 INFO [main] org.apache.catalina.startup.VersionLoggerListener.log Vededor JVM:                       Oracle Corporation
28-May-2026 12:20:11.327 INFO [main] org.apache.catalina.startup.VersionLoggerListener.log CATALINA_BASE:                     C:\Users\Juanm\IdeaProjects\eventosProyecto\webapps
28-May-2026 12:20:11.328 INFO [main] org.apache.catalina.startup.VersionLoggerListener.log CATALINA_HOME:                     C:\apache-tomcat-9.0.117
28-May-2026 12:20:11.347 INFO [main] org.apache.catalina.startup.VersionLoggerListener.log Command line argument:             --add-opens=java.base/java.lang=ALL-UNNAMED
28-May-2026 12:20:11.347 INFO [main] org.apache.catalina.startup.VersionLoggerListener.log Command line argument:             --add-opens=java.base/java.io=ALL-UNNAMED
28-May-2026 12:20:11.347 INFO [main] org.apache.catalina.startup.VersionLoggerListener.log Command line argument:             --add-opens=java.base/java.util=ALL-UNNAMED
28-May-2026 12:20:11.349 INFO [main] org.apache.catalina.startup.VersionLoggerListener.log Command line argument:             --add-opens=java.base/java.util.concurrent=ALL-UNNAMED
28-May-2026 12:20:11.349 INFO [main] org.apache.catalina.startup.VersionLoggerListener.log Command line argument:             --add-opens=java.rmi/sun.rmi.transport=ALL-UNNAMED
28-May-2026 12:20:11.349 INFO [main] org.apache.catalina.startup.VersionLoggerListener.log Command line argument:             -Dcatalina.home=C:\apache-tomcat-9.0.117
28-May-2026 12:20:11.349 INFO [main] org.apache.catalina.startup.VersionLoggerListener.log Command line argument:             -Dcatalina.base=C:\Users\Juanm\IdeaProjects\eventosProyecto\webapps
28-May-2026 12:20:11.349 INFO [main] org.apache.catalina.startup.VersionLoggerListener.log Command line argument:             -Djava.io.tmpdir=C:\Users\Juanm\IdeaProjects\eventosProyecto\webapps\temp
28-May-2026 12:20:11.349 INFO [main] org.apache.catalina.startup.VersionLoggerListener.log Command line argument:             -Djava.util.logging.config.file=C:\Users\Juanm\IdeaProjects\eventosProyecto\webapps\conf\logging.properties
28-May-2026 12:20:11.349 INFO [main] org.apache.catalina.startup.VersionLoggerListener.log Command line argument:             -Djava.util.logging.manager=org.apache.juli.ClassLoaderLogManager
28-May-2026 12:20:11.350 INFO [main] org.apache.catalina.startup.VersionLoggerListener.log Command line argument:             -javaagent:C:\Program Files\JetBrains\IntelliJ IDEA 2025.3\lib\idea_rt.jar=56298
28-May-2026 12:20:11.350 INFO [main] org.apache.catalina.startup.VersionLoggerListener.log Command line argument:             -Dfile.encoding=UTF-8
28-May-2026 12:20:11.350 INFO [main] org.apache.catalina.startup.VersionLoggerListener.log Command line argument:             -Dsun.stdout.encoding=UTF-8
28-May-2026 12:20:11.350 INFO [main] org.apache.catalina.startup.VersionLoggerListener.log Command line argument:             -Dsun.stderr.encoding=UTF-8
28-May-2026 12:20:11.368 INFO [main] org.apache.catalina.core.AprLifecycleListener.lifecycleEvent Cargada la biblioteca nativa APR de Apache Tomcat [1.3.7] con la versión APR [1.7.6].
28-May-2026 12:20:11.369 INFO [main] org.apache.catalina.core.AprLifecycleListener.lifecycleEvent Capacidades APR: IPv6 [true], enviar fichero [true], aceptar filtros [false], aleatorio [true], UDS [true].
28-May-2026 12:20:11.369 INFO [main] org.apache.catalina.core.AprLifecycleListener.lifecycleEvent APR/OpenSSL configuration: useAprConnector [false], useOpenSSL [true]
28-May-2026 12:20:11.414 INFO [main] org.apache.catalina.core.AprLifecycleListener.initializeSSL OpenSSL inicializado correctamente [OpenSSL 3.0.19 27 Jan 2026]
28-May-2026 12:20:12.362 INFO [main] org.apache.coyote.AbstractProtocol.init Inicializando el manejador de protocolo ["http-nio-8080"]

28-May-2026 12:20:12.397 INFO [main] org.apache.catalina.startup.Catalina.load Server initialization in [2167] milliseconds
28-May-2026 12:20:12.519 INFO [main] org.apache.catalina.core.StandardService.startInternal Arrancando servicio [Catalina]
28-May-2026 12:20:12.520 INFO [main] org.apache.catalina.core.StandardEngine.startInternal Starting Servlet engine: [Apache Tomcat/9.0.117]
28-May-2026 12:20:12.546 INFO [main] org.apache.catalina.startup.HostConfig.deployDescriptor Desplieque del descriptor de configuración [C:\Users\Juanm\IdeaProjects\eventosProyecto\webapps\conf\Catalina\localhost\eventosProyecto.xml]
28-May-2026 12:20:17.597 INFO [main] org.apache.jasper.servlet.TldScanner.scanJars Al menos un JAR, que se ha explorado buscando TLDs, aún no contenía TLDs. Activar historial de depuración para este historiador para una completa lista de los JARs que fueron explorados y de los que nos se halló TLDs. Saltarse JARs no necesarios durante la exploración puede dar lugar a una mejora de tiempo significativa en el arranque y compilación de JSP .
28-May-2026 12:20:18.237 INFO [main] org.apache.catalina.startup.HostConfig.deployDescriptor Deployment of deployment descriptor [C:\Users\Juanm\IdeaProjects\eventosProyecto\webapps\conf\Catalina\localhost\eventosProyecto.xml] has finished in [5.672] ms
28-May-2026 12:20:18.255 INFO [main] org.apache.coyote.AbstractProtocol.start Starting ProtocolHandler ["http-nio-8080"]
28-May-2026 12:20:18.336 INFO [main] org.apache.catalina.startup.Catalina.start Server startup in [5934] milliseconds
28-May-2026 13:15:54.645 INFO [Thread-1] org.apache.coyote.AbstractProtocol.pause Pausing ProtocolHandler ["http-nio-8080"]
28-May-2026 13:15:54.804 INFO [Thread-1] org.apache.catalina.core.StandardService.stopInternal Parando servicio [Catalina]
28-May-2026 13:15:54.955 WARNING [Thread-1] org.apache.catalina.loader.WebappClassLoaderBase.clearReferencesJdbc La aplicación web [eventosProyecto] registró el conductor JDBC [com.mysql.cj.jdbc.Driver] pero falló al anular el registro mientras la aplicación web estaba parada. Para prevenir un fallo de memoria, se ha anulado el registro del conductor JDBC por la fuerza.
28-May-2026 13:15:54.965 WARNING [Thread-1] org.apache.catalina.loader.WebappClassLoaderBase.clearReferencesThreads The web application [eventosProyecto] appears to have started a thread named [mysql-cj-abandoned-connection-cleanup] but has failed to stop it. This is very likely to create a memory leak. Stack trace of thread:
 java.base/java.lang.Object.wait0(Native Method)
 java.base/java.lang.Object.wait(Object.java:389)
 java.base/java.lang.ref.ReferenceQueue.remove0(ReferenceQueue.java:123)
 java.base/java.lang.ref.ReferenceQueue.remove(ReferenceQueue.java:201)
 com.mysql.cj.jdbc.AbandonedConnectionCleanupThread.run(AbandonedConnectionCleanupThread.java:91)
 java.base/java.util.concurrent.ThreadPoolExecutor.runWorker(ThreadPoolExecutor.java:1090)
 java.base/java.util.concurrent.ThreadPoolExecutor$Worker.run(ThreadPoolExecutor.java:614)
 java.base/java.lang.Thread.run(Thread.java:1474)
28-May-2026 13:15:55.112 INFO [Thread-1] org.apache.coyote.AbstractProtocol.stop Stopping ProtocolHandler ["http-nio-8080"]
28-May-2026 13:15:55.149 INFO [Thread-1] org.apache.coyote.AbstractProtocol.destroy Destroying ProtocolHandler ["http-nio-8080"]
28-May-2026 13:58:04.691 INFO [main] org.apache.catalina.startup.VersionLoggerListener.log Nombre de la versión del servidor: Apache Tomcat/9.0.117
28-May-2026 13:58:04.696 INFO [main] org.apache.catalina.startup.VersionLoggerListener.log Server built:                      Mar 30 2026 18:21:16 UTC
28-May-2026 13:58:04.697 INFO [main] org.apache.catalina.startup.VersionLoggerListener.log Número de versión de servidor:     9.0.117.0
28-May-2026 13:58:04.697 INFO [main] org.apache.catalina.startup.VersionLoggerListener.log OS Name:                           Windows 11
28-May-2026 13:58:04.697 INFO [main] org.apache.catalina.startup.VersionLoggerListener.log Versión de Systema Operativo:      10.0
28-May-2026 13:58:04.698 INFO [main] org.apache.catalina.startup.VersionLoggerListener.log Arquitectura:                      amd64
28-May-2026 13:58:04.698 INFO [main] org.apache.catalina.startup.VersionLoggerListener.log Java Home:                         C:\Users\Juanm\.jdks\openjdk-25.0.2
28-May-2026 13:58:04.698 INFO [main] org.apache.catalina.startup.VersionLoggerListener.log JVM Version:                       25.0.2+10-69
28-May-2026 13:58:04.698 INFO [main] org.apache.catalina.startup.VersionLoggerListener.log Vededor JVM:                       Oracle Corporation
28-May-2026 13:58:04.699 INFO [main] org.apache.catalina.startup.VersionLoggerListener.log CATALINA_BASE:                     C:\Users\Juanm\IdeaProjects\eventosProyecto\webapps
28-May-2026 13:58:04.699 INFO [main] org.apache.catalina.startup.VersionLoggerListener.log CATALINA_HOME:                     C:\apache-tomcat-9.0.117
28-May-2026 13:58:04.713 INFO [main] org.apache.catalina.startup.VersionLoggerListener.log Command line argument:             --add-opens=java.base/java.lang=ALL-UNNAMED
28-May-2026 13:58:04.713 INFO [main] org.apache.catalina.startup.VersionLoggerListener.log Command line argument:             --add-opens=java.base/java.io=ALL-UNNAMED
28-May-2026 13:58:04.714 INFO [main] org.apache.catalina.startup.VersionLoggerListener.log Command line argument:             --add-opens=java.base/java.util=ALL-UNNAMED
28-May-2026 13:58:04.714 INFO [main] org.apache.catalina.startup.VersionLoggerListener.log Command line argument:             --add-opens=java.base/java.util.concurrent=ALL-UNNAMED
28-May-2026 13:58:04.714 INFO [main] org.apache.catalina.startup.VersionLoggerListener.log Command line argument:             --add-opens=java.rmi/sun.rmi.transport=ALL-UNNAMED
28-May-2026 13:58:04.714 INFO [main] org.apache.catalina.startup.VersionLoggerListener.log Command line argument:             -Dcatalina.home=C:\apache-tomcat-9.0.117
28-May-2026 13:58:04.715 INFO [main] org.apache.catalina.startup.VersionLoggerListener.log Command line argument:             -Dcatalina.base=C:\Users\Juanm\IdeaProjects\eventosProyecto\webapps
28-May-2026 13:58:04.715 INFO [main] org.apache.catalina.startup.VersionLoggerListener.log Command line argument:             -Djava.io.tmpdir=C:\Users\Juanm\IdeaProjects\eventosProyecto\webapps\temp
28-May-2026 13:58:04.715 INFO [main] org.apache.catalina.startup.VersionLoggerListener.log Command line argument:             -Djava.util.logging.config.file=C:\Users\Juanm\IdeaProjects\eventosProyecto\webapps\conf\logging.properties
28-May-2026 13:58:04.715 INFO [main] org.apache.catalina.startup.VersionLoggerListener.log Command line argument:             -Djava.util.logging.manager=org.apache.juli.ClassLoaderLogManager
28-May-2026 13:58:04.715 INFO [main] org.apache.catalina.startup.VersionLoggerListener.log Command line argument:             -javaagent:C:\Program Files\JetBrains\IntelliJ IDEA 2025.3\lib\idea_rt.jar=52644
28-May-2026 13:58:04.716 INFO [main] org.apache.catalina.startup.VersionLoggerListener.log Command line argument:             -Dfile.encoding=UTF-8
28-May-2026 13:58:04.716 INFO [main] org.apache.catalina.startup.VersionLoggerListener.log Command line argument:             -Dsun.stdout.encoding=UTF-8
28-May-2026 13:58:04.716 INFO [main] org.apache.catalina.startup.VersionLoggerListener.log Command line argument:             -Dsun.stderr.encoding=UTF-8
28-May-2026 13:58:04.731 INFO [main] org.apache.catalina.core.AprLifecycleListener.lifecycleEvent Cargada la biblioteca nativa APR de Apache Tomcat [1.3.7] con la versión APR [1.7.6].
28-May-2026 13:58:04.731 INFO [main] org.apache.catalina.core.AprLifecycleListener.lifecycleEvent Capacidades APR: IPv6 [true], enviar fichero [true], aceptar filtros [false], aleatorio [true], UDS [true].
28-May-2026 13:58:04.731 INFO [main] org.apache.catalina.core.AprLifecycleListener.lifecycleEvent APR/OpenSSL configuration: useAprConnector [false], useOpenSSL [true]
28-May-2026 13:58:04.766 INFO [main] org.apache.catalina.core.AprLifecycleListener.initializeSSL OpenSSL inicializado correctamente [OpenSSL 3.0.19 27 Jan 2026]
28-May-2026 13:58:05.566 INFO [main] org.apache.coyote.AbstractProtocol.init Inicializando el manejador de protocolo ["http-nio-8080"]

28-May-2026 13:58:05.629 INFO [main] org.apache.catalina.startup.Catalina.load Server initialization in [1729] milliseconds
28-May-2026 13:58:05.796 INFO [main] org.apache.catalina.core.StandardService.startInternal Arrancando servicio [Catalina]
28-May-2026 13:58:05.797 INFO [main] org.apache.catalina.core.StandardEngine.startInternal Starting Servlet engine: [Apache Tomcat/9.0.117]
28-May-2026 13:58:05.848 INFO [main] org.apache.catalina.startup.HostConfig.deployDescriptor Desplieque del descriptor de configuración [C:\Users\Juanm\IdeaProjects\eventosProyecto\webapps\conf\Catalina\localhost\eventosProyecto.xml]
28-May-2026 13:58:08.840 INFO [main] org.apache.catalina.startup.VersionLoggerListener.log Nombre de la versión del servidor: Apache Tomcat/9.0.117
28-May-2026 13:58:08.850 INFO [main] org.apache.catalina.startup.VersionLoggerListener.log Server built:                      Mar 30 2026 18:21:16 UTC
28-May-2026 13:58:08.850 INFO [main] org.apache.catalina.startup.VersionLoggerListener.log Número de versión de servidor:     9.0.117.0
28-May-2026 13:58:08.851 INFO [main] org.apache.catalina.startup.VersionLoggerListener.log OS Name:                           Windows 11
28-May-2026 13:58:08.851 INFO [main] org.apache.catalina.startup.VersionLoggerListener.log Versión de Systema Operativo:      10.0
28-May-2026 13:58:08.852 INFO [main] org.apache.catalina.startup.VersionLoggerListener.log Arquitectura:                      amd64
28-May-2026 13:58:08.852 INFO [main] org.apache.catalina.startup.VersionLoggerListener.log Java Home:                         C:\Users\Juanm\.jdks\openjdk-25.0.2
28-May-2026 13:58:08.853 INFO [main] org.apache.catalina.startup.VersionLoggerListener.log JVM Version:                       25.0.2+10-69
28-May-2026 13:58:08.853 INFO [main] org.apache.catalina.startup.VersionLoggerListener.log Vededor JVM:                       Oracle Corporation
28-May-2026 13:58:08.854 INFO [main] org.apache.catalina.startup.VersionLoggerListener.log CATALINA_BASE:                     C:\Users\Juanm\IdeaProjects\eventosProyecto\webapps
28-May-2026 13:58:08.854 INFO [main] org.apache.catalina.startup.VersionLoggerListener.log CATALINA_HOME:                     C:\apache-tomcat-9.0.117
28-May-2026 13:58:08.875 INFO [main] org.apache.catalina.startup.VersionLoggerListener.log Command line argument:             --add-opens=java.base/java.lang=ALL-UNNAMED
28-May-2026 13:58:08.876 INFO [main] org.apache.catalina.startup.VersionLoggerListener.log Command line argument:             --add-opens=java.base/java.io=ALL-UNNAMED
28-May-2026 13:58:08.876 INFO [main] org.apache.catalina.startup.VersionLoggerListener.log Command line argument:             --add-opens=java.base/java.util=ALL-UNNAMED
28-May-2026 13:58:08.877 INFO [main] org.apache.catalina.startup.VersionLoggerListener.log Command line argument:             --add-opens=java.base/java.util.concurrent=ALL-UNNAMED
28-May-2026 13:58:08.877 INFO [main] org.apache.catalina.startup.VersionLoggerListener.log Command line argument:             --add-opens=java.rmi/sun.rmi.transport=ALL-UNNAMED
28-May-2026 13:58:08.877 INFO [main] org.apache.catalina.startup.VersionLoggerListener.log Command line argument:             -Dcatalina.home=C:\apache-tomcat-9.0.117
28-May-2026 13:58:08.877 INFO [main] org.apache.catalina.startup.VersionLoggerListener.log Command line argument:             -Dcatalina.base=C:\Users\Juanm\IdeaProjects\eventosProyecto\webapps
28-May-2026 13:58:08.878 INFO [main] org.apache.catalina.startup.VersionLoggerListener.log Command line argument:             -Djava.io.tmpdir=C:\Users\Juanm\IdeaProjects\eventosProyecto\webapps\temp
28-May-2026 13:58:08.878 INFO [main] org.apache.catalina.startup.VersionLoggerListener.log Command line argument:             -Djava.util.logging.config.file=C:\Users\Juanm\IdeaProjects\eventosProyecto\webapps\conf\logging.properties
28-May-2026 13:58:08.878 INFO [main] org.apache.catalina.startup.VersionLoggerListener.log Command line argument:             -Djava.util.logging.manager=org.apache.juli.ClassLoaderLogManager
28-May-2026 13:58:08.878 INFO [main] org.apache.catalina.startup.VersionLoggerListener.log Command line argument:             -javaagent:C:\Program Files\JetBrains\IntelliJ IDEA 2025.3\lib\idea_rt.jar=52647
28-May-2026 13:58:08.879 INFO [main] org.apache.catalina.startup.VersionLoggerListener.log Command line argument:             -Dfile.encoding=UTF-8
28-May-2026 13:58:08.879 INFO [main] org.apache.catalina.startup.VersionLoggerListener.log Command line argument:             -Dsun.stdout.encoding=UTF-8
28-May-2026 13:58:08.879 INFO [main] org.apache.catalina.startup.VersionLoggerListener.log Command line argument:             -Dsun.stderr.encoding=UTF-8
28-May-2026 13:58:08.894 INFO [main] org.apache.catalina.core.AprLifecycleListener.lifecycleEvent Cargada la biblioteca nativa APR de Apache Tomcat [1.3.7] con la versión APR [1.7.6].
28-May-2026 13:58:08.894 INFO [main] org.apache.catalina.core.AprLifecycleListener.lifecycleEvent Capacidades APR: IPv6 [true], enviar fichero [true], aceptar filtros [false], aleatorio [true], UDS [true].
28-May-2026 13:58:08.895 INFO [main] org.apache.catalina.core.AprLifecycleListener.lifecycleEvent APR/OpenSSL configuration: useAprConnector [false], useOpenSSL [true]
28-May-2026 13:58:08.919 INFO [main] org.apache.catalina.core.AprLifecycleListener.initializeSSL OpenSSL inicializado correctamente [OpenSSL 3.0.19 27 Jan 2026]
28-May-2026 13:58:09.806 INFO [main] org.apache.coyote.AbstractProtocol.init Inicializando el manejador de protocolo ["http-nio-8080"]

28-May-2026 13:58:09.835 SEVERE [main] org.apache.catalina.util.LifecycleBase.handleSubClassException Fallo al iniciar el componente [Connector["http-nio-8080"]]
	org.apache.catalina.LifecycleException: Falló la inicialización del manejador de protocolo
		at org.apache.catalina.connector.Connector.initInternal(Connector.java:1084)
		at org.apache.catalina.util.LifecycleBase.init(LifecycleBase.java:122)
		at org.apache.catalina.core.StandardService.initInternal(StandardService.java:520)
		at org.apache.catalina.util.LifecycleBase.init(LifecycleBase.java:122)
		at org.apache.catalina.core.StandardServer.initInternal(StandardServer.java:984)
		at org.apache.catalina.util.LifecycleBase.init(LifecycleBase.java:122)
		at org.apache.catalina.startup.Catalina.load(Catalina.java:687)
		at org.apache.catalina.startup.Catalina.load(Catalina.java:710)
		at java.base/jdk.internal.reflect.DirectMethodHandleAccessor.invoke(DirectMethodHandleAccessor.java:104)
		at java.base/java.lang.reflect.Method.invoke(Method.java:565)
		at org.apache.catalina.startup.Bootstrap.load(Bootstrap.java:299)
		at org.apache.catalina.startup.Bootstrap.main(Bootstrap.java:472)
	Caused by: java.net.BindException: Address already in use: bind
		at java.base/sun.nio.ch.Net.bind0(Native Method)
		at java.base/sun.nio.ch.Net.bind(Net.java:522)
		at java.base/sun.nio.ch.ServerSocketChannelImpl.netBind(ServerSocketChannelImpl.java:335)
		at java.base/sun.nio.ch.ServerSocketChannelImpl.bind(ServerSocketChannelImpl.java:297)
		at org.apache.tomcat.util.net.NioEndpoint.initServerSocket(NioEndpoint.java:296)
		at org.apache.tomcat.util.net.NioEndpoint.bind(NioEndpoint.java:251)
		at org.apache.tomcat.util.net.AbstractEndpoint.bindWithCleanup(AbstractEndpoint.java:1498)
		at org.apache.tomcat.util.net.AbstractEndpoint.init(AbstractEndpoint.java:1511)
		at org.apache.coyote.AbstractProtocol.init(AbstractProtocol.java:667)
		at org.apache.coyote.http11.AbstractHttp11Protocol.init(AbstractHttp11Protocol.java:80)
		at org.apache.catalina.connector.Connector.initInternal(Connector.java:1082)
		... 11 more
28-May-2026 13:58:09.839 INFO [main] org.apache.catalina.startup.Catalina.load Server initialization in [1693] milliseconds
28-May-2026 13:58:09.955 INFO [main] org.apache.catalina.core.StandardService.startInternal Arrancando servicio [Catalina]
28-May-2026 13:58:09.956 INFO [main] org.apache.catalina.core.StandardEngine.startInternal Starting Servlet engine: [Apache Tomcat/9.0.117]
28-May-2026 13:58:09.981 INFO [main] org.apache.catalina.startup.HostConfig.deployDescriptor Desplieque del descriptor de configuración [C:\Users\Juanm\IdeaProjects\eventosProyecto\webapps\conf\Catalina\localhost\eventosProyecto.xml]
28-May-2026 13:58:11.732 INFO [main] org.apache.jasper.servlet.TldScanner.scanJars Al menos un JAR, que se ha explorado buscando TLDs, aún no contenía TLDs. Activar historial de depuración para este historiador para una completa lista de los JARs que fueron explorados y de los que nos se halló TLDs. Saltarse JARs no necesarios durante la exploración puede dar lugar a una mejora de tiempo significativa en el arranque y compilación de JSP .
28-May-2026 13:58:12.213 INFO [main] org.apache.catalina.startup.HostConfig.deployDescriptor Deployment of deployment descriptor [C:\Users\Juanm\IdeaProjects\eventosProyecto\webapps\conf\Catalina\localhost\eventosProyecto.xml] has finished in [6.351] ms
28-May-2026 13:58:12.226 INFO [main] org.apache.coyote.AbstractProtocol.start Starting ProtocolHandler ["http-nio-8080"]
28-May-2026 13:58:12.270 INFO [main] org.apache.catalina.startup.Catalina.start Server startup in [6634] milliseconds
28-May-2026 13:58:14.079 INFO [main] org.apache.jasper.servlet.TldScanner.scanJars Al menos un JAR, que se ha explorado buscando TLDs, aún no contenía TLDs. Activar historial de depuración para este historiador para una completa lista de los JARs que fueron explorados y de los que nos se halló TLDs. Saltarse JARs no necesarios durante la exploración puede dar lugar a una mejora de tiempo significativa en el arranque y compilación de JSP .
28-May-2026 13:58:14.564 INFO [main] org.apache.catalina.startup.HostConfig.deployDescriptor Deployment of deployment descriptor [C:\Users\Juanm\IdeaProjects\eventosProyecto\webapps\conf\Catalina\localhost\eventosProyecto.xml] has finished in [4.566] ms
28-May-2026 13:58:14.578 INFO [main] org.apache.catalina.startup.Catalina.start Server startup in [4731] milliseconds
28-May-2026 13:58:14.595 SEVERE [main] org.apache.catalina.core.StandardServer.await Failed to create server shutdown socket on address [localhost] and port [8005] (base port [8005] and offset [0])
	java.net.BindException: Address already in use: bind
		at java.base/sun.nio.ch.Net.bind0(Native Method)
		at java.base/sun.nio.ch.Net.bind(Net.java:522)
		at java.base/sun.nio.ch.Net.bind(Net.java:511)
		at java.base/sun.nio.ch.NioSocketImpl.bind(NioSocketImpl.java:641)
		at java.base/java.net.ServerSocket.bind(ServerSocket.java:326)
		at java.base/java.net.ServerSocket.<init>(ServerSocket.java:222)
		at org.apache.catalina.core.StandardServer.await(StandardServer.java:535)
		at org.apache.catalina.startup.Catalina.await(Catalina.java:826)
		at org.apache.catalina.startup.Catalina.start(Catalina.java:774)
		at java.base/jdk.internal.reflect.DirectMethodHandleAccessor.invoke(DirectMethodHandleAccessor.java:104)
		at java.base/java.lang.reflect.Method.invoke(Method.java:565)
		at org.apache.catalina.startup.Bootstrap.start(Bootstrap.java:342)
		at org.apache.catalina.startup.Bootstrap.main(Bootstrap.java:473)
28-May-2026 13:58:14.597 INFO [main] org.apache.coyote.AbstractProtocol.pause Pausing ProtocolHandler ["http-nio-8080"]
28-May-2026 13:58:14.597 INFO [main] org.apache.catalina.core.StandardService.stopInternal Parando servicio [Catalina]
28-May-2026 13:58:14.609 WARNING [main] org.apache.catalina.loader.WebappClassLoaderBase.clearReferencesJdbc La aplicación web [eventosProyecto] registró el conductor JDBC [com.mysql.cj.jdbc.Driver] pero falló al anular el registro mientras la aplicación web estaba parada. Para prevenir un fallo de memoria, se ha anulado el registro del conductor JDBC por la fuerza.
28-May-2026 13:58:14.610 WARNING [main] org.apache.catalina.loader.WebappClassLoaderBase.clearReferencesThreads The web application [eventosProyecto] appears to have started a thread named [mysql-cj-abandoned-connection-cleanup] but has failed to stop it. This is very likely to create a memory leak. Stack trace of thread:
 java.base/java.lang.Object.wait0(Native Method)
 java.base/java.lang.Object.wait(Object.java:389)
 java.base/java.lang.ref.ReferenceQueue.remove0(ReferenceQueue.java:123)
 java.base/java.lang.ref.ReferenceQueue.remove(ReferenceQueue.java:201)
 com.mysql.cj.jdbc.AbandonedConnectionCleanupThread.run(AbandonedConnectionCleanupThread.java:91)
 java.base/java.util.concurrent.ThreadPoolExecutor.runWorker(ThreadPoolExecutor.java:1090)
 java.base/java.util.concurrent.ThreadPoolExecutor$Worker.run(ThreadPoolExecutor.java:614)
 java.base/java.lang.Thread.run(Thread.java:1474)
28-May-2026 13:58:14.621 INFO [main] org.apache.coyote.AbstractProtocol.stop Stopping ProtocolHandler ["http-nio-8080"]
28-May-2026 13:58:14.622 INFO [main] org.apache.coyote.AbstractProtocol.destroy Destroying ProtocolHandler ["http-nio-8080"]
28-May-2026 13:58:22.228 INFO [Catalina-utility-1] org.apache.catalina.startup.HostConfig.undeploy Repliegue (undeploy) de la aplicación web que tiene como trayectoria de contexto [/eventosProyecto]
28-May-2026 13:58:22.238 WARNING [Catalina-utility-1] org.apache.catalina.loader.WebappClassLoaderBase.clearReferencesJdbc La aplicación web [eventosProyecto] registró el conductor JDBC [com.mysql.cj.jdbc.Driver] pero falló al anular el registro mientras la aplicación web estaba parada. Para prevenir un fallo de memoria, se ha anulado el registro del conductor JDBC por la fuerza.
28-May-2026 13:58:22.240 WARNING [Catalina-utility-1] org.apache.catalina.loader.WebappClassLoaderBase.clearReferencesThreads The web application [eventosProyecto] appears to have started a thread named [mysql-cj-abandoned-connection-cleanup] but has failed to stop it. This is very likely to create a memory leak. Stack trace of thread:
 java.base/java.lang.Object.wait0(Native Method)
 java.base/java.lang.Object.wait(Object.java:389)
 java.base/java.lang.ref.ReferenceQueue.remove0(ReferenceQueue.java:123)
 java.base/java.lang.ref.ReferenceQueue.remove(ReferenceQueue.java:201)
 com.mysql.cj.jdbc.AbandonedConnectionCleanupThread.run(AbandonedConnectionCleanupThread.java:91)
 java.base/java.util.concurrent.ThreadPoolExecutor.runWorker(ThreadPoolExecutor.java:1090)
 java.base/java.util.concurrent.ThreadPoolExecutor$Worker.run(ThreadPoolExecutor.java:614)
 java.base/java.lang.Thread.run(Thread.java:1474)
28-May-2026 13:58:22.262 INFO [Catalina-utility-1] org.apache.catalina.startup.HostConfig.deployDescriptor Desplieque del descriptor de configuración [C:\Users\Juanm\IdeaProjects\eventosProyecto\webapps\conf\Catalina\localhost\eventosProyecto.xml]
28-May-2026 13:58:25.270 INFO [Catalina-utility-1] org.apache.jasper.servlet.TldScanner.scanJars Al menos un JAR, que se ha explorado buscando TLDs, aún no contenía TLDs. Activar historial de depuración para este historiador para una completa lista de los JARs que fueron explorados y de los que nos se halló TLDs. Saltarse JARs no necesarios durante la exploración puede dar lugar a una mejora de tiempo significativa en el arranque y compilación de JSP .
28-May-2026 13:58:25.555 INFO [Catalina-utility-1] org.apache.catalina.startup.HostConfig.deployDescriptor Deployment of deployment descriptor [C:\Users\Juanm\IdeaProjects\eventosProyecto\webapps\conf\Catalina\localhost\eventosProyecto.xml] has finished in [3.293] ms
28-May-2026 13:58:27.172 INFO [mysql-cj-abandoned-connection-cleanup] org.apache.catalina.loader.WebappClassLoaderBase.checkStateForResourceLoading Acceso ilegal: esta instancia de aplicación web ya ha sido parada.  Could not load [].  La eventual traza de pila que sigue ha sido motivada por un error lanzado con motivos de depuración así como para intentar terminar el hilo que motivó el acceso ilegal y no tiene impacto funcional.
	java.lang.IllegalStateException: Acceso ilegal: esta instancia de aplicación web ya ha sido parada.  Could not load [].  La eventual traza de pila que sigue ha sido motivada por un error lanzado con motivos de depuración así como para intentar terminar el hilo que motivó el acceso ilegal y no tiene impacto funcional.
		at org.apache.catalina.loader.WebappClassLoaderBase.checkStateForResourceLoading(WebappClassLoaderBase.java:1370)
		at org.apache.catalina.loader.WebappClassLoaderBase.getResource(WebappClassLoaderBase.java:994)
		at com.mysql.cj.jdbc.AbandonedConnectionCleanupThread.checkThreadContextClassLoader(AbandonedConnectionCleanupThread.java:123)
		at com.mysql.cj.jdbc.AbandonedConnectionCleanupThread.run(AbandonedConnectionCleanupThread.java:90)
		at java.base/java.util.concurrent.ThreadPoolExecutor.runWorker(ThreadPoolExecutor.java:1090)
		at java.base/java.util.concurrent.ThreadPoolExecutor$Worker.run(ThreadPoolExecutor.java:614)
		at java.base/java.lang.Thread.run(Thread.java:1474)
28-May-2026 14:00:48.782 INFO [Thread-1] org.apache.coyote.AbstractProtocol.pause Pausing ProtocolHandler ["http-nio-8080"]
28-May-2026 14:00:48.802 INFO [Thread-1] org.apache.catalina.core.StandardService.stopInternal Parando servicio [Catalina]
28-May-2026 14:00:48.811 WARNING [Thread-1] org.apache.catalina.loader.WebappClassLoaderBase.clearReferencesJdbc La aplicación web [eventosProyecto] registró el conductor JDBC [com.mysql.cj.jdbc.Driver] pero falló al anular el registro mientras la aplicación web estaba parada. Para prevenir un fallo de memoria, se ha anulado el registro del conductor JDBC por la fuerza.
28-May-2026 14:00:48.812 WARNING [Thread-1] org.apache.catalina.loader.WebappClassLoaderBase.clearReferencesThreads The web application [eventosProyecto] appears to have started a thread named [mysql-cj-abandoned-connection-cleanup] but has failed to stop it. This is very likely to create a memory leak. Stack trace of thread:
 java.base/java.lang.Object.wait0(Native Method)
 java.base/java.lang.Object.wait(Object.java:389)
 java.base/java.lang.ref.ReferenceQueue.remove0(ReferenceQueue.java:123)
 java.base/java.lang.ref.ReferenceQueue.remove(ReferenceQueue.java:201)
 com.mysql.cj.jdbc.AbandonedConnectionCleanupThread.run(AbandonedConnectionCleanupThread.java:91)
 java.base/java.util.concurrent.ThreadPoolExecutor.runWorker(ThreadPoolExecutor.java:1090)
 java.base/java.util.concurrent.ThreadPoolExecutor$Worker.run(ThreadPoolExecutor.java:614)
 java.base/java.lang.Thread.run(Thread.java:1474)
28-May-2026 14:00:48.814 INFO [Thread-1] org.apache.coyote.AbstractProtocol.stop Stopping ProtocolHandler ["http-nio-8080"]
28-May-2026 14:00:48.829 INFO [Thread-1] org.apache.coyote.AbstractProtocol.destroy Destroying ProtocolHandler ["http-nio-8080"]
28-May-2026 14:00:53.165 INFO [main] org.apache.catalina.startup.VersionLoggerListener.log Nombre de la versión del servidor: Apache Tomcat/9.0.117
28-May-2026 14:00:53.172 INFO [main] org.apache.catalina.startup.VersionLoggerListener.log Server built:                      Mar 30 2026 18:21:16 UTC
28-May-2026 14:00:53.173 INFO [main] org.apache.catalina.startup.VersionLoggerListener.log Número de versión de servidor:     9.0.117.0
28-May-2026 14:00:53.174 INFO [main] org.apache.catalina.startup.VersionLoggerListener.log OS Name:                           Windows 11
28-May-2026 14:00:53.174 INFO [main] org.apache.catalina.startup.VersionLoggerListener.log Versión de Systema Operativo:      10.0
28-May-2026 14:00:53.175 INFO [main] org.apache.catalina.startup.VersionLoggerListener.log Arquitectura:                      amd64
28-May-2026 14:00:53.175 INFO [main] org.apache.catalina.startup.VersionLoggerListener.log Java Home:                         C:\Users\Juanm\.jdks\openjdk-25.0.2
28-May-2026 14:00:53.175 INFO [main] org.apache.catalina.startup.VersionLoggerListener.log JVM Version:                       25.0.2+10-69
28-May-2026 14:00:53.176 INFO [main] org.apache.catalina.startup.VersionLoggerListener.log Vededor JVM:                       Oracle Corporation
28-May-2026 14:00:53.176 INFO [main] org.apache.catalina.startup.VersionLoggerListener.log CATALINA_BASE:                     C:\Users\Juanm\IdeaProjects\eventosProyecto\webapps
28-May-2026 14:00:53.176 INFO [main] org.apache.catalina.startup.VersionLoggerListener.log CATALINA_HOME:                     C:\apache-tomcat-9.0.117
28-May-2026 14:00:53.200 INFO [main] org.apache.catalina.startup.VersionLoggerListener.log Command line argument:             --add-opens=java.base/java.lang=ALL-UNNAMED
28-May-2026 14:00:53.201 INFO [main] org.apache.catalina.startup.VersionLoggerListener.log Command line argument:             --add-opens=java.base/java.io=ALL-UNNAMED
28-May-2026 14:00:53.201 INFO [main] org.apache.catalina.startup.VersionLoggerListener.log Command line argument:             --add-opens=java.base/java.util=ALL-UNNAMED
28-May-2026 14:00:53.202 INFO [main] org.apache.catalina.startup.VersionLoggerListener.log Command line argument:             --add-opens=java.base/java.util.concurrent=ALL-UNNAMED
28-May-2026 14:00:53.202 INFO [main] org.apache.catalina.startup.VersionLoggerListener.log Command line argument:             --add-opens=java.rmi/sun.rmi.transport=ALL-UNNAMED
28-May-2026 14:00:53.202 INFO [main] org.apache.catalina.startup.VersionLoggerListener.log Command line argument:             -Dcatalina.home=C:\apache-tomcat-9.0.117
28-May-2026 14:00:53.202 INFO [main] org.apache.catalina.startup.VersionLoggerListener.log Command line argument:             -Dcatalina.base=C:\Users\Juanm\IdeaProjects\eventosProyecto\webapps
28-May-2026 14:00:53.202 INFO [main] org.apache.catalina.startup.VersionLoggerListener.log Command line argument:             -Djava.io.tmpdir=C:\Users\Juanm\IdeaProjects\eventosProyecto\webapps\temp
28-May-2026 14:00:53.202 INFO [main] org.apache.catalina.startup.VersionLoggerListener.log Command line argument:             -Djava.util.logging.config.file=C:\Users\Juanm\IdeaProjects\eventosProyecto\webapps\conf\logging.properties
28-May-2026 14:00:53.202 INFO [main] org.apache.catalina.startup.VersionLoggerListener.log Command line argument:             -Djava.util.logging.manager=org.apache.juli.ClassLoaderLogManager
28-May-2026 14:00:53.204 INFO [main] org.apache.catalina.startup.VersionLoggerListener.log Command line argument:             -javaagent:C:\Program Files\JetBrains\IntelliJ IDEA 2025.3\lib\idea_rt.jar=52657
28-May-2026 14:00:53.204 INFO [main] org.apache.catalina.startup.VersionLoggerListener.log Command line argument:             -Dfile.encoding=UTF-8
28-May-2026 14:00:53.204 INFO [main] org.apache.catalina.startup.VersionLoggerListener.log Command line argument:             -Dsun.stdout.encoding=UTF-8
28-May-2026 14:00:53.204 INFO [main] org.apache.catalina.startup.VersionLoggerListener.log Command line argument:             -Dsun.stderr.encoding=UTF-8
28-May-2026 14:00:53.217 INFO [main] org.apache.catalina.core.AprLifecycleListener.lifecycleEvent Cargada la biblioteca nativa APR de Apache Tomcat [1.3.7] con la versión APR [1.7.6].
28-May-2026 14:00:53.217 INFO [main] org.apache.catalina.core.AprLifecycleListener.lifecycleEvent Capacidades APR: IPv6 [true], enviar fichero [true], aceptar filtros [false], aleatorio [true], UDS [true].
28-May-2026 14:00:53.217 INFO [main] org.apache.catalina.core.AprLifecycleListener.lifecycleEvent APR/OpenSSL configuration: useAprConnector [false], useOpenSSL [true]
28-May-2026 14:00:53.241 INFO [main] org.apache.catalina.core.AprLifecycleListener.initializeSSL OpenSSL inicializado correctamente [OpenSSL 3.0.19 27 Jan 2026]
28-May-2026 14:00:53.956 INFO [main] org.apache.coyote.AbstractProtocol.init Inicializando el manejador de protocolo ["http-nio-8080"]

28-May-2026 14:00:53.992 INFO [main] org.apache.catalina.startup.Catalina.load Server initialization in [1558] milliseconds
28-May-2026 14:00:54.097 INFO [main] org.apache.catalina.core.StandardService.startInternal Arrancando servicio [Catalina]
28-May-2026 14:00:54.098 INFO [main] org.apache.catalina.core.StandardEngine.startInternal Starting Servlet engine: [Apache Tomcat/9.0.117]
28-May-2026 14:00:54.128 INFO [main] org.apache.catalina.startup.HostConfig.deployDescriptor Desplieque del descriptor de configuración [C:\Users\Juanm\IdeaProjects\eventosProyecto\webapps\conf\Catalina\localhost\eventosProyecto.xml]
28-May-2026 14:00:58.198 INFO [main] org.apache.jasper.servlet.TldScanner.scanJars Al menos un JAR, que se ha explorado buscando TLDs, aún no contenía TLDs. Activar historial de depuración para este historiador para una completa lista de los JARs que fueron explorados y de los que nos se halló TLDs. Saltarse JARs no necesarios durante la exploración puede dar lugar a una mejora de tiempo significativa en el arranque y compilación de JSP .
28-May-2026 14:00:58.622 INFO [main] org.apache.catalina.startup.HostConfig.deployDescriptor Deployment of deployment descriptor [C:\Users\Juanm\IdeaProjects\eventosProyecto\webapps\conf\Catalina\localhost\eventosProyecto.xml] has finished in [4.482] ms
28-May-2026 14:00:58.631 INFO [main] org.apache.coyote.AbstractProtocol.start Starting ProtocolHandler ["http-nio-8080"]
28-May-2026 14:00:58.684 INFO [main] org.apache.catalina.startup.Catalina.start Server startup in [4688] milliseconds
28-May-2026 14:02:28.434 INFO [Thread-1] org.apache.coyote.AbstractProtocol.pause Pausing ProtocolHandler ["http-nio-8080"]
28-May-2026 14:02:28.454 INFO [Thread-1] org.apache.catalina.core.StandardService.stopInternal Parando servicio [Catalina]
28-May-2026 14:02:28.472 WARNING [Thread-1] org.apache.catalina.loader.WebappClassLoaderBase.clearReferencesJdbc La aplicación web [eventosProyecto] registró el conductor JDBC [com.mysql.cj.jdbc.Driver] pero falló al anular el registro mientras la aplicación web estaba parada. Para prevenir un fallo de memoria, se ha anulado el registro del conductor JDBC por la fuerza.
28-May-2026 14:02:28.476 WARNING [Thread-1] org.apache.catalina.loader.WebappClassLoaderBase.clearReferencesThreads The web application [eventosProyecto] appears to have started a thread named [mysql-cj-abandoned-connection-cleanup] but has failed to stop it. This is very likely to create a memory leak. Stack trace of thread:
 java.base/java.lang.Object.wait0(Native Method)
 java.base/java.lang.Object.wait(Object.java:389)
 java.base/java.lang.ref.ReferenceQueue.remove0(ReferenceQueue.java:123)
 java.base/java.lang.ref.ReferenceQueue.remove(ReferenceQueue.java:201)
 com.mysql.cj.jdbc.AbandonedConnectionCleanupThread.run(AbandonedConnectionCleanupThread.java:91)
 java.base/java.util.concurrent.ThreadPoolExecutor.runWorker(ThreadPoolExecutor.java:1090)
 java.base/java.util.concurrent.ThreadPoolExecutor$Worker.run(ThreadPoolExecutor.java:614)
 java.base/java.lang.Thread.run(Thread.java:1474)
28-May-2026 14:02:28.491 INFO [Thread-1] org.apache.coyote.AbstractProtocol.stop Stopping ProtocolHandler ["http-nio-8080"]
28-May-2026 14:02:28.502 INFO [Thread-1] org.apache.coyote.AbstractProtocol.destroy Destroying ProtocolHandler ["http-nio-8080"]
28-May-2026 14:02:32.462 INFO [main] org.apache.catalina.startup.VersionLoggerListener.log Nombre de la versión del servidor: Apache Tomcat/9.0.117
28-May-2026 14:02:32.467 INFO [main] org.apache.catalina.startup.VersionLoggerListener.log Server built:                      Mar 30 2026 18:21:16 UTC
28-May-2026 14:02:32.467 INFO [main] org.apache.catalina.startup.VersionLoggerListener.log Número de versión de servidor:     9.0.117.0
28-May-2026 14:02:32.468 INFO [main] org.apache.catalina.startup.VersionLoggerListener.log OS Name:                           Windows 11
28-May-2026 14:02:32.468 INFO [main] org.apache.catalina.startup.VersionLoggerListener.log Versión de Systema Operativo:      10.0
28-May-2026 14:02:32.468 INFO [main] org.apache.catalina.startup.VersionLoggerListener.log Arquitectura:                      amd64
28-May-2026 14:02:32.468 INFO [main] org.apache.catalina.startup.VersionLoggerListener.log Java Home:                         C:\Users\Juanm\.jdks\openjdk-25.0.2
28-May-2026 14:02:32.468 INFO [main] org.apache.catalina.startup.VersionLoggerListener.log JVM Version:                       25.0.2+10-69
28-May-2026 14:02:32.469 INFO [main] org.apache.catalina.startup.VersionLoggerListener.log Vededor JVM:                       Oracle Corporation
28-May-2026 14:02:32.469 INFO [main] org.apache.catalina.startup.VersionLoggerListener.log CATALINA_BASE:                     C:\Users\Juanm\IdeaProjects\eventosProyecto\webapps
28-May-2026 14:02:32.469 INFO [main] org.apache.catalina.startup.VersionLoggerListener.log CATALINA_HOME:                     C:\apache-tomcat-9.0.117
28-May-2026 14:02:32.500 INFO [main] org.apache.catalina.startup.VersionLoggerListener.log Command line argument:             --add-opens=java.base/java.lang=ALL-UNNAMED
28-May-2026 14:02:32.500 INFO [main] org.apache.catalina.startup.VersionLoggerListener.log Command line argument:             --add-opens=java.base/java.io=ALL-UNNAMED
28-May-2026 14:02:32.500 INFO [main] org.apache.catalina.startup.VersionLoggerListener.log Command line argument:             --add-opens=java.base/java.util=ALL-UNNAMED
28-May-2026 14:02:32.501 INFO [main] org.apache.catalina.startup.VersionLoggerListener.log Command line argument:             --add-opens=java.base/java.util.concurrent=ALL-UNNAMED
28-May-2026 14:02:32.501 INFO [main] org.apache.catalina.startup.VersionLoggerListener.log Command line argument:             --add-opens=java.rmi/sun.rmi.transport=ALL-UNNAMED
28-May-2026 14:02:32.501 INFO [main] org.apache.catalina.startup.VersionLoggerListener.log Command line argument:             -Dcatalina.home=C:\apache-tomcat-9.0.117
28-May-2026 14:02:32.502 INFO [main] org.apache.catalina.startup.VersionLoggerListener.log Command line argument:             -Dcatalina.base=C:\Users\Juanm\IdeaProjects\eventosProyecto\webapps
28-May-2026 14:02:32.502 INFO [main] org.apache.catalina.startup.VersionLoggerListener.log Command line argument:             -Djava.io.tmpdir=C:\Users\Juanm\IdeaProjects\eventosProyecto\webapps\temp
28-May-2026 14:02:32.502 INFO [main] org.apache.catalina.startup.VersionLoggerListener.log Command line argument:             -Djava.util.logging.config.file=C:\Users\Juanm\IdeaProjects\eventosProyecto\webapps\conf\logging.properties
28-May-2026 14:02:32.502 INFO [main] org.apache.catalina.startup.VersionLoggerListener.log Command line argument:             -Djava.util.logging.manager=org.apache.juli.ClassLoaderLogManager
28-May-2026 14:02:32.502 INFO [main] org.apache.catalina.startup.VersionLoggerListener.log Command line argument:             -javaagent:C:\Program Files\JetBrains\IntelliJ IDEA 2025.3\lib\idea_rt.jar=54778
28-May-2026 14:02:32.503 INFO [main] org.apache.catalina.startup.VersionLoggerListener.log Command line argument:             -Dfile.encoding=UTF-8
28-May-2026 14:02:32.503 INFO [main] org.apache.catalina.startup.VersionLoggerListener.log Command line argument:             -Dsun.stdout.encoding=UTF-8
28-May-2026 14:02:32.503 INFO [main] org.apache.catalina.startup.VersionLoggerListener.log Command line argument:             -Dsun.stderr.encoding=UTF-8
28-May-2026 14:02:32.512 INFO [main] org.apache.catalina.core.AprLifecycleListener.lifecycleEvent Cargada la biblioteca nativa APR de Apache Tomcat [1.3.7] con la versión APR [1.7.6].
28-May-2026 14:02:32.512 INFO [main] org.apache.catalina.core.AprLifecycleListener.lifecycleEvent Capacidades APR: IPv6 [true], enviar fichero [true], aceptar filtros [false], aleatorio [true], UDS [true].
28-May-2026 14:02:32.512 INFO [main] org.apache.catalina.core.AprLifecycleListener.lifecycleEvent APR/OpenSSL configuration: useAprConnector [false], useOpenSSL [true]
28-May-2026 14:02:32.530 INFO [main] org.apache.catalina.core.AprLifecycleListener.initializeSSL OpenSSL inicializado correctamente [OpenSSL 3.0.19 27 Jan 2026]
28-May-2026 14:02:33.424 INFO [main] org.apache.coyote.AbstractProtocol.init Inicializando el manejador de protocolo ["http-nio-8080"]

28-May-2026 14:02:33.472 INFO [main] org.apache.catalina.startup.Catalina.load Server initialization in [1555] milliseconds
28-May-2026 14:02:33.647 INFO [main] org.apache.catalina.core.StandardService.startInternal Arrancando servicio [Catalina]
28-May-2026 14:02:33.648 INFO [main] org.apache.catalina.core.StandardEngine.startInternal Starting Servlet engine: [Apache Tomcat/9.0.117]
28-May-2026 14:02:33.697 INFO [main] org.apache.catalina.startup.HostConfig.deployDescriptor Desplieque del descriptor de configuración [C:\Users\Juanm\IdeaProjects\eventosProyecto\webapps\conf\Catalina\localhost\eventosProyecto.xml]
28-May-2026 14:02:38.164 INFO [main] org.apache.jasper.servlet.TldScanner.scanJars Al menos un JAR, que se ha explorado buscando TLDs, aún no contenía TLDs. Activar historial de depuración para este historiador para una completa lista de los JARs que fueron explorados y de los que nos se halló TLDs. Saltarse JARs no necesarios durante la exploración puede dar lugar a una mejora de tiempo significativa en el arranque y compilación de JSP .
28-May-2026 14:02:38.598 INFO [main] org.apache.catalina.startup.HostConfig.deployDescriptor Deployment of deployment descriptor [C:\Users\Juanm\IdeaProjects\eventosProyecto\webapps\conf\Catalina\localhost\eventosProyecto.xml] has finished in [4.888] ms
28-May-2026 14:02:38.609 INFO [main] org.apache.coyote.AbstractProtocol.start Starting ProtocolHandler ["http-nio-8080"]
28-May-2026 14:02:38.661 INFO [main] org.apache.catalina.startup.Catalina.start Server startup in [5180] milliseconds
28-May-2026 14:04:45.966 INFO [Thread-1] org.apache.coyote.AbstractProtocol.pause Pausing ProtocolHandler ["http-nio-8080"]
28-May-2026 14:04:45.988 INFO [Thread-1] org.apache.catalina.core.StandardService.stopInternal Parando servicio [Catalina]
28-May-2026 14:04:46.004 WARNING [Thread-1] org.apache.catalina.loader.WebappClassLoaderBase.clearReferencesJdbc La aplicación web [eventosProyecto] registró el conductor JDBC [com.mysql.cj.jdbc.Driver] pero falló al anular el registro mientras la aplicación web estaba parada. Para prevenir un fallo de memoria, se ha anulado el registro del conductor JDBC por la fuerza.
28-May-2026 14:04:46.006 WARNING [Thread-1] org.apache.catalina.loader.WebappClassLoaderBase.clearReferencesThreads The web application [eventosProyecto] appears to have started a thread named [mysql-cj-abandoned-connection-cleanup] but has failed to stop it. This is very likely to create a memory leak. Stack trace of thread:
 java.base/java.lang.Object.wait0(Native Method)
 java.base/java.lang.Object.wait(Object.java:389)
 java.base/java.lang.ref.ReferenceQueue.remove0(ReferenceQueue.java:123)
 java.base/java.lang.ref.ReferenceQueue.remove(ReferenceQueue.java:201)
 com.mysql.cj.jdbc.AbandonedConnectionCleanupThread.run(AbandonedConnectionCleanupThread.java:91)
 java.base/java.util.concurrent.ThreadPoolExecutor.runWorker(ThreadPoolExecutor.java:1090)
 java.base/java.util.concurrent.ThreadPoolExecutor$Worker.run(ThreadPoolExecutor.java:614)
 java.base/java.lang.Thread.run(Thread.java:1474)
28-May-2026 14:04:46.021 INFO [Thread-1] org.apache.coyote.AbstractProtocol.stop Stopping ProtocolHandler ["http-nio-8080"]
28-May-2026 14:04:46.037 INFO [Thread-1] org.apache.coyote.AbstractProtocol.destroy Destroying ProtocolHandler ["http-nio-8080"]
28-May-2026 14:04:50.393 INFO [main] org.apache.catalina.startup.VersionLoggerListener.log Nombre de la versión del servidor: Apache Tomcat/9.0.117
28-May-2026 14:04:50.399 INFO [main] org.apache.catalina.startup.VersionLoggerListener.log Server built:                      Mar 30 2026 18:21:16 UTC
28-May-2026 14:04:50.400 INFO [main] org.apache.catalina.startup.VersionLoggerListener.log Número de versión de servidor:     9.0.117.0
28-May-2026 14:04:50.401 INFO [main] org.apache.catalina.startup.VersionLoggerListener.log OS Name:                           Windows 11
28-May-2026 14:04:50.401 INFO [main] org.apache.catalina.startup.VersionLoggerListener.log Versión de Systema Operativo:      10.0
28-May-2026 14:04:50.402 INFO [main] org.apache.catalina.startup.VersionLoggerListener.log Arquitectura:                      amd64
28-May-2026 14:04:50.402 INFO [main] org.apache.catalina.startup.VersionLoggerListener.log Java Home:                         C:\Users\Juanm\.jdks\openjdk-25.0.2
28-May-2026 14:04:50.402 INFO [main] org.apache.catalina.startup.VersionLoggerListener.log JVM Version:                       25.0.2+10-69
28-May-2026 14:04:50.403 INFO [main] org.apache.catalina.startup.VersionLoggerListener.log Vededor JVM:                       Oracle Corporation
28-May-2026 14:04:50.403 INFO [main] org.apache.catalina.startup.VersionLoggerListener.log CATALINA_BASE:                     C:\Users\Juanm\IdeaProjects\eventosProyecto\webapps
28-May-2026 14:04:50.403 INFO [main] org.apache.catalina.startup.VersionLoggerListener.log CATALINA_HOME:                     C:\apache-tomcat-9.0.117
28-May-2026 14:04:50.426 INFO [main] org.apache.catalina.startup.VersionLoggerListener.log Command line argument:             --add-opens=java.base/java.lang=ALL-UNNAMED
28-May-2026 14:04:50.426 INFO [main] org.apache.catalina.startup.VersionLoggerListener.log Command line argument:             --add-opens=java.base/java.io=ALL-UNNAMED
28-May-2026 14:04:50.426 INFO [main] org.apache.catalina.startup.VersionLoggerListener.log Command line argument:             --add-opens=java.base/java.util=ALL-UNNAMED
28-May-2026 14:04:50.427 INFO [main] org.apache.catalina.startup.VersionLoggerListener.log Command line argument:             --add-opens=java.base/java.util.concurrent=ALL-UNNAMED
28-May-2026 14:04:50.427 INFO [main] org.apache.catalina.startup.VersionLoggerListener.log Command line argument:             --add-opens=java.rmi/sun.rmi.transport=ALL-UNNAMED
28-May-2026 14:04:50.427 INFO [main] org.apache.catalina.startup.VersionLoggerListener.log Command line argument:             -Dcatalina.home=C:\apache-tomcat-9.0.117
28-May-2026 14:04:50.427 INFO [main] org.apache.catalina.startup.VersionLoggerListener.log Command line argument:             -Dcatalina.base=C:\Users\Juanm\IdeaProjects\eventosProyecto\webapps
28-May-2026 14:04:50.428 INFO [main] org.apache.catalina.startup.VersionLoggerListener.log Command line argument:             -Djava.io.tmpdir=C:\Users\Juanm\IdeaProjects\eventosProyecto\webapps\temp
28-May-2026 14:04:50.428 INFO [main] org.apache.catalina.startup.VersionLoggerListener.log Command line argument:             -Djava.util.logging.config.file=C:\Users\Juanm\IdeaProjects\eventosProyecto\webapps\conf\logging.properties
28-May-2026 14:04:50.428 INFO [main] org.apache.catalina.startup.VersionLoggerListener.log Command line argument:             -Djava.util.logging.manager=org.apache.juli.ClassLoaderLogManager
28-May-2026 14:04:50.428 INFO [main] org.apache.catalina.startup.VersionLoggerListener.log Command line argument:             -javaagent:C:\Program Files\JetBrains\IntelliJ IDEA 2025.3\lib\idea_rt.jar=59915
28-May-2026 14:04:50.428 INFO [main] org.apache.catalina.startup.VersionLoggerListener.log Command line argument:             -Dfile.encoding=UTF-8
28-May-2026 14:04:50.429 INFO [main] org.apache.catalina.startup.VersionLoggerListener.log Command line argument:             -Dsun.stdout.encoding=UTF-8
28-May-2026 14:04:50.429 INFO [main] org.apache.catalina.startup.VersionLoggerListener.log Command line argument:             -Dsun.stderr.encoding=UTF-8
28-May-2026 14:04:50.441 INFO [main] org.apache.catalina.core.AprLifecycleListener.lifecycleEvent Cargada la biblioteca nativa APR de Apache Tomcat [1.3.7] con la versión APR [1.7.6].
28-May-2026 14:04:50.441 INFO [main] org.apache.catalina.core.AprLifecycleListener.lifecycleEvent Capacidades APR: IPv6 [true], enviar fichero [true], aceptar filtros [false], aleatorio [true], UDS [true].
28-May-2026 14:04:50.442 INFO [main] org.apache.catalina.core.AprLifecycleListener.lifecycleEvent APR/OpenSSL configuration: useAprConnector [false], useOpenSSL [true]
28-May-2026 14:04:50.459 INFO [main] org.apache.catalina.core.AprLifecycleListener.initializeSSL OpenSSL inicializado correctamente [OpenSSL 3.0.19 27 Jan 2026]
28-May-2026 14:04:51.225 INFO [main] org.apache.coyote.AbstractProtocol.init Inicializando el manejador de protocolo ["http-nio-8080"]

28-May-2026 14:04:51.278 INFO [main] org.apache.catalina.startup.Catalina.load Server initialization in [1472] milliseconds
28-May-2026 14:04:51.494 INFO [main] org.apache.catalina.core.StandardService.startInternal Arrancando servicio [Catalina]
28-May-2026 14:04:51.496 INFO [main] org.apache.catalina.core.StandardEngine.startInternal Starting Servlet engine: [Apache Tomcat/9.0.117]
28-May-2026 14:04:51.536 INFO [main] org.apache.catalina.startup.HostConfig.deployDescriptor Desplieque del descriptor de configuración [C:\Users\Juanm\IdeaProjects\eventosProyecto\webapps\conf\Catalina\localhost\eventosProyecto.xml]
28-May-2026 14:04:56.347 INFO [main] org.apache.jasper.servlet.TldScanner.scanJars Al menos un JAR, que se ha explorado buscando TLDs, aún no contenía TLDs. Activar historial de depuración para este historiador para una completa lista de los JARs que fueron explorados y de los que nos se halló TLDs. Saltarse JARs no necesarios durante la exploración puede dar lugar a una mejora de tiempo significativa en el arranque y compilación de JSP .
28-May-2026 14:04:56.964 INFO [main] org.apache.catalina.startup.HostConfig.deployDescriptor Deployment of deployment descriptor [C:\Users\Juanm\IdeaProjects\eventosProyecto\webapps\conf\Catalina\localhost\eventosProyecto.xml] has finished in [5.413] ms
28-May-2026 14:04:56.977 INFO [main] org.apache.coyote.AbstractProtocol.start Starting ProtocolHandler ["http-nio-8080"]
28-May-2026 14:04:57.033 INFO [main] org.apache.catalina.startup.Catalina.start Server startup in [5748] milliseconds
28-May-2026 14:06:16.853 INFO [Thread-1] org.apache.coyote.AbstractProtocol.pause Pausing ProtocolHandler ["http-nio-8080"]
28-May-2026 14:06:16.879 INFO [Thread-1] org.apache.catalina.core.StandardService.stopInternal Parando servicio [Catalina]
28-May-2026 14:06:16.897 WARNING [Thread-1] org.apache.catalina.loader.WebappClassLoaderBase.clearReferencesJdbc La aplicación web [eventosProyecto] registró el conductor JDBC [com.mysql.cj.jdbc.Driver] pero falló al anular el registro mientras la aplicación web estaba parada. Para prevenir un fallo de memoria, se ha anulado el registro del conductor JDBC por la fuerza.
28-May-2026 14:06:16.899 WARNING [Thread-1] org.apache.catalina.loader.WebappClassLoaderBase.clearReferencesThreads The web application [eventosProyecto] appears to have started a thread named [mysql-cj-abandoned-connection-cleanup] but has failed to stop it. This is very likely to create a memory leak. Stack trace of thread:
 java.base/java.lang.Object.wait0(Native Method)
 java.base/java.lang.Object.wait(Object.java:389)
 java.base/java.lang.ref.ReferenceQueue.remove0(ReferenceQueue.java:123)
 java.base/java.lang.ref.ReferenceQueue.remove(ReferenceQueue.java:201)
 com.mysql.cj.jdbc.AbandonedConnectionCleanupThread.run(AbandonedConnectionCleanupThread.java:91)
 java.base/java.util.concurrent.ThreadPoolExecutor.runWorker(ThreadPoolExecutor.java:1090)
 java.base/java.util.concurrent.ThreadPoolExecutor$Worker.run(ThreadPoolExecutor.java:614)
 java.base/java.lang.Thread.run(Thread.java:1474)
28-May-2026 14:06:16.913 INFO [Thread-1] org.apache.coyote.AbstractProtocol.stop Stopping ProtocolHandler ["http-nio-8080"]
28-May-2026 14:06:16.928 INFO [Thread-1] org.apache.coyote.AbstractProtocol.destroy Destroying ProtocolHandler ["http-nio-8080"]
28-May-2026 14:06:24.714 INFO [main] org.apache.catalina.startup.VersionLoggerListener.log Nombre de la versión del servidor: Apache Tomcat/9.0.117
28-May-2026 14:06:24.720 INFO [main] org.apache.catalina.startup.VersionLoggerListener.log Server built:                      Mar 30 2026 18:21:16 UTC
28-May-2026 14:06:24.721 INFO [main] org.apache.catalina.startup.VersionLoggerListener.log Número de versión de servidor:     9.0.117.0
28-May-2026 14:06:24.721 INFO [main] org.apache.catalina.startup.VersionLoggerListener.log OS Name:                           Windows 11
28-May-2026 14:06:24.722 INFO [main] org.apache.catalina.startup.VersionLoggerListener.log Versión de Systema Operativo:      10.0
28-May-2026 14:06:24.722 INFO [main] org.apache.catalina.startup.VersionLoggerListener.log Arquitectura:                      amd64
28-May-2026 14:06:24.722 INFO [main] org.apache.catalina.startup.VersionLoggerListener.log Java Home:                         C:\Users\Juanm\.jdks\openjdk-25.0.2
28-May-2026 14:06:24.722 INFO [main] org.apache.catalina.startup.VersionLoggerListener.log JVM Version:                       25.0.2+10-69
28-May-2026 14:06:24.723 INFO [main] org.apache.catalina.startup.VersionLoggerListener.log Vededor JVM:                       Oracle Corporation
28-May-2026 14:06:24.723 INFO [main] org.apache.catalina.startup.VersionLoggerListener.log CATALINA_BASE:                     C:\Users\Juanm\IdeaProjects\eventosProyecto\webapps
28-May-2026 14:06:24.723 INFO [main] org.apache.catalina.startup.VersionLoggerListener.log CATALINA_HOME:                     C:\apache-tomcat-9.0.117
28-May-2026 14:06:24.737 INFO [main] org.apache.catalina.startup.VersionLoggerListener.log Command line argument:             --add-opens=java.base/java.lang=ALL-UNNAMED
28-May-2026 14:06:24.737 INFO [main] org.apache.catalina.startup.VersionLoggerListener.log Command line argument:             --add-opens=java.base/java.io=ALL-UNNAMED
28-May-2026 14:06:24.737 INFO [main] org.apache.catalina.startup.VersionLoggerListener.log Command line argument:             --add-opens=java.base/java.util=ALL-UNNAMED
28-May-2026 14:06:24.738 INFO [main] org.apache.catalina.startup.VersionLoggerListener.log Command line argument:             --add-opens=java.base/java.util.concurrent=ALL-UNNAMED
28-May-2026 14:06:24.738 INFO [main] org.apache.catalina.startup.VersionLoggerListener.log Command line argument:             --add-opens=java.rmi/sun.rmi.transport=ALL-UNNAMED
28-May-2026 14:06:24.738 INFO [main] org.apache.catalina.startup.VersionLoggerListener.log Command line argument:             -Dcatalina.home=C:\apache-tomcat-9.0.117
28-May-2026 14:06:24.738 INFO [main] org.apache.catalina.startup.VersionLoggerListener.log Command line argument:             -Dcatalina.base=C:\Users\Juanm\IdeaProjects\eventosProyecto\webapps
28-May-2026 14:06:24.738 INFO [main] org.apache.catalina.startup.VersionLoggerListener.log Command line argument:             -Djava.io.tmpdir=C:\Users\Juanm\IdeaProjects\eventosProyecto\webapps\temp
28-May-2026 14:06:24.738 INFO [main] org.apache.catalina.startup.VersionLoggerListener.log Command line argument:             -Djava.util.logging.config.file=C:\Users\Juanm\IdeaProjects\eventosProyecto\webapps\conf\logging.properties
28-May-2026 14:06:24.739 INFO [main] org.apache.catalina.startup.VersionLoggerListener.log Command line argument:             -Djava.util.logging.manager=org.apache.juli.ClassLoaderLogManager
28-May-2026 14:06:24.739 INFO [main] org.apache.catalina.startup.VersionLoggerListener.log Command line argument:             -javaagent:C:\Program Files\JetBrains\IntelliJ IDEA 2025.3\lib\idea_rt.jar=49489
28-May-2026 14:06:24.739 INFO [main] org.apache.catalina.startup.VersionLoggerListener.log Command line argument:             -Dfile.encoding=UTF-8
28-May-2026 14:06:24.739 INFO [main] org.apache.catalina.startup.VersionLoggerListener.log Command line argument:             -Dsun.stdout.encoding=UTF-8
28-May-2026 14:06:24.739 INFO [main] org.apache.catalina.startup.VersionLoggerListener.log Command line argument:             -Dsun.stderr.encoding=UTF-8
28-May-2026 14:06:24.749 INFO [main] org.apache.catalina.core.AprLifecycleListener.lifecycleEvent Cargada la biblioteca nativa APR de Apache Tomcat [1.3.7] con la versión APR [1.7.6].
28-May-2026 14:06:24.750 INFO [main] org.apache.catalina.core.AprLifecycleListener.lifecycleEvent Capacidades APR: IPv6 [true], enviar fichero [true], aceptar filtros [false], aleatorio [true], UDS [true].
28-May-2026 14:06:24.750 INFO [main] org.apache.catalina.core.AprLifecycleListener.lifecycleEvent APR/OpenSSL configuration: useAprConnector [false], useOpenSSL [true]
28-May-2026 14:06:24.766 INFO [main] org.apache.catalina.core.AprLifecycleListener.initializeSSL OpenSSL inicializado correctamente [OpenSSL 3.0.19 27 Jan 2026]
28-May-2026 14:06:25.609 INFO [main] org.apache.coyote.AbstractProtocol.init Inicializando el manejador de protocolo ["http-nio-8080"]

28-May-2026 14:06:25.660 INFO [main] org.apache.catalina.startup.Catalina.load Server initialization in [1552] milliseconds
28-May-2026 14:06:25.810 INFO [main] org.apache.catalina.core.StandardService.startInternal Arrancando servicio [Catalina]
28-May-2026 14:06:25.810 INFO [main] org.apache.catalina.core.StandardEngine.startInternal Starting Servlet engine: [Apache Tomcat/9.0.117]
28-May-2026 14:06:25.847 INFO [main] org.apache.catalina.startup.HostConfig.deployDescriptor Desplieque del descriptor de configuración [C:\Users\Juanm\IdeaProjects\eventosProyecto\webapps\conf\Catalina\localhost\eventosProyecto.xml]
28-May-2026 14:06:29.958 INFO [main] org.apache.jasper.servlet.TldScanner.scanJars Al menos un JAR, que se ha explorado buscando TLDs, aún no contenía TLDs. Activar historial de depuración para este historiador para una completa lista de los JARs que fueron explorados y de los que nos se halló TLDs. Saltarse JARs no necesarios durante la exploración puede dar lugar a una mejora de tiempo significativa en el arranque y compilación de JSP .
28-May-2026 14:06:30.479 INFO [main] org.apache.catalina.startup.HostConfig.deployDescriptor Deployment of deployment descriptor [C:\Users\Juanm\IdeaProjects\eventosProyecto\webapps\conf\Catalina\localhost\eventosProyecto.xml] has finished in [4.617] ms
28-May-2026 14:06:30.493 INFO [main] org.apache.coyote.AbstractProtocol.start Starting ProtocolHandler ["http-nio-8080"]
28-May-2026 14:06:30.554 INFO [main] org.apache.catalina.startup.Catalina.start Server startup in [4887] milliseconds
28-May-2026 14:08:45.297 INFO [Thread-1] org.apache.coyote.AbstractProtocol.pause Pausing ProtocolHandler ["http-nio-8080"]
28-May-2026 14:08:45.320 INFO [Thread-1] org.apache.catalina.core.StandardService.stopInternal Parando servicio [Catalina]
28-May-2026 14:08:45.337 WARNING [Thread-1] org.apache.catalina.loader.WebappClassLoaderBase.clearReferencesJdbc La aplicación web [eventosProyecto] registró el conductor JDBC [com.mysql.cj.jdbc.Driver] pero falló al anular el registro mientras la aplicación web estaba parada. Para prevenir un fallo de memoria, se ha anulado el registro del conductor JDBC por la fuerza.
28-May-2026 14:08:45.338 WARNING [Thread-1] org.apache.catalina.loader.WebappClassLoaderBase.clearReferencesThreads The web application [eventosProyecto] appears to have started a thread named [mysql-cj-abandoned-connection-cleanup] but has failed to stop it. This is very likely to create a memory leak. Stack trace of thread:
 java.base/java.lang.Object.wait0(Native Method)
 java.base/java.lang.Object.wait(Object.java:389)
 java.base/java.lang.ref.ReferenceQueue.remove0(ReferenceQueue.java:123)
 java.base/java.lang.ref.ReferenceQueue.remove(ReferenceQueue.java:201)
 com.mysql.cj.jdbc.AbandonedConnectionCleanupThread.run(AbandonedConnectionCleanupThread.java:91)
 java.base/java.util.concurrent.ThreadPoolExecutor.runWorker(ThreadPoolExecutor.java:1090)
 java.base/java.util.concurrent.ThreadPoolExecutor$Worker.run(ThreadPoolExecutor.java:614)
 java.base/java.lang.Thread.run(Thread.java:1474)
28-May-2026 14:08:45.353 INFO [Thread-1] org.apache.coyote.AbstractProtocol.stop Stopping ProtocolHandler ["http-nio-8080"]
28-May-2026 14:08:45.370 INFO [Thread-1] org.apache.coyote.AbstractProtocol.destroy Destroying ProtocolHandler ["http-nio-8080"]
28-May-2026 14:08:52.973 INFO [main] org.apache.catalina.startup.VersionLoggerListener.log Nombre de la versión del servidor: Apache Tomcat/9.0.117
28-May-2026 14:08:52.978 INFO [main] org.apache.catalina.startup.VersionLoggerListener.log Server built:                      Mar 30 2026 18:21:16 UTC
28-May-2026 14:08:52.978 INFO [main] org.apache.catalina.startup.VersionLoggerListener.log Número de versión de servidor:     9.0.117.0
28-May-2026 14:08:52.978 INFO [main] org.apache.catalina.startup.VersionLoggerListener.log OS Name:                           Windows 11
28-May-2026 14:08:52.979 INFO [main] org.apache.catalina.startup.VersionLoggerListener.log Versión de Systema Operativo:      10.0
28-May-2026 14:08:52.979 INFO [main] org.apache.catalina.startup.VersionLoggerListener.log Arquitectura:                      amd64
28-May-2026 14:08:52.979 INFO [main] org.apache.catalina.startup.VersionLoggerListener.log Java Home:                         C:\Users\Juanm\.jdks\openjdk-25.0.2
28-May-2026 14:08:52.979 INFO [main] org.apache.catalina.startup.VersionLoggerListener.log JVM Version:                       25.0.2+10-69
28-May-2026 14:08:52.979 INFO [main] org.apache.catalina.startup.VersionLoggerListener.log Vededor JVM:                       Oracle Corporation
28-May-2026 14:08:52.981 INFO [main] org.apache.catalina.startup.VersionLoggerListener.log CATALINA_BASE:                     C:\Users\Juanm\IdeaProjects\eventosProyecto\webapps
28-May-2026 14:08:52.981 INFO [main] org.apache.catalina.startup.VersionLoggerListener.log CATALINA_HOME:                     C:\apache-tomcat-9.0.117
28-May-2026 14:08:52.995 INFO [main] org.apache.catalina.startup.VersionLoggerListener.log Command line argument:             --add-opens=java.base/java.lang=ALL-UNNAMED
28-May-2026 14:08:52.996 INFO [main] org.apache.catalina.startup.VersionLoggerListener.log Command line argument:             --add-opens=java.base/java.io=ALL-UNNAMED
28-May-2026 14:08:52.996 INFO [main] org.apache.catalina.startup.VersionLoggerListener.log Command line argument:             --add-opens=java.base/java.util=ALL-UNNAMED
28-May-2026 14:08:52.996 INFO [main] org.apache.catalina.startup.VersionLoggerListener.log Command line argument:             --add-opens=java.base/java.util.concurrent=ALL-UNNAMED
28-May-2026 14:08:52.996 INFO [main] org.apache.catalina.startup.VersionLoggerListener.log Command line argument:             --add-opens=java.rmi/sun.rmi.transport=ALL-UNNAMED
28-May-2026 14:08:52.996 INFO [main] org.apache.catalina.startup.VersionLoggerListener.log Command line argument:             -Dcatalina.home=C:\apache-tomcat-9.0.117
28-May-2026 14:08:52.997 INFO [main] org.apache.catalina.startup.VersionLoggerListener.log Command line argument:             -Dcatalina.base=C:\Users\Juanm\IdeaProjects\eventosProyecto\webapps
28-May-2026 14:08:52.997 INFO [main] org.apache.catalina.startup.VersionLoggerListener.log Command line argument:             -Djava.io.tmpdir=C:\Users\Juanm\IdeaProjects\eventosProyecto\webapps\temp
28-May-2026 14:08:52.997 INFO [main] org.apache.catalina.startup.VersionLoggerListener.log Command line argument:             -Djava.util.logging.config.file=C:\Users\Juanm\IdeaProjects\eventosProyecto\webapps\conf\logging.properties
28-May-2026 14:08:52.997 INFO [main] org.apache.catalina.startup.VersionLoggerListener.log Command line argument:             -Djava.util.logging.manager=org.apache.juli.ClassLoaderLogManager
28-May-2026 14:08:52.997 INFO [main] org.apache.catalina.startup.VersionLoggerListener.log Command line argument:             -javaagent:C:\Program Files\JetBrains\IntelliJ IDEA 2025.3\lib\idea_rt.jar=57696
28-May-2026 14:08:52.998 INFO [main] org.apache.catalina.startup.VersionLoggerListener.log Command line argument:             -Dfile.encoding=UTF-8
28-May-2026 14:08:52.998 INFO [main] org.apache.catalina.startup.VersionLoggerListener.log Command line argument:             -Dsun.stdout.encoding=UTF-8
28-May-2026 14:08:52.998 INFO [main] org.apache.catalina.startup.VersionLoggerListener.log Command line argument:             -Dsun.stderr.encoding=UTF-8
28-May-2026 14:08:53.008 INFO [main] org.apache.catalina.core.AprLifecycleListener.lifecycleEvent Cargada la biblioteca nativa APR de Apache Tomcat [1.3.7] con la versión APR [1.7.6].
28-May-2026 14:08:53.009 INFO [main] org.apache.catalina.core.AprLifecycleListener.lifecycleEvent Capacidades APR: IPv6 [true], enviar fichero [true], aceptar filtros [false], aleatorio [true], UDS [true].
28-May-2026 14:08:53.009 INFO [main] org.apache.catalina.core.AprLifecycleListener.lifecycleEvent APR/OpenSSL configuration: useAprConnector [false], useOpenSSL [true]
28-May-2026 14:08:53.025 INFO [main] org.apache.catalina.core.AprLifecycleListener.initializeSSL OpenSSL inicializado correctamente [OpenSSL 3.0.19 27 Jan 2026]
28-May-2026 14:08:53.790 INFO [main] org.apache.coyote.AbstractProtocol.init Inicializando el manejador de protocolo ["http-nio-8080"]

28-May-2026 14:08:53.844 INFO [main] org.apache.catalina.startup.Catalina.load Server initialization in [1368] milliseconds
28-May-2026 14:08:54.015 INFO [main] org.apache.catalina.core.StandardService.startInternal Arrancando servicio [Catalina]
28-May-2026 14:08:54.015 INFO [main] org.apache.catalina.core.StandardEngine.startInternal Starting Servlet engine: [Apache Tomcat/9.0.117]
28-May-2026 14:08:54.059 INFO [main] org.apache.catalina.startup.HostConfig.deployDescriptor Desplieque del descriptor de configuración [C:\Users\Juanm\IdeaProjects\eventosProyecto\webapps\conf\Catalina\localhost\eventosProyecto.xml]
28-May-2026 14:08:58.545 INFO [main] org.apache.jasper.servlet.TldScanner.scanJars Al menos un JAR, que se ha explorado buscando TLDs, aún no contenía TLDs. Activar historial de depuración para este historiador para una completa lista de los JARs que fueron explorados y de los que nos se halló TLDs. Saltarse JARs no necesarios durante la exploración puede dar lugar a una mejora de tiempo significativa en el arranque y compilación de JSP .
28-May-2026 14:08:59.104 INFO [main] org.apache.catalina.startup.HostConfig.deployDescriptor Deployment of deployment descriptor [C:\Users\Juanm\IdeaProjects\eventosProyecto\webapps\conf\Catalina\localhost\eventosProyecto.xml] has finished in [5.029] ms
28-May-2026 14:08:59.118 INFO [main] org.apache.coyote.AbstractProtocol.start Starting ProtocolHandler ["http-nio-8080"]
28-May-2026 14:08:59.182 INFO [main] org.apache.catalina.startup.Catalina.start Server startup in [5332] milliseconds
28-May-2026 14:12:19.196 INFO [Thread-1] org.apache.coyote.AbstractProtocol.pause Pausing ProtocolHandler ["http-nio-8080"]
28-May-2026 14:12:19.238 INFO [Thread-1] org.apache.catalina.core.StandardService.stopInternal Parando servicio [Catalina]
28-May-2026 14:12:19.264 WARNING [Thread-1] org.apache.catalina.loader.WebappClassLoaderBase.clearReferencesJdbc La aplicación web [eventosProyecto] registró el conductor JDBC [com.mysql.cj.jdbc.Driver] pero falló al anular el registro mientras la aplicación web estaba parada. Para prevenir un fallo de memoria, se ha anulado el registro del conductor JDBC por la fuerza.
28-May-2026 14:12:19.266 WARNING [Thread-1] org.apache.catalina.loader.WebappClassLoaderBase.clearReferencesThreads The web application [eventosProyecto] appears to have started a thread named [mysql-cj-abandoned-connection-cleanup] but has failed to stop it. This is very likely to create a memory leak. Stack trace of thread:
 java.base/java.lang.Object.wait0(Native Method)
 java.base/java.lang.Object.wait(Object.java:389)
 java.base/java.lang.ref.ReferenceQueue.remove0(ReferenceQueue.java:123)
 java.base/java.lang.ref.ReferenceQueue.remove(ReferenceQueue.java:201)
 com.mysql.cj.jdbc.AbandonedConnectionCleanupThread.run(AbandonedConnectionCleanupThread.java:91)
 java.base/java.util.concurrent.ThreadPoolExecutor.runWorker(ThreadPoolExecutor.java:1090)
 java.base/java.util.concurrent.ThreadPoolExecutor$Worker.run(ThreadPoolExecutor.java:614)
 java.base/java.lang.Thread.run(Thread.java:1474)
28-May-2026 14:12:19.285 INFO [Thread-1] org.apache.coyote.AbstractProtocol.stop Stopping ProtocolHandler ["http-nio-8080"]
28-May-2026 14:12:19.297 INFO [Thread-1] org.apache.coyote.AbstractProtocol.destroy Destroying ProtocolHandler ["http-nio-8080"]
28-May-2026 14:12:25.862 INFO [main] org.apache.catalina.startup.VersionLoggerListener.log Nombre de la versión del servidor: Apache Tomcat/9.0.117
28-May-2026 14:12:25.867 INFO [main] org.apache.catalina.startup.VersionLoggerListener.log Server built:                      Mar 30 2026 18:21:16 UTC
28-May-2026 14:12:25.868 INFO [main] org.apache.catalina.startup.VersionLoggerListener.log Número de versión de servidor:     9.0.117.0
28-May-2026 14:12:25.869 INFO [main] org.apache.catalina.startup.VersionLoggerListener.log OS Name:                           Windows 11
28-May-2026 14:12:25.869 INFO [main] org.apache.catalina.startup.VersionLoggerListener.log Versión de Systema Operativo:      10.0
28-May-2026 14:12:25.869 INFO [main] org.apache.catalina.startup.VersionLoggerListener.log Arquitectura:                      amd64
28-May-2026 14:12:25.869 INFO [main] org.apache.catalina.startup.VersionLoggerListener.log Java Home:                         C:\Users\Juanm\.jdks\openjdk-25.0.2
28-May-2026 14:12:25.870 INFO [main] org.apache.catalina.startup.VersionLoggerListener.log JVM Version:                       25.0.2+10-69
28-May-2026 14:12:25.870 INFO [main] org.apache.catalina.startup.VersionLoggerListener.log Vededor JVM:                       Oracle Corporation
28-May-2026 14:12:25.870 INFO [main] org.apache.catalina.startup.VersionLoggerListener.log CATALINA_BASE:                     C:\Users\Juanm\IdeaProjects\eventosProyecto\webapps
28-May-2026 14:12:25.870 INFO [main] org.apache.catalina.startup.VersionLoggerListener.log CATALINA_HOME:                     C:\apache-tomcat-9.0.117
28-May-2026 14:12:25.888 INFO [main] org.apache.catalina.startup.VersionLoggerListener.log Command line argument:             --add-opens=java.base/java.lang=ALL-UNNAMED
28-May-2026 14:12:25.888 INFO [main] org.apache.catalina.startup.VersionLoggerListener.log Command line argument:             --add-opens=java.base/java.io=ALL-UNNAMED
28-May-2026 14:12:25.888 INFO [main] org.apache.catalina.startup.VersionLoggerListener.log Command line argument:             --add-opens=java.base/java.util=ALL-UNNAMED
28-May-2026 14:12:25.888 INFO [main] org.apache.catalina.startup.VersionLoggerListener.log Command line argument:             --add-opens=java.base/java.util.concurrent=ALL-UNNAMED
28-May-2026 14:12:25.888 INFO [main] org.apache.catalina.startup.VersionLoggerListener.log Command line argument:             --add-opens=java.rmi/sun.rmi.transport=ALL-UNNAMED
28-May-2026 14:12:25.888 INFO [main] org.apache.catalina.startup.VersionLoggerListener.log Command line argument:             -Dcatalina.home=C:\apache-tomcat-9.0.117
28-May-2026 14:12:25.888 INFO [main] org.apache.catalina.startup.VersionLoggerListener.log Command line argument:             -Dcatalina.base=C:\Users\Juanm\IdeaProjects\eventosProyecto\webapps
28-May-2026 14:12:25.889 INFO [main] org.apache.catalina.startup.VersionLoggerListener.log Command line argument:             -Djava.io.tmpdir=C:\Users\Juanm\IdeaProjects\eventosProyecto\webapps\temp
28-May-2026 14:12:25.889 INFO [main] org.apache.catalina.startup.VersionLoggerListener.log Command line argument:             -Djava.util.logging.config.file=C:\Users\Juanm\IdeaProjects\eventosProyecto\webapps\conf\logging.properties
28-May-2026 14:12:25.889 INFO [main] org.apache.catalina.startup.VersionLoggerListener.log Command line argument:             -Djava.util.logging.manager=org.apache.juli.ClassLoaderLogManager
28-May-2026 14:12:25.889 INFO [main] org.apache.catalina.startup.VersionLoggerListener.log Command line argument:             -javaagent:C:\Program Files\JetBrains\IntelliJ IDEA 2025.3\lib\idea_rt.jar=52211
28-May-2026 14:12:25.889 INFO [main] org.apache.catalina.startup.VersionLoggerListener.log Command line argument:             -Dfile.encoding=UTF-8
28-May-2026 14:12:25.889 INFO [main] org.apache.catalina.startup.VersionLoggerListener.log Command line argument:             -Dsun.stdout.encoding=UTF-8
28-May-2026 14:12:25.889 INFO [main] org.apache.catalina.startup.VersionLoggerListener.log Command line argument:             -Dsun.stderr.encoding=UTF-8
28-May-2026 14:12:25.899 INFO [main] org.apache.catalina.core.AprLifecycleListener.lifecycleEvent Cargada la biblioteca nativa APR de Apache Tomcat [1.3.7] con la versión APR [1.7.6].
28-May-2026 14:12:25.899 INFO [main] org.apache.catalina.core.AprLifecycleListener.lifecycleEvent Capacidades APR: IPv6 [true], enviar fichero [true], aceptar filtros [false], aleatorio [true], UDS [true].
28-May-2026 14:12:25.899 INFO [main] org.apache.catalina.core.AprLifecycleListener.lifecycleEvent APR/OpenSSL configuration: useAprConnector [false], useOpenSSL [true]
28-May-2026 14:12:25.925 INFO [main] org.apache.catalina.core.AprLifecycleListener.initializeSSL OpenSSL inicializado correctamente [OpenSSL 3.0.19 27 Jan 2026]
28-May-2026 14:12:26.584 INFO [main] org.apache.coyote.AbstractProtocol.init Inicializando el manejador de protocolo ["http-nio-8080"]

28-May-2026 14:12:26.619 INFO [main] org.apache.catalina.startup.Catalina.load Server initialization in [1534] milliseconds
28-May-2026 14:12:26.738 INFO [main] org.apache.catalina.core.StandardService.startInternal Arrancando servicio [Catalina]
28-May-2026 14:12:26.738 INFO [main] org.apache.catalina.core.StandardEngine.startInternal Starting Servlet engine: [Apache Tomcat/9.0.117]
28-May-2026 14:12:26.759 INFO [main] org.apache.catalina.startup.HostConfig.deployDescriptor Desplieque del descriptor de configuración [C:\Users\Juanm\IdeaProjects\eventosProyecto\webapps\conf\Catalina\localhost\eventosProyecto.xml]
28-May-2026 14:12:29.298 INFO [main] org.apache.jasper.servlet.TldScanner.scanJars Al menos un JAR, que se ha explorado buscando TLDs, aún no contenía TLDs. Activar historial de depuración para este historiador para una completa lista de los JARs que fueron explorados y de los que nos se halló TLDs. Saltarse JARs no necesarios durante la exploración puede dar lugar a una mejora de tiempo significativa en el arranque y compilación de JSP .
28-May-2026 14:12:29.537 INFO [main] org.apache.catalina.startup.HostConfig.deployDescriptor Deployment of deployment descriptor [C:\Users\Juanm\IdeaProjects\eventosProyecto\webapps\conf\Catalina\localhost\eventosProyecto.xml] has finished in [2.766] ms
28-May-2026 14:12:29.548 INFO [main] org.apache.coyote.AbstractProtocol.start Starting ProtocolHandler ["http-nio-8080"]
28-May-2026 14:12:29.593 INFO [main] org.apache.catalina.startup.Catalina.start Server startup in [2971] milliseconds
28-May-2026 14:19:06.297 INFO [Thread-1] org.apache.coyote.AbstractProtocol.pause Pausing ProtocolHandler ["http-nio-8080"]
28-May-2026 14:19:06.311 INFO [Thread-1] org.apache.catalina.core.StandardService.stopInternal Parando servicio [Catalina]
28-May-2026 14:19:06.322 WARNING [Thread-1] org.apache.catalina.loader.WebappClassLoaderBase.clearReferencesJdbc La aplicación web [eventosProyecto] registró el conductor JDBC [com.mysql.cj.jdbc.Driver] pero falló al anular el registro mientras la aplicación web estaba parada. Para prevenir un fallo de memoria, se ha anulado el registro del conductor JDBC por la fuerza.
28-May-2026 14:19:06.323 WARNING [Thread-1] org.apache.catalina.loader.WebappClassLoaderBase.clearReferencesThreads The web application [eventosProyecto] appears to have started a thread named [mysql-cj-abandoned-connection-cleanup] but has failed to stop it. This is very likely to create a memory leak. Stack trace of thread:
 java.base/java.lang.Object.wait0(Native Method)
 java.base/java.lang.Object.wait(Object.java:389)
 java.base/java.lang.ref.ReferenceQueue.remove0(ReferenceQueue.java:123)
 java.base/java.lang.ref.ReferenceQueue.remove(ReferenceQueue.java:201)
 com.mysql.cj.jdbc.AbandonedConnectionCleanupThread.run(AbandonedConnectionCleanupThread.java:91)
 java.base/java.util.concurrent.ThreadPoolExecutor.runWorker(ThreadPoolExecutor.java:1090)
 java.base/java.util.concurrent.ThreadPoolExecutor$Worker.run(ThreadPoolExecutor.java:614)
 java.base/java.lang.Thread.run(Thread.java:1474)
28-May-2026 14:19:06.334 INFO [Thread-1] org.apache.coyote.AbstractProtocol.stop Stopping ProtocolHandler ["http-nio-8080"]
28-May-2026 14:19:06.348 INFO [Thread-1] org.apache.coyote.AbstractProtocol.destroy Destroying ProtocolHandler ["http-nio-8080"]
28-May-2026 14:19:10.349 INFO [main] org.apache.catalina.startup.VersionLoggerListener.log Nombre de la versión del servidor: Apache Tomcat/9.0.117
28-May-2026 14:19:10.354 INFO [main] org.apache.catalina.startup.VersionLoggerListener.log Server built:                      Mar 30 2026 18:21:16 UTC
28-May-2026 14:19:10.355 INFO [main] org.apache.catalina.startup.VersionLoggerListener.log Número de versión de servidor:     9.0.117.0
28-May-2026 14:19:10.355 INFO [main] org.apache.catalina.startup.VersionLoggerListener.log OS Name:                           Windows 11
28-May-2026 14:19:10.357 INFO [main] org.apache.catalina.startup.VersionLoggerListener.log Versión de Systema Operativo:      10.0
28-May-2026 14:19:10.357 INFO [main] org.apache.catalina.startup.VersionLoggerListener.log Arquitectura:                      amd64
28-May-2026 14:19:10.357 INFO [main] org.apache.catalina.startup.VersionLoggerListener.log Java Home:                         C:\Users\Juanm\.jdks\openjdk-25.0.2
28-May-2026 14:19:10.357 INFO [main] org.apache.catalina.startup.VersionLoggerListener.log JVM Version:                       25.0.2+10-69
28-May-2026 14:19:10.357 INFO [main] org.apache.catalina.startup.VersionLoggerListener.log Vededor JVM:                       Oracle Corporation
28-May-2026 14:19:10.358 INFO [main] org.apache.catalina.startup.VersionLoggerListener.log CATALINA_BASE:                     C:\Users\Juanm\IdeaProjects\eventosProyecto\webapps
28-May-2026 14:19:10.358 INFO [main] org.apache.catalina.startup.VersionLoggerListener.log CATALINA_HOME:                     C:\apache-tomcat-9.0.117
28-May-2026 14:19:10.374 INFO [main] org.apache.catalina.startup.VersionLoggerListener.log Command line argument:             --add-opens=java.base/java.lang=ALL-UNNAMED
28-May-2026 14:19:10.374 INFO [main] org.apache.catalina.startup.VersionLoggerListener.log Command line argument:             --add-opens=java.base/java.io=ALL-UNNAMED
28-May-2026 14:19:10.374 INFO [main] org.apache.catalina.startup.VersionLoggerListener.log Command line argument:             --add-opens=java.base/java.util=ALL-UNNAMED
28-May-2026 14:19:10.375 INFO [main] org.apache.catalina.startup.VersionLoggerListener.log Command line argument:             --add-opens=java.base/java.util.concurrent=ALL-UNNAMED
28-May-2026 14:19:10.375 INFO [main] org.apache.catalina.startup.VersionLoggerListener.log Command line argument:             --add-opens=java.rmi/sun.rmi.transport=ALL-UNNAMED
28-May-2026 14:19:10.375 INFO [main] org.apache.catalina.startup.VersionLoggerListener.log Command line argument:             -Dcatalina.home=C:\apache-tomcat-9.0.117
28-May-2026 14:19:10.375 INFO [main] org.apache.catalina.startup.VersionLoggerListener.log Command line argument:             -Dcatalina.base=C:\Users\Juanm\IdeaProjects\eventosProyecto\webapps
28-May-2026 14:19:10.375 INFO [main] org.apache.catalina.startup.VersionLoggerListener.log Command line argument:             -Djava.io.tmpdir=C:\Users\Juanm\IdeaProjects\eventosProyecto\webapps\temp
28-May-2026 14:19:10.376 INFO [main] org.apache.catalina.startup.VersionLoggerListener.log Command line argument:             -Djava.util.logging.config.file=C:\Users\Juanm\IdeaProjects\eventosProyecto\webapps\conf\logging.properties
28-May-2026 14:19:10.376 INFO [main] org.apache.catalina.startup.VersionLoggerListener.log Command line argument:             -Djava.util.logging.manager=org.apache.juli.ClassLoaderLogManager
28-May-2026 14:19:10.376 INFO [main] org.apache.catalina.startup.VersionLoggerListener.log Command line argument:             -javaagent:C:\Program Files\JetBrains\IntelliJ IDEA 2025.3\lib\idea_rt.jar=53673
28-May-2026 14:19:10.376 INFO [main] org.apache.catalina.startup.VersionLoggerListener.log Command line argument:             -Dfile.encoding=UTF-8
28-May-2026 14:19:10.376 INFO [main] org.apache.catalina.startup.VersionLoggerListener.log Command line argument:             -Dsun.stdout.encoding=UTF-8
28-May-2026 14:19:10.377 INFO [main] org.apache.catalina.startup.VersionLoggerListener.log Command line argument:             -Dsun.stderr.encoding=UTF-8
28-May-2026 14:19:10.388 INFO [main] org.apache.catalina.core.AprLifecycleListener.lifecycleEvent Cargada la biblioteca nativa APR de Apache Tomcat [1.3.7] con la versión APR [1.7.6].
28-May-2026 14:19:10.388 INFO [main] org.apache.catalina.core.AprLifecycleListener.lifecycleEvent Capacidades APR: IPv6 [true], enviar fichero [true], aceptar filtros [false], aleatorio [true], UDS [true].
28-May-2026 14:19:10.388 INFO [main] org.apache.catalina.core.AprLifecycleListener.lifecycleEvent APR/OpenSSL configuration: useAprConnector [false], useOpenSSL [true]
28-May-2026 14:19:10.406 INFO [main] org.apache.catalina.core.AprLifecycleListener.initializeSSL OpenSSL inicializado correctamente [OpenSSL 3.0.19 27 Jan 2026]
28-May-2026 14:19:11.204 INFO [main] org.apache.coyote.AbstractProtocol.init Inicializando el manejador de protocolo ["http-nio-8080"]

28-May-2026 14:19:11.260 INFO [main] org.apache.catalina.startup.Catalina.load Server initialization in [1537] milliseconds
28-May-2026 14:19:11.383 INFO [main] org.apache.catalina.core.StandardService.startInternal Arrancando servicio [Catalina]
28-May-2026 14:19:11.384 INFO [main] org.apache.catalina.core.StandardEngine.startInternal Starting Servlet engine: [Apache Tomcat/9.0.117]
28-May-2026 14:19:11.403 INFO [main] org.apache.catalina.startup.HostConfig.deployDescriptor Desplieque del descriptor de configuración [C:\Users\Juanm\IdeaProjects\eventosProyecto\webapps\conf\Catalina\localhost\eventosProyecto.xml]
28-May-2026 14:19:14.452 INFO [main] org.apache.jasper.servlet.TldScanner.scanJars Al menos un JAR, que se ha explorado buscando TLDs, aún no contenía TLDs. Activar historial de depuración para este historiador para una completa lista de los JARs que fueron explorados y de los que nos se halló TLDs. Saltarse JARs no necesarios durante la exploración puede dar lugar a una mejora de tiempo significativa en el arranque y compilación de JSP .
28-May-2026 14:19:14.798 INFO [main] org.apache.catalina.startup.HostConfig.deployDescriptor Deployment of deployment descriptor [C:\Users\Juanm\IdeaProjects\eventosProyecto\webapps\conf\Catalina\localhost\eventosProyecto.xml] has finished in [3.382] ms
28-May-2026 14:19:14.809 INFO [main] org.apache.coyote.AbstractProtocol.start Starting ProtocolHandler ["http-nio-8080"]
28-May-2026 14:19:14.858 INFO [main] org.apache.catalina.startup.Catalina.start Server startup in [3593] milliseconds
28-May-2026 14:26:13.876 INFO [Thread-1] org.apache.coyote.AbstractProtocol.pause Pausing ProtocolHandler ["http-nio-8080"]
28-May-2026 14:26:13.887 INFO [Thread-1] org.apache.catalina.core.StandardService.stopInternal Parando servicio [Catalina]
28-May-2026 14:26:13.894 WARNING [Thread-1] org.apache.catalina.loader.WebappClassLoaderBase.clearReferencesJdbc La aplicación web [eventosProyecto] registró el conductor JDBC [com.mysql.cj.jdbc.Driver] pero falló al anular el registro mientras la aplicación web estaba parada. Para prevenir un fallo de memoria, se ha anulado el registro del conductor JDBC por la fuerza.
28-May-2026 14:26:13.895 WARNING [Thread-1] org.apache.catalina.loader.WebappClassLoaderBase.clearReferencesThreads The web application [eventosProyecto] appears to have started a thread named [mysql-cj-abandoned-connection-cleanup] but has failed to stop it. This is very likely to create a memory leak. Stack trace of thread:
 java.base/java.lang.Object.wait0(Native Method)
 java.base/java.lang.Object.wait(Object.java:389)
 java.base/java.lang.ref.ReferenceQueue.remove0(ReferenceQueue.java:123)
 java.base/java.lang.ref.ReferenceQueue.remove(ReferenceQueue.java:201)
 com.mysql.cj.jdbc.AbandonedConnectionCleanupThread.run(AbandonedConnectionCleanupThread.java:91)
 java.base/java.util.concurrent.ThreadPoolExecutor.runWorker(ThreadPoolExecutor.java:1090)
 java.base/java.util.concurrent.ThreadPoolExecutor$Worker.run(ThreadPoolExecutor.java:614)
 java.base/java.lang.Thread.run(Thread.java:1474)
28-May-2026 14:26:13.907 INFO [Thread-1] org.apache.coyote.AbstractProtocol.stop Stopping ProtocolHandler ["http-nio-8080"]
28-May-2026 14:26:13.922 INFO [Thread-1] org.apache.coyote.AbstractProtocol.destroy Destroying ProtocolHandler ["http-nio-8080"]
