27-May-2026 08:11:37.444 INFO [main] org.apache.catalina.startup.VersionLoggerListener.log Nombre de la versión del servidor: Apache Tomcat/9.0.117
27-May-2026 08:11:37.448 INFO [main] org.apache.catalina.startup.VersionLoggerListener.log Server built:                      Mar 30 2026 18:21:16 UTC
27-May-2026 08:11:37.449 INFO [main] org.apache.catalina.startup.VersionLoggerListener.log Número de versión de servidor:     9.0.117.0
27-May-2026 08:11:37.449 INFO [main] org.apache.catalina.startup.VersionLoggerListener.log OS Name:                           Windows 11
27-May-2026 08:11:37.450 INFO [main] org.apache.catalina.startup.VersionLoggerListener.log Versión de Systema Operativo:      10.0
27-May-2026 08:11:37.450 INFO [main] org.apache.catalina.startup.VersionLoggerListener.log Arquitectura:                      amd64
27-May-2026 08:11:37.451 INFO [main] org.apache.catalina.startup.VersionLoggerListener.log Java Home:                         C:\Users\Juanm\.jdks\openjdk-25.0.2
27-May-2026 08:11:37.451 INFO [main] org.apache.catalina.startup.VersionLoggerListener.log JVM Version:                       25.0.2+10-69
27-May-2026 08:11:37.451 INFO [main] org.apache.catalina.startup.VersionLoggerListener.log Vededor JVM:                       Oracle Corporation
27-May-2026 08:11:37.451 INFO [main] org.apache.catalina.startup.VersionLoggerListener.log CATALINA_BASE:                     C:\Users\Juanm\IdeaProjects\eventosProyecto\webapps
27-May-2026 08:11:37.451 INFO [main] org.apache.catalina.startup.VersionLoggerListener.log CATALINA_HOME:                     C:\apache-tomcat-9.0.117
27-May-2026 08:11:37.468 INFO [main] org.apache.catalina.startup.VersionLoggerListener.log Command line argument:             --add-opens=java.base/java.lang=ALL-UNNAMED
27-May-2026 08:11:37.469 INFO [main] org.apache.catalina.startup.VersionLoggerListener.log Command line argument:             --add-opens=java.base/java.io=ALL-UNNAMED
27-May-2026 08:11:37.469 INFO [main] org.apache.catalina.startup.VersionLoggerListener.log Command line argument:             --add-opens=java.base/java.util=ALL-UNNAMED
27-May-2026 08:11:37.469 INFO [main] org.apache.catalina.startup.VersionLoggerListener.log Command line argument:             --add-opens=java.base/java.util.concurrent=ALL-UNNAMED
27-May-2026 08:11:37.469 INFO [main] org.apache.catalina.startup.VersionLoggerListener.log Command line argument:             --add-opens=java.rmi/sun.rmi.transport=ALL-UNNAMED
27-May-2026 08:11:37.469 INFO [main] org.apache.catalina.startup.VersionLoggerListener.log Command line argument:             -Dcatalina.home=C:\apache-tomcat-9.0.117
27-May-2026 08:11:37.470 INFO [main] org.apache.catalina.startup.VersionLoggerListener.log Command line argument:             -Dcatalina.base=C:\Users\Juanm\IdeaProjects\eventosProyecto\webapps
27-May-2026 08:11:37.470 INFO [main] org.apache.catalina.startup.VersionLoggerListener.log Command line argument:             -Djava.io.tmpdir=C:\Users\Juanm\IdeaProjects\eventosProyecto\webapps\temp
27-May-2026 08:11:37.470 INFO [main] org.apache.catalina.startup.VersionLoggerListener.log Command line argument:             -Djava.util.logging.config.file=C:\Users\Juanm\IdeaProjects\eventosProyecto\webapps\conf\logging.properties
27-May-2026 08:11:37.470 INFO [main] org.apache.catalina.startup.VersionLoggerListener.log Command line argument:             -Djava.util.logging.manager=org.apache.juli.ClassLoaderLogManager
27-May-2026 08:11:37.470 INFO [main] org.apache.catalina.startup.VersionLoggerListener.log Command line argument:             -javaagent:C:\Program Files\JetBrains\IntelliJ IDEA 2025.3\lib\idea_rt.jar=57708
27-May-2026 08:11:37.471 INFO [main] org.apache.catalina.startup.VersionLoggerListener.log Command line argument:             -Dfile.encoding=UTF-8
27-May-2026 08:11:37.471 INFO [main] org.apache.catalina.startup.VersionLoggerListener.log Command line argument:             -Dsun.stdout.encoding=UTF-8
27-May-2026 08:11:37.471 INFO [main] org.apache.catalina.startup.VersionLoggerListener.log Command line argument:             -Dsun.stderr.encoding=UTF-8
27-May-2026 08:11:38.369 INFO [main] org.apache.catalina.core.AprLifecycleListener.lifecycleEvent Cargada la biblioteca nativa APR de Apache Tomcat [1.3.7] con la versión APR [1.7.6].
27-May-2026 08:11:38.370 INFO [main] org.apache.catalina.core.AprLifecycleListener.lifecycleEvent Capacidades APR: IPv6 [true], enviar fichero [true], aceptar filtros [false], aleatorio [true], UDS [true].
27-May-2026 08:11:38.370 INFO [main] org.apache.catalina.core.AprLifecycleListener.lifecycleEvent APR/OpenSSL configuration: useAprConnector [false], useOpenSSL [true]
27-May-2026 08:11:38.388 INFO [main] org.apache.catalina.core.AprLifecycleListener.initializeSSL OpenSSL inicializado correctamente [OpenSSL 3.0.19 27 Jan 2026]
27-May-2026 08:11:39.085 INFO [main] org.apache.coyote.AbstractProtocol.init Inicializando el manejador de protocolo ["http-nio-8080"]

27-May-2026 08:11:39.119 INFO [main] org.apache.catalina.startup.Catalina.load Server initialization in [2175] milliseconds
27-May-2026 08:11:39.263 INFO [main] org.apache.catalina.core.StandardService.startInternal Arrancando servicio [Catalina]
27-May-2026 08:11:39.264 INFO [main] org.apache.catalina.core.StandardEngine.startInternal Starting Servlet engine: [Apache Tomcat/9.0.117]
27-May-2026 08:11:39.286 INFO [main] org.apache.catalina.startup.HostConfig.deployDescriptor Desplieque del descriptor de configuración [C:\Users\Juanm\IdeaProjects\eventosProyecto\webapps\conf\Catalina\localhost\eventosProyecto.xml]
27-May-2026 08:11:43.585 INFO [main] org.apache.jasper.servlet.TldScanner.scanJars Al menos un JAR, que se ha explorado buscando TLDs, aún no contenía TLDs. Activar historial de depuración para este historiador para una completa lista de los JARs que fueron explorados y de los que nos se halló TLDs. Saltarse JARs no necesarios durante la exploración puede dar lugar a una mejora de tiempo significativa en el arranque y compilación de JSP .
27-May-2026 08:11:43.927 INFO [main] org.apache.catalina.startup.HostConfig.deployDescriptor Deployment of deployment descriptor [C:\Users\Juanm\IdeaProjects\eventosProyecto\webapps\conf\Catalina\localhost\eventosProyecto.xml] has finished in [4.631] ms
27-May-2026 08:11:43.935 INFO [main] org.apache.coyote.AbstractProtocol.start Starting ProtocolHandler ["http-nio-8080"]
27-May-2026 08:11:43.976 INFO [main] org.apache.catalina.startup.Catalina.start Server startup in [4851] milliseconds
27-May-2026 08:12:43.781 INFO [Thread-1] org.apache.coyote.AbstractProtocol.pause Pausing ProtocolHandler ["http-nio-8080"]
27-May-2026 08:12:43.826 INFO [Thread-1] org.apache.catalina.core.StandardService.stopInternal Parando servicio [Catalina]
27-May-2026 08:12:43.893 INFO [Thread-1] org.apache.coyote.AbstractProtocol.stop Stopping ProtocolHandler ["http-nio-8080"]
27-May-2026 08:12:43.907 INFO [Thread-1] org.apache.coyote.AbstractProtocol.destroy Destroying ProtocolHandler ["http-nio-8080"]
27-May-2026 08:13:59.055 INFO [main] org.apache.catalina.startup.VersionLoggerListener.log Nombre de la versión del servidor: Apache Tomcat/9.0.117
27-May-2026 08:13:59.059 INFO [main] org.apache.catalina.startup.VersionLoggerListener.log Server built:                      Mar 30 2026 18:21:16 UTC
27-May-2026 08:13:59.060 INFO [main] org.apache.catalina.startup.VersionLoggerListener.log Número de versión de servidor:     9.0.117.0
27-May-2026 08:13:59.060 INFO [main] org.apache.catalina.startup.VersionLoggerListener.log OS Name:                           Windows 11
27-May-2026 08:13:59.060 INFO [main] org.apache.catalina.startup.VersionLoggerListener.log Versión de Systema Operativo:      10.0
27-May-2026 08:13:59.060 INFO [main] org.apache.catalina.startup.VersionLoggerListener.log Arquitectura:                      amd64
27-May-2026 08:13:59.060 INFO [main] org.apache.catalina.startup.VersionLoggerListener.log Java Home:                         C:\Users\Juanm\.jdks\openjdk-25.0.2
27-May-2026 08:13:59.060 INFO [main] org.apache.catalina.startup.VersionLoggerListener.log JVM Version:                       25.0.2+10-69
27-May-2026 08:13:59.060 INFO [main] org.apache.catalina.startup.VersionLoggerListener.log Vededor JVM:                       Oracle Corporation
27-May-2026 08:13:59.062 INFO [main] org.apache.catalina.startup.VersionLoggerListener.log CATALINA_BASE:                     C:\Users\Juanm\IdeaProjects\eventosProyecto\webapps
27-May-2026 08:13:59.062 INFO [main] org.apache.catalina.startup.VersionLoggerListener.log CATALINA_HOME:                     C:\apache-tomcat-9.0.117
27-May-2026 08:13:59.077 INFO [main] org.apache.catalina.startup.VersionLoggerListener.log Command line argument:             --add-opens=java.base/java.lang=ALL-UNNAMED
27-May-2026 08:13:59.077 INFO [main] org.apache.catalina.startup.VersionLoggerListener.log Command line argument:             --add-opens=java.base/java.io=ALL-UNNAMED
27-May-2026 08:13:59.078 INFO [main] org.apache.catalina.startup.VersionLoggerListener.log Command line argument:             --add-opens=java.base/java.util=ALL-UNNAMED
27-May-2026 08:13:59.078 INFO [main] org.apache.catalina.startup.VersionLoggerListener.log Command line argument:             --add-opens=java.base/java.util.concurrent=ALL-UNNAMED
27-May-2026 08:13:59.078 INFO [main] org.apache.catalina.startup.VersionLoggerListener.log Command line argument:             --add-opens=java.rmi/sun.rmi.transport=ALL-UNNAMED
27-May-2026 08:13:59.078 INFO [main] org.apache.catalina.startup.VersionLoggerListener.log Command line argument:             -Dcatalina.home=C:\apache-tomcat-9.0.117
27-May-2026 08:13:59.078 INFO [main] org.apache.catalina.startup.VersionLoggerListener.log Command line argument:             -Dcatalina.base=C:\Users\Juanm\IdeaProjects\eventosProyecto\webapps
27-May-2026 08:13:59.078 INFO [main] org.apache.catalina.startup.VersionLoggerListener.log Command line argument:             -Djava.io.tmpdir=C:\Users\Juanm\IdeaProjects\eventosProyecto\webapps\temp
27-May-2026 08:13:59.079 INFO [main] org.apache.catalina.startup.VersionLoggerListener.log Command line argument:             -Djava.util.logging.config.file=C:\Users\Juanm\IdeaProjects\eventosProyecto\webapps\conf\logging.properties
27-May-2026 08:13:59.079 INFO [main] org.apache.catalina.startup.VersionLoggerListener.log Command line argument:             -Djava.util.logging.manager=org.apache.juli.ClassLoaderLogManager
27-May-2026 08:13:59.079 INFO [main] org.apache.catalina.startup.VersionLoggerListener.log Command line argument:             -javaagent:C:\Program Files\JetBrains\IntelliJ IDEA 2025.3\lib\idea_rt.jar=64666
27-May-2026 08:13:59.079 INFO [main] org.apache.catalina.startup.VersionLoggerListener.log Command line argument:             -Dfile.encoding=UTF-8
27-May-2026 08:13:59.079 INFO [main] org.apache.catalina.startup.VersionLoggerListener.log Command line argument:             -Dsun.stdout.encoding=UTF-8
27-May-2026 08:13:59.079 INFO [main] org.apache.catalina.startup.VersionLoggerListener.log Command line argument:             -Dsun.stderr.encoding=UTF-8
27-May-2026 08:13:59.093 INFO [main] org.apache.catalina.core.AprLifecycleListener.lifecycleEvent Cargada la biblioteca nativa APR de Apache Tomcat [1.3.7] con la versión APR [1.7.6].
27-May-2026 08:13:59.093 INFO [main] org.apache.catalina.core.AprLifecycleListener.lifecycleEvent Capacidades APR: IPv6 [true], enviar fichero [true], aceptar filtros [false], aleatorio [true], UDS [true].
27-May-2026 08:13:59.093 INFO [main] org.apache.catalina.core.AprLifecycleListener.lifecycleEvent APR/OpenSSL configuration: useAprConnector [false], useOpenSSL [true]
27-May-2026 08:13:59.130 INFO [main] org.apache.catalina.core.AprLifecycleListener.initializeSSL OpenSSL inicializado correctamente [OpenSSL 3.0.19 27 Jan 2026]
27-May-2026 08:14:00.078 INFO [main] org.apache.coyote.AbstractProtocol.init Inicializando el manejador de protocolo ["http-nio-8080"]

27-May-2026 08:14:00.118 INFO [main] org.apache.catalina.startup.Catalina.load Server initialization in [1630] milliseconds
27-May-2026 08:14:00.243 INFO [main] org.apache.catalina.core.StandardService.startInternal Arrancando servicio [Catalina]
27-May-2026 08:14:00.243 INFO [main] org.apache.catalina.core.StandardEngine.startInternal Starting Servlet engine: [Apache Tomcat/9.0.117]
27-May-2026 08:14:00.268 INFO [main] org.apache.catalina.startup.HostConfig.deployDescriptor Desplieque del descriptor de configuración [C:\Users\Juanm\IdeaProjects\eventosProyecto\webapps\conf\Catalina\localhost\eventosProyecto.xml]
27-May-2026 08:14:04.469 INFO [main] org.apache.jasper.servlet.TldScanner.scanJars Al menos un JAR, que se ha explorado buscando TLDs, aún no contenía TLDs. Activar historial de depuración para este historiador para una completa lista de los JARs que fueron explorados y de los que nos se halló TLDs. Saltarse JARs no necesarios durante la exploración puede dar lugar a una mejora de tiempo significativa en el arranque y compilación de JSP .
27-May-2026 08:14:04.864 INFO [main] org.apache.catalina.startup.HostConfig.deployDescriptor Deployment of deployment descriptor [C:\Users\Juanm\IdeaProjects\eventosProyecto\webapps\conf\Catalina\localhost\eventosProyecto.xml] has finished in [4.585] ms
27-May-2026 08:14:04.875 INFO [main] org.apache.coyote.AbstractProtocol.start Starting ProtocolHandler ["http-nio-8080"]
27-May-2026 08:14:04.929 INFO [main] org.apache.catalina.startup.Catalina.start Server startup in [4807] milliseconds
27-May-2026 08:31:38.791 INFO [Thread-1] org.apache.coyote.AbstractProtocol.pause Pausing ProtocolHandler ["http-nio-8080"]
27-May-2026 08:31:38.978 INFO [Thread-1] org.apache.catalina.core.StandardService.stopInternal Parando servicio [Catalina]
27-May-2026 08:31:39.140 WARNING [Thread-1] org.apache.catalina.loader.WebappClassLoaderBase.clearReferencesJdbc La aplicación web [eventosProyecto] registró el conductor JDBC [com.mysql.cj.jdbc.Driver] pero falló al anular el registro mientras la aplicación web estaba parada. Para prevenir un fallo de memoria, se ha anulado el registro del conductor JDBC por la fuerza.
27-May-2026 08:31:39.151 WARNING [Thread-1] org.apache.catalina.loader.WebappClassLoaderBase.clearReferencesThreads The web application [eventosProyecto] appears to have started a thread named [mysql-cj-abandoned-connection-cleanup] but has failed to stop it. This is very likely to create a memory leak. Stack trace of thread:
 java.base/java.lang.Object.wait0(Native Method)
 java.base/java.lang.Object.wait(Object.java:389)
 java.base/java.lang.ref.ReferenceQueue.remove0(ReferenceQueue.java:123)
 java.base/java.lang.ref.ReferenceQueue.remove(ReferenceQueue.java:201)
 com.mysql.cj.jdbc.AbandonedConnectionCleanupThread.run(AbandonedConnectionCleanupThread.java:91)
 java.base/java.util.concurrent.ThreadPoolExecutor.runWorker(ThreadPoolExecutor.java:1090)
 java.base/java.util.concurrent.ThreadPoolExecutor$Worker.run(ThreadPoolExecutor.java:614)
 java.base/java.lang.Thread.run(Thread.java:1474)
27-May-2026 08:31:39.232 INFO [Thread-1] org.apache.coyote.AbstractProtocol.stop Stopping ProtocolHandler ["http-nio-8080"]
27-May-2026 08:31:39.257 INFO [Thread-1] org.apache.coyote.AbstractProtocol.destroy Destroying ProtocolHandler ["http-nio-8080"]
27-May-2026 08:31:47.616 INFO [main] org.apache.catalina.startup.VersionLoggerListener.log Nombre de la versión del servidor: Apache Tomcat/9.0.117
27-May-2026 08:31:47.624 INFO [main] org.apache.catalina.startup.VersionLoggerListener.log Server built:                      Mar 30 2026 18:21:16 UTC
27-May-2026 08:31:47.625 INFO [main] org.apache.catalina.startup.VersionLoggerListener.log Número de versión de servidor:     9.0.117.0
27-May-2026 08:31:47.625 INFO [main] org.apache.catalina.startup.VersionLoggerListener.log OS Name:                           Windows 11
27-May-2026 08:31:47.626 INFO [main] org.apache.catalina.startup.VersionLoggerListener.log Versión de Systema Operativo:      10.0
27-May-2026 08:31:47.626 INFO [main] org.apache.catalina.startup.VersionLoggerListener.log Arquitectura:                      amd64
27-May-2026 08:31:47.626 INFO [main] org.apache.catalina.startup.VersionLoggerListener.log Java Home:                         C:\Users\Juanm\.jdks\openjdk-25.0.2
27-May-2026 08:31:47.627 INFO [main] org.apache.catalina.startup.VersionLoggerListener.log JVM Version:                       25.0.2+10-69
27-May-2026 08:31:47.627 INFO [main] org.apache.catalina.startup.VersionLoggerListener.log Vededor JVM:                       Oracle Corporation
27-May-2026 08:31:47.627 INFO [main] org.apache.catalina.startup.VersionLoggerListener.log CATALINA_BASE:                     C:\Users\Juanm\IdeaProjects\eventosProyecto\webapps
27-May-2026 08:31:47.628 INFO [main] org.apache.catalina.startup.VersionLoggerListener.log CATALINA_HOME:                     C:\apache-tomcat-9.0.117
27-May-2026 08:31:47.644 INFO [main] org.apache.catalina.startup.VersionLoggerListener.log Command line argument:             --add-opens=java.base/java.lang=ALL-UNNAMED
27-May-2026 08:31:47.645 INFO [main] org.apache.catalina.startup.VersionLoggerListener.log Command line argument:             --add-opens=java.base/java.io=ALL-UNNAMED
27-May-2026 08:31:47.645 INFO [main] org.apache.catalina.startup.VersionLoggerListener.log Command line argument:             --add-opens=java.base/java.util=ALL-UNNAMED
27-May-2026 08:31:47.645 INFO [main] org.apache.catalina.startup.VersionLoggerListener.log Command line argument:             --add-opens=java.base/java.util.concurrent=ALL-UNNAMED
27-May-2026 08:31:47.645 INFO [main] org.apache.catalina.startup.VersionLoggerListener.log Command line argument:             --add-opens=java.rmi/sun.rmi.transport=ALL-UNNAMED
27-May-2026 08:31:47.646 INFO [main] org.apache.catalina.startup.VersionLoggerListener.log Command line argument:             -Dcatalina.home=C:\apache-tomcat-9.0.117
27-May-2026 08:31:47.647 INFO [main] org.apache.catalina.startup.VersionLoggerListener.log Command line argument:             -Dcatalina.base=C:\Users\Juanm\IdeaProjects\eventosProyecto\webapps
27-May-2026 08:31:47.647 INFO [main] org.apache.catalina.startup.VersionLoggerListener.log Command line argument:             -Djava.io.tmpdir=C:\Users\Juanm\IdeaProjects\eventosProyecto\webapps\temp
27-May-2026 08:31:47.647 INFO [main] org.apache.catalina.startup.VersionLoggerListener.log Command line argument:             -Djava.util.logging.config.file=C:\Users\Juanm\IdeaProjects\eventosProyecto\webapps\conf\logging.properties
27-May-2026 08:31:47.648 INFO [main] org.apache.catalina.startup.VersionLoggerListener.log Command line argument:             -Djava.util.logging.manager=org.apache.juli.ClassLoaderLogManager
27-May-2026 08:31:47.648 INFO [main] org.apache.catalina.startup.VersionLoggerListener.log Command line argument:             -javaagent:C:\Program Files\JetBrains\IntelliJ IDEA 2025.3\lib\idea_rt.jar=52389
27-May-2026 08:31:47.648 INFO [main] org.apache.catalina.startup.VersionLoggerListener.log Command line argument:             -Dfile.encoding=UTF-8
27-May-2026 08:31:47.648 INFO [main] org.apache.catalina.startup.VersionLoggerListener.log Command line argument:             -Dsun.stdout.encoding=UTF-8
27-May-2026 08:31:47.648 INFO [main] org.apache.catalina.startup.VersionLoggerListener.log Command line argument:             -Dsun.stderr.encoding=UTF-8
27-May-2026 08:31:47.662 INFO [main] org.apache.catalina.core.AprLifecycleListener.lifecycleEvent Cargada la biblioteca nativa APR de Apache Tomcat [1.3.7] con la versión APR [1.7.6].
27-May-2026 08:31:47.663 INFO [main] org.apache.catalina.core.AprLifecycleListener.lifecycleEvent Capacidades APR: IPv6 [true], enviar fichero [true], aceptar filtros [false], aleatorio [true], UDS [true].
27-May-2026 08:31:47.663 INFO [main] org.apache.catalina.core.AprLifecycleListener.lifecycleEvent APR/OpenSSL configuration: useAprConnector [false], useOpenSSL [true]
27-May-2026 08:31:47.695 INFO [main] org.apache.catalina.core.AprLifecycleListener.initializeSSL OpenSSL inicializado correctamente [OpenSSL 3.0.19 27 Jan 2026]
27-May-2026 08:31:48.550 INFO [main] org.apache.coyote.AbstractProtocol.init Inicializando el manejador de protocolo ["http-nio-8080"]

27-May-2026 08:31:48.589 INFO [main] org.apache.catalina.startup.Catalina.load Server initialization in [1773] milliseconds
27-May-2026 08:31:48.692 INFO [main] org.apache.catalina.core.StandardService.startInternal Arrancando servicio [Catalina]
27-May-2026 08:31:48.693 INFO [main] org.apache.catalina.core.StandardEngine.startInternal Starting Servlet engine: [Apache Tomcat/9.0.117]
27-May-2026 08:31:48.710 INFO [main] org.apache.catalina.startup.HostConfig.deployDescriptor Desplieque del descriptor de configuración [C:\Users\Juanm\IdeaProjects\eventosProyecto\webapps\conf\Catalina\localhost\eventosProyecto.xml]
27-May-2026 08:31:52.016 INFO [main] org.apache.jasper.servlet.TldScanner.scanJars Al menos un JAR, que se ha explorado buscando TLDs, aún no contenía TLDs. Activar historial de depuración para este historiador para una completa lista de los JARs que fueron explorados y de los que nos se halló TLDs. Saltarse JARs no necesarios durante la exploración puede dar lugar a una mejora de tiempo significativa en el arranque y compilación de JSP .
27-May-2026 08:31:52.297 INFO [main] org.apache.catalina.startup.HostConfig.deployDescriptor Deployment of deployment descriptor [C:\Users\Juanm\IdeaProjects\eventosProyecto\webapps\conf\Catalina\localhost\eventosProyecto.xml] has finished in [3.574] ms
27-May-2026 08:31:52.308 INFO [main] org.apache.coyote.AbstractProtocol.start Starting ProtocolHandler ["http-nio-8080"]
27-May-2026 08:31:52.349 INFO [main] org.apache.catalina.startup.Catalina.start Server startup in [3755] milliseconds
27-May-2026 08:36:25.715 INFO [Thread-1] org.apache.coyote.AbstractProtocol.pause Pausing ProtocolHandler ["http-nio-8080"]
27-May-2026 08:36:25.779 INFO [Thread-1] org.apache.catalina.core.StandardService.stopInternal Parando servicio [Catalina]
27-May-2026 08:36:25.826 WARNING [Thread-1] org.apache.catalina.loader.WebappClassLoaderBase.clearReferencesJdbc La aplicación web [eventosProyecto] registró el conductor JDBC [com.mysql.cj.jdbc.Driver] pero falló al anular el registro mientras la aplicación web estaba parada. Para prevenir un fallo de memoria, se ha anulado el registro del conductor JDBC por la fuerza.
27-May-2026 08:36:25.828 WARNING [Thread-1] org.apache.catalina.loader.WebappClassLoaderBase.clearReferencesThreads The web application [eventosProyecto] appears to have started a thread named [mysql-cj-abandoned-connection-cleanup] but has failed to stop it. This is very likely to create a memory leak. Stack trace of thread:
 java.base/java.lang.Object.wait0(Native Method)
 java.base/java.lang.Object.wait(Object.java:389)
 java.base/java.lang.ref.ReferenceQueue.remove0(ReferenceQueue.java:123)
 java.base/java.lang.ref.ReferenceQueue.remove(ReferenceQueue.java:201)
 com.mysql.cj.jdbc.AbandonedConnectionCleanupThread.run(AbandonedConnectionCleanupThread.java:91)
 java.base/java.util.concurrent.ThreadPoolExecutor.runWorker(ThreadPoolExecutor.java:1090)
 java.base/java.util.concurrent.ThreadPoolExecutor$Worker.run(ThreadPoolExecutor.java:614)
 java.base/java.lang.Thread.run(Thread.java:1474)
27-May-2026 08:36:25.857 INFO [Thread-1] org.apache.coyote.AbstractProtocol.stop Stopping ProtocolHandler ["http-nio-8080"]
27-May-2026 08:36:25.873 INFO [Thread-1] org.apache.coyote.AbstractProtocol.destroy Destroying ProtocolHandler ["http-nio-8080"]
27-May-2026 08:36:25.949 INFO [mysql-cj-abandoned-connection-cleanup] org.apache.catalina.loader.WebappClassLoaderBase.checkStateForResourceLoading Acceso ilegal: esta instancia de aplicación web ya ha sido parada.  Could not load [].  La eventual traza de pila que sigue ha sido motivada por un error lanzado con motivos de depuración así como para intentar terminar el hilo que motivó el acceso ilegal y no tiene impacto funcional.
	java.lang.IllegalStateException: Acceso ilegal: esta instancia de aplicación web ya ha sido parada.  Could not load [].  La eventual traza de pila que sigue ha sido motivada por un error lanzado con motivos de depuración así como para intentar terminar el hilo que motivó el acceso ilegal y no tiene impacto funcional.
		at org.apache.catalina.loader.WebappClassLoaderBase.checkStateForResourceLoading(WebappClassLoaderBase.java:1370)
		at org.apache.catalina.loader.WebappClassLoaderBase.getResource(WebappClassLoaderBase.java:994)
		at com.mysql.cj.jdbc.AbandonedConnectionCleanupThread.checkThreadContextClassLoader(AbandonedConnectionCleanupThread.java:123)
		at com.mysql.cj.jdbc.AbandonedConnectionCleanupThread.run(AbandonedConnectionCleanupThread.java:90)
		at java.base/java.util.concurrent.ThreadPoolExecutor.runWorker(ThreadPoolExecutor.java:1090)
		at java.base/java.util.concurrent.ThreadPoolExecutor$Worker.run(ThreadPoolExecutor.java:614)
		at java.base/java.lang.Thread.run(Thread.java:1474)
27-May-2026 08:36:30.773 INFO [main] org.apache.catalina.startup.VersionLoggerListener.log Nombre de la versión del servidor: Apache Tomcat/9.0.117
27-May-2026 08:36:30.779 INFO [main] org.apache.catalina.startup.VersionLoggerListener.log Server built:                      Mar 30 2026 18:21:16 UTC
27-May-2026 08:36:30.781 INFO [main] org.apache.catalina.startup.VersionLoggerListener.log Número de versión de servidor:     9.0.117.0
27-May-2026 08:36:30.781 INFO [main] org.apache.catalina.startup.VersionLoggerListener.log OS Name:                           Windows 11
27-May-2026 08:36:30.781 INFO [main] org.apache.catalina.startup.VersionLoggerListener.log Versión de Systema Operativo:      10.0
27-May-2026 08:36:30.781 INFO [main] org.apache.catalina.startup.VersionLoggerListener.log Arquitectura:                      amd64
27-May-2026 08:36:30.781 INFO [main] org.apache.catalina.startup.VersionLoggerListener.log Java Home:                         C:\Users\Juanm\.jdks\openjdk-25.0.2
27-May-2026 08:36:30.782 INFO [main] org.apache.catalina.startup.VersionLoggerListener.log JVM Version:                       25.0.2+10-69
27-May-2026 08:36:30.782 INFO [main] org.apache.catalina.startup.VersionLoggerListener.log Vededor JVM:                       Oracle Corporation
27-May-2026 08:36:30.782 INFO [main] org.apache.catalina.startup.VersionLoggerListener.log CATALINA_BASE:                     C:\Users\Juanm\IdeaProjects\eventosProyecto\webapps
27-May-2026 08:36:30.782 INFO [main] org.apache.catalina.startup.VersionLoggerListener.log CATALINA_HOME:                     C:\apache-tomcat-9.0.117
27-May-2026 08:36:30.795 INFO [main] org.apache.catalina.startup.VersionLoggerListener.log Command line argument:             --add-opens=java.base/java.lang=ALL-UNNAMED
27-May-2026 08:36:30.796 INFO [main] org.apache.catalina.startup.VersionLoggerListener.log Command line argument:             --add-opens=java.base/java.io=ALL-UNNAMED
27-May-2026 08:36:30.796 INFO [main] org.apache.catalina.startup.VersionLoggerListener.log Command line argument:             --add-opens=java.base/java.util=ALL-UNNAMED
27-May-2026 08:36:30.796 INFO [main] org.apache.catalina.startup.VersionLoggerListener.log Command line argument:             --add-opens=java.base/java.util.concurrent=ALL-UNNAMED
27-May-2026 08:36:30.796 INFO [main] org.apache.catalina.startup.VersionLoggerListener.log Command line argument:             --add-opens=java.rmi/sun.rmi.transport=ALL-UNNAMED
27-May-2026 08:36:30.796 INFO [main] org.apache.catalina.startup.VersionLoggerListener.log Command line argument:             -Dcatalina.home=C:\apache-tomcat-9.0.117
27-May-2026 08:36:30.796 INFO [main] org.apache.catalina.startup.VersionLoggerListener.log Command line argument:             -Dcatalina.base=C:\Users\Juanm\IdeaProjects\eventosProyecto\webapps
27-May-2026 08:36:30.796 INFO [main] org.apache.catalina.startup.VersionLoggerListener.log Command line argument:             -Djava.io.tmpdir=C:\Users\Juanm\IdeaProjects\eventosProyecto\webapps\temp
27-May-2026 08:36:30.796 INFO [main] org.apache.catalina.startup.VersionLoggerListener.log Command line argument:             -Djava.util.logging.config.file=C:\Users\Juanm\IdeaProjects\eventosProyecto\webapps\conf\logging.properties
27-May-2026 08:36:30.797 INFO [main] org.apache.catalina.startup.VersionLoggerListener.log Command line argument:             -Djava.util.logging.manager=org.apache.juli.ClassLoaderLogManager
27-May-2026 08:36:30.797 INFO [main] org.apache.catalina.startup.VersionLoggerListener.log Command line argument:             -javaagent:C:\Program Files\JetBrains\IntelliJ IDEA 2025.3\lib\idea_rt.jar=62565
27-May-2026 08:36:30.797 INFO [main] org.apache.catalina.startup.VersionLoggerListener.log Command line argument:             -Dfile.encoding=UTF-8
27-May-2026 08:36:30.797 INFO [main] org.apache.catalina.startup.VersionLoggerListener.log Command line argument:             -Dsun.stdout.encoding=UTF-8
27-May-2026 08:36:30.797 INFO [main] org.apache.catalina.startup.VersionLoggerListener.log Command line argument:             -Dsun.stderr.encoding=UTF-8
27-May-2026 08:36:30.808 INFO [main] org.apache.catalina.core.AprLifecycleListener.lifecycleEvent Cargada la biblioteca nativa APR de Apache Tomcat [1.3.7] con la versión APR [1.7.6].
27-May-2026 08:36:30.808 INFO [main] org.apache.catalina.core.AprLifecycleListener.lifecycleEvent Capacidades APR: IPv6 [true], enviar fichero [true], aceptar filtros [false], aleatorio [true], UDS [true].
27-May-2026 08:36:30.808 INFO [main] org.apache.catalina.core.AprLifecycleListener.lifecycleEvent APR/OpenSSL configuration: useAprConnector [false], useOpenSSL [true]
27-May-2026 08:36:30.835 INFO [main] org.apache.catalina.core.AprLifecycleListener.initializeSSL OpenSSL inicializado correctamente [OpenSSL 3.0.19 27 Jan 2026]
27-May-2026 08:36:31.830 INFO [main] org.apache.coyote.AbstractProtocol.init Inicializando el manejador de protocolo ["http-nio-8080"]

27-May-2026 08:36:31.869 INFO [main] org.apache.catalina.startup.Catalina.load Server initialization in [1774] milliseconds
27-May-2026 08:36:31.985 INFO [main] org.apache.catalina.core.StandardService.startInternal Arrancando servicio [Catalina]
27-May-2026 08:36:31.985 INFO [main] org.apache.catalina.core.StandardEngine.startInternal Starting Servlet engine: [Apache Tomcat/9.0.117]
27-May-2026 08:36:32.009 INFO [main] org.apache.catalina.startup.HostConfig.deployDescriptor Desplieque del descriptor de configuración [C:\Users\Juanm\IdeaProjects\eventosProyecto\webapps\conf\Catalina\localhost\eventosProyecto.xml]
27-May-2026 08:36:34.926 INFO [main] org.apache.jasper.servlet.TldScanner.scanJars Al menos un JAR, que se ha explorado buscando TLDs, aún no contenía TLDs. Activar historial de depuración para este historiador para una completa lista de los JARs que fueron explorados y de los que nos se halló TLDs. Saltarse JARs no necesarios durante la exploración puede dar lugar a una mejora de tiempo significativa en el arranque y compilación de JSP .
27-May-2026 08:36:35.153 INFO [main] org.apache.catalina.startup.HostConfig.deployDescriptor Deployment of deployment descriptor [C:\Users\Juanm\IdeaProjects\eventosProyecto\webapps\conf\Catalina\localhost\eventosProyecto.xml] has finished in [3.132] ms
27-May-2026 08:36:35.166 INFO [main] org.apache.coyote.AbstractProtocol.start Starting ProtocolHandler ["http-nio-8080"]
27-May-2026 08:36:35.218 INFO [main] org.apache.catalina.startup.Catalina.start Server startup in [3343] milliseconds
27-May-2026 08:44:14.536 INFO [Thread-1] org.apache.coyote.AbstractProtocol.pause Pausing ProtocolHandler ["http-nio-8080"]
27-May-2026 08:44:14.606 INFO [Thread-1] org.apache.catalina.core.StandardService.stopInternal Parando servicio [Catalina]
27-May-2026 08:44:14.670 WARNING [Thread-1] org.apache.catalina.loader.WebappClassLoaderBase.clearReferencesJdbc La aplicación web [eventosProyecto] registró el conductor JDBC [com.mysql.cj.jdbc.Driver] pero falló al anular el registro mientras la aplicación web estaba parada. Para prevenir un fallo de memoria, se ha anulado el registro del conductor JDBC por la fuerza.
27-May-2026 08:44:14.674 WARNING [Thread-1] org.apache.catalina.loader.WebappClassLoaderBase.clearReferencesThreads The web application [eventosProyecto] appears to have started a thread named [mysql-cj-abandoned-connection-cleanup] but has failed to stop it. This is very likely to create a memory leak. Stack trace of thread:
 java.base/java.lang.Object.wait0(Native Method)
 java.base/java.lang.Object.wait(Object.java:389)
 java.base/java.lang.ref.ReferenceQueue.remove0(ReferenceQueue.java:123)
 java.base/java.lang.ref.ReferenceQueue.remove(ReferenceQueue.java:201)
 com.mysql.cj.jdbc.AbandonedConnectionCleanupThread.run(AbandonedConnectionCleanupThread.java:91)
 java.base/java.util.concurrent.ThreadPoolExecutor.runWorker(ThreadPoolExecutor.java:1090)
 java.base/java.util.concurrent.ThreadPoolExecutor$Worker.run(ThreadPoolExecutor.java:614)
 java.base/java.lang.Thread.run(Thread.java:1474)
27-May-2026 08:44:14.718 INFO [Thread-1] org.apache.coyote.AbstractProtocol.stop Stopping ProtocolHandler ["http-nio-8080"]
27-May-2026 08:44:14.735 INFO [Thread-1] org.apache.coyote.AbstractProtocol.destroy Destroying ProtocolHandler ["http-nio-8080"]
27-May-2026 08:44:14.841 INFO [mysql-cj-abandoned-connection-cleanup] org.apache.catalina.loader.WebappClassLoaderBase.checkStateForResourceLoading Acceso ilegal: esta instancia de aplicación web ya ha sido parada.  Could not load [].  La eventual traza de pila que sigue ha sido motivada por un error lanzado con motivos de depuración así como para intentar terminar el hilo que motivó el acceso ilegal y no tiene impacto funcional.
	java.lang.IllegalStateException: Acceso ilegal: esta instancia de aplicación web ya ha sido parada.  Could not load [].  La eventual traza de pila que sigue ha sido motivada por un error lanzado con motivos de depuración así como para intentar terminar el hilo que motivó el acceso ilegal y no tiene impacto funcional.
		at org.apache.catalina.loader.WebappClassLoaderBase.checkStateForResourceLoading(WebappClassLoaderBase.java:1370)
		at org.apache.catalina.loader.WebappClassLoaderBase.getResource(WebappClassLoaderBase.java:994)
		at com.mysql.cj.jdbc.AbandonedConnectionCleanupThread.checkThreadContextClassLoader(AbandonedConnectionCleanupThread.java:123)
		at com.mysql.cj.jdbc.AbandonedConnectionCleanupThread.run(AbandonedConnectionCleanupThread.java:90)
		at java.base/java.util.concurrent.ThreadPoolExecutor.runWorker(ThreadPoolExecutor.java:1090)
		at java.base/java.util.concurrent.ThreadPoolExecutor$Worker.run(ThreadPoolExecutor.java:614)
		at java.base/java.lang.Thread.run(Thread.java:1474)
27-May-2026 08:44:14.846 INFO [mysql-cj-abandoned-connection-cleanup] org.apache.catalina.loader.WebappClassLoaderBase.checkStateForResourceLoading Acceso ilegal: esta instancia de aplicación web ya ha sido parada.  Could not load [].  La eventual traza de pila que sigue ha sido motivada por un error lanzado con motivos de depuración así como para intentar terminar el hilo que motivó el acceso ilegal y no tiene impacto funcional.
	java.lang.IllegalStateException: Acceso ilegal: esta instancia de aplicación web ya ha sido parada.  Could not load [].  La eventual traza de pila que sigue ha sido motivada por un error lanzado con motivos de depuración así como para intentar terminar el hilo que motivó el acceso ilegal y no tiene impacto funcional.
		at org.apache.catalina.loader.WebappClassLoaderBase.checkStateForResourceLoading(WebappClassLoaderBase.java:1370)
		at org.apache.catalina.loader.WebappClassLoaderBase.getResource(WebappClassLoaderBase.java:994)
		at com.mysql.cj.jdbc.AbandonedConnectionCleanupThread.checkThreadContextClassLoader(AbandonedConnectionCleanupThread.java:123)
		at com.mysql.cj.jdbc.AbandonedConnectionCleanupThread.run(AbandonedConnectionCleanupThread.java:90)
		at java.base/java.util.concurrent.ThreadPoolExecutor.runWorker(ThreadPoolExecutor.java:1090)
		at java.base/java.util.concurrent.ThreadPoolExecutor$Worker.run(ThreadPoolExecutor.java:614)
		at java.base/java.lang.Thread.run(Thread.java:1474)
27-May-2026 08:44:21.603 INFO [main] org.apache.catalina.startup.VersionLoggerListener.log Nombre de la versión del servidor: Apache Tomcat/9.0.117
27-May-2026 08:44:21.612 INFO [main] org.apache.catalina.startup.VersionLoggerListener.log Server built:                      Mar 30 2026 18:21:16 UTC
27-May-2026 08:44:21.614 INFO [main] org.apache.catalina.startup.VersionLoggerListener.log Número de versión de servidor:     9.0.117.0
27-May-2026 08:44:21.615 INFO [main] org.apache.catalina.startup.VersionLoggerListener.log OS Name:                           Windows 11
27-May-2026 08:44:21.615 INFO [main] org.apache.catalina.startup.VersionLoggerListener.log Versión de Systema Operativo:      10.0
27-May-2026 08:44:21.616 INFO [main] org.apache.catalina.startup.VersionLoggerListener.log Arquitectura:                      amd64
27-May-2026 08:44:21.616 INFO [main] org.apache.catalina.startup.VersionLoggerListener.log Java Home:                         C:\Users\Juanm\.jdks\openjdk-25.0.2
27-May-2026 08:44:21.617 INFO [main] org.apache.catalina.startup.VersionLoggerListener.log JVM Version:                       25.0.2+10-69
27-May-2026 08:44:21.617 INFO [main] org.apache.catalina.startup.VersionLoggerListener.log Vededor JVM:                       Oracle Corporation
27-May-2026 08:44:21.617 INFO [main] org.apache.catalina.startup.VersionLoggerListener.log CATALINA_BASE:                     C:\Users\Juanm\IdeaProjects\eventosProyecto\webapps
27-May-2026 08:44:21.618 INFO [main] org.apache.catalina.startup.VersionLoggerListener.log CATALINA_HOME:                     C:\apache-tomcat-9.0.117
27-May-2026 08:44:21.634 INFO [main] org.apache.catalina.startup.VersionLoggerListener.log Command line argument:             --add-opens=java.base/java.lang=ALL-UNNAMED
27-May-2026 08:44:21.635 INFO [main] org.apache.catalina.startup.VersionLoggerListener.log Command line argument:             --add-opens=java.base/java.io=ALL-UNNAMED
27-May-2026 08:44:21.635 INFO [main] org.apache.catalina.startup.VersionLoggerListener.log Command line argument:             --add-opens=java.base/java.util=ALL-UNNAMED
27-May-2026 08:44:21.635 INFO [main] org.apache.catalina.startup.VersionLoggerListener.log Command line argument:             --add-opens=java.base/java.util.concurrent=ALL-UNNAMED
27-May-2026 08:44:21.635 INFO [main] org.apache.catalina.startup.VersionLoggerListener.log Command line argument:             --add-opens=java.rmi/sun.rmi.transport=ALL-UNNAMED
27-May-2026 08:44:21.635 INFO [main] org.apache.catalina.startup.VersionLoggerListener.log Command line argument:             -Dcatalina.home=C:\apache-tomcat-9.0.117
27-May-2026 08:44:21.635 INFO [main] org.apache.catalina.startup.VersionLoggerListener.log Command line argument:             -Dcatalina.base=C:\Users\Juanm\IdeaProjects\eventosProyecto\webapps
27-May-2026 08:44:21.636 INFO [main] org.apache.catalina.startup.VersionLoggerListener.log Command line argument:             -Djava.io.tmpdir=C:\Users\Juanm\IdeaProjects\eventosProyecto\webapps\temp
27-May-2026 08:44:21.636 INFO [main] org.apache.catalina.startup.VersionLoggerListener.log Command line argument:             -Djava.util.logging.config.file=C:\Users\Juanm\IdeaProjects\eventosProyecto\webapps\conf\logging.properties
27-May-2026 08:44:21.636 INFO [main] org.apache.catalina.startup.VersionLoggerListener.log Command line argument:             -Djava.util.logging.manager=org.apache.juli.ClassLoaderLogManager
27-May-2026 08:44:21.636 INFO [main] org.apache.catalina.startup.VersionLoggerListener.log Command line argument:             -javaagent:C:\Program Files\JetBrains\IntelliJ IDEA 2025.3\lib\idea_rt.jar=60768
27-May-2026 08:44:21.636 INFO [main] org.apache.catalina.startup.VersionLoggerListener.log Command line argument:             -Dfile.encoding=UTF-8
27-May-2026 08:44:21.636 INFO [main] org.apache.catalina.startup.VersionLoggerListener.log Command line argument:             -Dsun.stdout.encoding=UTF-8
27-May-2026 08:44:21.636 INFO [main] org.apache.catalina.startup.VersionLoggerListener.log Command line argument:             -Dsun.stderr.encoding=UTF-8
27-May-2026 08:44:21.650 INFO [main] org.apache.catalina.core.AprLifecycleListener.lifecycleEvent Cargada la biblioteca nativa APR de Apache Tomcat [1.3.7] con la versión APR [1.7.6].
27-May-2026 08:44:21.650 INFO [main] org.apache.catalina.core.AprLifecycleListener.lifecycleEvent Capacidades APR: IPv6 [true], enviar fichero [true], aceptar filtros [false], aleatorio [true], UDS [true].
27-May-2026 08:44:21.650 INFO [main] org.apache.catalina.core.AprLifecycleListener.lifecycleEvent APR/OpenSSL configuration: useAprConnector [false], useOpenSSL [true]
27-May-2026 08:44:21.680 INFO [main] org.apache.catalina.core.AprLifecycleListener.initializeSSL OpenSSL inicializado correctamente [OpenSSL 3.0.19 27 Jan 2026]
27-May-2026 08:44:22.410 INFO [main] org.apache.coyote.AbstractProtocol.init Inicializando el manejador de protocolo ["http-nio-8080"]

27-May-2026 08:44:22.446 INFO [main] org.apache.catalina.startup.Catalina.load Server initialization in [1515] milliseconds
27-May-2026 08:44:22.559 INFO [main] org.apache.catalina.core.StandardService.startInternal Arrancando servicio [Catalina]
27-May-2026 08:44:22.559 INFO [main] org.apache.catalina.core.StandardEngine.startInternal Starting Servlet engine: [Apache Tomcat/9.0.117]
27-May-2026 08:44:22.582 INFO [main] org.apache.catalina.startup.HostConfig.deployDescriptor Desplieque del descriptor de configuración [C:\Users\Juanm\IdeaProjects\eventosProyecto\webapps\conf\Catalina\localhost\eventosProyecto.xml]
27-May-2026 08:44:25.356 INFO [main] org.apache.jasper.servlet.TldScanner.scanJars Al menos un JAR, que se ha explorado buscando TLDs, aún no contenía TLDs. Activar historial de depuración para este historiador para una completa lista de los JARs que fueron explorados y de los que nos se halló TLDs. Saltarse JARs no necesarios durante la exploración puede dar lugar a una mejora de tiempo significativa en el arranque y compilación de JSP .
27-May-2026 08:44:25.648 INFO [main] org.apache.catalina.startup.HostConfig.deployDescriptor Deployment of deployment descriptor [C:\Users\Juanm\IdeaProjects\eventosProyecto\webapps\conf\Catalina\localhost\eventosProyecto.xml] has finished in [3.054] ms
27-May-2026 08:44:25.656 INFO [main] org.apache.coyote.AbstractProtocol.start Starting ProtocolHandler ["http-nio-8080"]
27-May-2026 08:44:25.691 INFO [main] org.apache.catalina.startup.Catalina.start Server startup in [3242] milliseconds
27-May-2026 08:46:38.468 INFO [Thread-1] org.apache.coyote.AbstractProtocol.pause Pausing ProtocolHandler ["http-nio-8080"]
27-May-2026 08:46:38.488 INFO [Thread-1] org.apache.catalina.core.StandardService.stopInternal Parando servicio [Catalina]
27-May-2026 08:46:38.504 WARNING [Thread-1] org.apache.catalina.loader.WebappClassLoaderBase.clearReferencesJdbc La aplicación web [eventosProyecto] registró el conductor JDBC [com.mysql.cj.jdbc.Driver] pero falló al anular el registro mientras la aplicación web estaba parada. Para prevenir un fallo de memoria, se ha anulado el registro del conductor JDBC por la fuerza.
27-May-2026 08:46:38.505 WARNING [Thread-1] org.apache.catalina.loader.WebappClassLoaderBase.clearReferencesThreads The web application [eventosProyecto] appears to have started a thread named [mysql-cj-abandoned-connection-cleanup] but has failed to stop it. This is very likely to create a memory leak. Stack trace of thread:
 java.base/java.lang.Object.wait0(Native Method)
 java.base/java.lang.Object.wait(Object.java:389)
 java.base/java.lang.ref.ReferenceQueue.remove0(ReferenceQueue.java:123)
 java.base/java.lang.ref.ReferenceQueue.remove(ReferenceQueue.java:201)
 com.mysql.cj.jdbc.AbandonedConnectionCleanupThread.run(AbandonedConnectionCleanupThread.java:91)
 java.base/java.util.concurrent.ThreadPoolExecutor.runWorker(ThreadPoolExecutor.java:1090)
 java.base/java.util.concurrent.ThreadPoolExecutor$Worker.run(ThreadPoolExecutor.java:614)
 java.base/java.lang.Thread.run(Thread.java:1474)
27-May-2026 08:46:38.522 INFO [Thread-1] org.apache.coyote.AbstractProtocol.stop Stopping ProtocolHandler ["http-nio-8080"]
27-May-2026 08:46:38.534 INFO [Thread-1] org.apache.coyote.AbstractProtocol.destroy Destroying ProtocolHandler ["http-nio-8080"]
27-May-2026 08:46:38.571 INFO [mysql-cj-abandoned-connection-cleanup] org.apache.catalina.loader.WebappClassLoaderBase.checkStateForResourceLoading Acceso ilegal: esta instancia de aplicación web ya ha sido parada.  Could not load [].  La eventual traza de pila que sigue ha sido motivada por un error lanzado con motivos de depuración así como para intentar terminar el hilo que motivó el acceso ilegal y no tiene impacto funcional.
	java.lang.IllegalStateException: Acceso ilegal: esta instancia de aplicación web ya ha sido parada.  Could not load [].  La eventual traza de pila que sigue ha sido motivada por un error lanzado con motivos de depuración así como para intentar terminar el hilo que motivó el acceso ilegal y no tiene impacto funcional.
		at org.apache.catalina.loader.WebappClassLoaderBase.checkStateForResourceLoading(WebappClassLoaderBase.java:1370)
		at org.apache.catalina.loader.WebappClassLoaderBase.getResource(WebappClassLoaderBase.java:994)
		at com.mysql.cj.jdbc.AbandonedConnectionCleanupThread.checkThreadContextClassLoader(AbandonedConnectionCleanupThread.java:123)
		at com.mysql.cj.jdbc.AbandonedConnectionCleanupThread.run(AbandonedConnectionCleanupThread.java:90)
		at java.base/java.util.concurrent.ThreadPoolExecutor.runWorker(ThreadPoolExecutor.java:1090)
		at java.base/java.util.concurrent.ThreadPoolExecutor$Worker.run(ThreadPoolExecutor.java:614)
		at java.base/java.lang.Thread.run(Thread.java:1474)
27-May-2026 08:46:44.086 INFO [main] org.apache.catalina.startup.VersionLoggerListener.log Nombre de la versión del servidor: Apache Tomcat/9.0.117
27-May-2026 08:46:44.094 INFO [main] org.apache.catalina.startup.VersionLoggerListener.log Server built:                      Mar 30 2026 18:21:16 UTC
27-May-2026 08:46:44.094 INFO [main] org.apache.catalina.startup.VersionLoggerListener.log Número de versión de servidor:     9.0.117.0
27-May-2026 08:46:44.094 INFO [main] org.apache.catalina.startup.VersionLoggerListener.log OS Name:                           Windows 11
27-May-2026 08:46:44.095 INFO [main] org.apache.catalina.startup.VersionLoggerListener.log Versión de Systema Operativo:      10.0
27-May-2026 08:46:44.095 INFO [main] org.apache.catalina.startup.VersionLoggerListener.log Arquitectura:                      amd64
27-May-2026 08:46:44.095 INFO [main] org.apache.catalina.startup.VersionLoggerListener.log Java Home:                         C:\Users\Juanm\.jdks\openjdk-25.0.2
27-May-2026 08:46:44.097 INFO [main] org.apache.catalina.startup.VersionLoggerListener.log JVM Version:                       25.0.2+10-69
27-May-2026 08:46:44.097 INFO [main] org.apache.catalina.startup.VersionLoggerListener.log Vededor JVM:                       Oracle Corporation
27-May-2026 08:46:44.097 INFO [main] org.apache.catalina.startup.VersionLoggerListener.log CATALINA_BASE:                     C:\Users\Juanm\IdeaProjects\eventosProyecto\webapps
27-May-2026 08:46:44.097 INFO [main] org.apache.catalina.startup.VersionLoggerListener.log CATALINA_HOME:                     C:\apache-tomcat-9.0.117
27-May-2026 08:46:44.113 INFO [main] org.apache.catalina.startup.VersionLoggerListener.log Command line argument:             --add-opens=java.base/java.lang=ALL-UNNAMED
27-May-2026 08:46:44.113 INFO [main] org.apache.catalina.startup.VersionLoggerListener.log Command line argument:             --add-opens=java.base/java.io=ALL-UNNAMED
27-May-2026 08:46:44.114 INFO [main] org.apache.catalina.startup.VersionLoggerListener.log Command line argument:             --add-opens=java.base/java.util=ALL-UNNAMED
27-May-2026 08:46:44.114 INFO [main] org.apache.catalina.startup.VersionLoggerListener.log Command line argument:             --add-opens=java.base/java.util.concurrent=ALL-UNNAMED
27-May-2026 08:46:44.114 INFO [main] org.apache.catalina.startup.VersionLoggerListener.log Command line argument:             --add-opens=java.rmi/sun.rmi.transport=ALL-UNNAMED
27-May-2026 08:46:44.114 INFO [main] org.apache.catalina.startup.VersionLoggerListener.log Command line argument:             -Dcatalina.home=C:\apache-tomcat-9.0.117
27-May-2026 08:46:44.115 INFO [main] org.apache.catalina.startup.VersionLoggerListener.log Command line argument:             -Dcatalina.base=C:\Users\Juanm\IdeaProjects\eventosProyecto\webapps
27-May-2026 08:46:44.115 INFO [main] org.apache.catalina.startup.VersionLoggerListener.log Command line argument:             -Djava.io.tmpdir=C:\Users\Juanm\IdeaProjects\eventosProyecto\webapps\temp
27-May-2026 08:46:44.115 INFO [main] org.apache.catalina.startup.VersionLoggerListener.log Command line argument:             -Djava.util.logging.config.file=C:\Users\Juanm\IdeaProjects\eventosProyecto\webapps\conf\logging.properties
27-May-2026 08:46:44.115 INFO [main] org.apache.catalina.startup.VersionLoggerListener.log Command line argument:             -Djava.util.logging.manager=org.apache.juli.ClassLoaderLogManager
27-May-2026 08:46:44.115 INFO [main] org.apache.catalina.startup.VersionLoggerListener.log Command line argument:             -javaagent:C:\Program Files\JetBrains\IntelliJ IDEA 2025.3\lib\idea_rt.jar=49388
27-May-2026 08:46:44.116 INFO [main] org.apache.catalina.startup.VersionLoggerListener.log Command line argument:             -Dfile.encoding=UTF-8
27-May-2026 08:46:44.116 INFO [main] org.apache.catalina.startup.VersionLoggerListener.log Command line argument:             -Dsun.stdout.encoding=UTF-8
27-May-2026 08:46:44.116 INFO [main] org.apache.catalina.startup.VersionLoggerListener.log Command line argument:             -Dsun.stderr.encoding=UTF-8
27-May-2026 08:46:44.127 INFO [main] org.apache.catalina.core.AprLifecycleListener.lifecycleEvent Cargada la biblioteca nativa APR de Apache Tomcat [1.3.7] con la versión APR [1.7.6].
27-May-2026 08:46:44.127 INFO [main] org.apache.catalina.core.AprLifecycleListener.lifecycleEvent Capacidades APR: IPv6 [true], enviar fichero [true], aceptar filtros [false], aleatorio [true], UDS [true].
27-May-2026 08:46:44.127 INFO [main] org.apache.catalina.core.AprLifecycleListener.lifecycleEvent APR/OpenSSL configuration: useAprConnector [false], useOpenSSL [true]
27-May-2026 08:46:44.145 INFO [main] org.apache.catalina.core.AprLifecycleListener.initializeSSL OpenSSL inicializado correctamente [OpenSSL 3.0.19 27 Jan 2026]
27-May-2026 08:46:44.891 INFO [main] org.apache.coyote.AbstractProtocol.init Inicializando el manejador de protocolo ["http-nio-8080"]

27-May-2026 08:46:44.921 INFO [main] org.apache.catalina.startup.Catalina.load Server initialization in [1415] milliseconds
27-May-2026 08:46:45.018 INFO [main] org.apache.catalina.core.StandardService.startInternal Arrancando servicio [Catalina]
27-May-2026 08:46:45.018 INFO [main] org.apache.catalina.core.StandardEngine.startInternal Starting Servlet engine: [Apache Tomcat/9.0.117]
27-May-2026 08:46:45.037 INFO [main] org.apache.catalina.startup.HostConfig.deployDescriptor Desplieque del descriptor de configuración [C:\Users\Juanm\IdeaProjects\eventosProyecto\webapps\conf\Catalina\localhost\eventosProyecto.xml]
27-May-2026 08:46:47.545 INFO [main] org.apache.jasper.servlet.TldScanner.scanJars Al menos un JAR, que se ha explorado buscando TLDs, aún no contenía TLDs. Activar historial de depuración para este historiador para una completa lista de los JARs que fueron explorados y de los que nos se halló TLDs. Saltarse JARs no necesarios durante la exploración puede dar lugar a una mejora de tiempo significativa en el arranque y compilación de JSP .
27-May-2026 08:46:47.801 INFO [main] org.apache.catalina.startup.HostConfig.deployDescriptor Deployment of deployment descriptor [C:\Users\Juanm\IdeaProjects\eventosProyecto\webapps\conf\Catalina\localhost\eventosProyecto.xml] has finished in [2.751] ms
27-May-2026 08:46:47.811 INFO [main] org.apache.coyote.AbstractProtocol.start Starting ProtocolHandler ["http-nio-8080"]
27-May-2026 08:46:47.860 INFO [main] org.apache.catalina.startup.Catalina.start Server startup in [2936] milliseconds
27-May-2026 08:49:38.925 INFO [Thread-1] org.apache.coyote.AbstractProtocol.pause Pausing ProtocolHandler ["http-nio-8080"]
27-May-2026 08:49:38.961 INFO [Thread-1] org.apache.catalina.core.StandardService.stopInternal Parando servicio [Catalina]
27-May-2026 08:49:38.992 WARNING [Thread-1] org.apache.catalina.loader.WebappClassLoaderBase.clearReferencesJdbc La aplicación web [eventosProyecto] registró el conductor JDBC [com.mysql.cj.jdbc.Driver] pero falló al anular el registro mientras la aplicación web estaba parada. Para prevenir un fallo de memoria, se ha anulado el registro del conductor JDBC por la fuerza.
27-May-2026 08:49:38.994 WARNING [Thread-1] org.apache.catalina.loader.WebappClassLoaderBase.clearReferencesThreads The web application [eventosProyecto] appears to have started a thread named [mysql-cj-abandoned-connection-cleanup] but has failed to stop it. This is very likely to create a memory leak. Stack trace of thread:
 java.base/java.lang.Object.wait0(Native Method)
 java.base/java.lang.Object.wait(Object.java:389)
 java.base/java.lang.ref.ReferenceQueue.remove0(ReferenceQueue.java:123)
 java.base/java.lang.ref.ReferenceQueue.remove(ReferenceQueue.java:201)
 com.mysql.cj.jdbc.AbandonedConnectionCleanupThread.run(AbandonedConnectionCleanupThread.java:91)
 java.base/java.util.concurrent.ThreadPoolExecutor.runWorker(ThreadPoolExecutor.java:1090)
 java.base/java.util.concurrent.ThreadPoolExecutor$Worker.run(ThreadPoolExecutor.java:614)
 java.base/java.lang.Thread.run(Thread.java:1474)
27-May-2026 08:49:39.019 INFO [Thread-1] org.apache.coyote.AbstractProtocol.stop Stopping ProtocolHandler ["http-nio-8080"]
27-May-2026 08:49:39.029 INFO [Thread-1] org.apache.coyote.AbstractProtocol.destroy Destroying ProtocolHandler ["http-nio-8080"]
27-May-2026 08:49:39.080 INFO [mysql-cj-abandoned-connection-cleanup] org.apache.catalina.loader.WebappClassLoaderBase.checkStateForResourceLoading Acceso ilegal: esta instancia de aplicación web ya ha sido parada.  Could not load [].  La eventual traza de pila que sigue ha sido motivada por un error lanzado con motivos de depuración así como para intentar terminar el hilo que motivó el acceso ilegal y no tiene impacto funcional.
	java.lang.IllegalStateException: Acceso ilegal: esta instancia de aplicación web ya ha sido parada.  Could not load [].  La eventual traza de pila que sigue ha sido motivada por un error lanzado con motivos de depuración así como para intentar terminar el hilo que motivó el acceso ilegal y no tiene impacto funcional.
		at org.apache.catalina.loader.WebappClassLoaderBase.checkStateForResourceLoading(WebappClassLoaderBase.java:1370)
		at org.apache.catalina.loader.WebappClassLoaderBase.getResource(WebappClassLoaderBase.java:994)
		at com.mysql.cj.jdbc.AbandonedConnectionCleanupThread.checkThreadContextClassLoader(AbandonedConnectionCleanupThread.java:123)
		at com.mysql.cj.jdbc.AbandonedConnectionCleanupThread.run(AbandonedConnectionCleanupThread.java:90)
		at java.base/java.util.concurrent.ThreadPoolExecutor.runWorker(ThreadPoolExecutor.java:1090)
		at java.base/java.util.concurrent.ThreadPoolExecutor$Worker.run(ThreadPoolExecutor.java:614)
		at java.base/java.lang.Thread.run(Thread.java:1474)
27-May-2026 08:49:45.303 INFO [main] org.apache.catalina.startup.VersionLoggerListener.log Nombre de la versión del servidor: Apache Tomcat/9.0.117
27-May-2026 08:49:45.311 INFO [main] org.apache.catalina.startup.VersionLoggerListener.log Server built:                      Mar 30 2026 18:21:16 UTC
27-May-2026 08:49:45.312 INFO [main] org.apache.catalina.startup.VersionLoggerListener.log Número de versión de servidor:     9.0.117.0
27-May-2026 08:49:45.313 INFO [main] org.apache.catalina.startup.VersionLoggerListener.log OS Name:                           Windows 11
27-May-2026 08:49:45.313 INFO [main] org.apache.catalina.startup.VersionLoggerListener.log Versión de Systema Operativo:      10.0
27-May-2026 08:49:45.314 INFO [main] org.apache.catalina.startup.VersionLoggerListener.log Arquitectura:                      amd64
27-May-2026 08:49:45.314 INFO [main] org.apache.catalina.startup.VersionLoggerListener.log Java Home:                         C:\Users\Juanm\.jdks\openjdk-25.0.2
27-May-2026 08:49:45.314 INFO [main] org.apache.catalina.startup.VersionLoggerListener.log JVM Version:                       25.0.2+10-69
27-May-2026 08:49:45.315 INFO [main] org.apache.catalina.startup.VersionLoggerListener.log Vededor JVM:                       Oracle Corporation
27-May-2026 08:49:45.315 INFO [main] org.apache.catalina.startup.VersionLoggerListener.log CATALINA_BASE:                     C:\Users\Juanm\IdeaProjects\eventosProyecto\webapps
27-May-2026 08:49:45.315 INFO [main] org.apache.catalina.startup.VersionLoggerListener.log CATALINA_HOME:                     C:\apache-tomcat-9.0.117
27-May-2026 08:49:45.334 INFO [main] org.apache.catalina.startup.VersionLoggerListener.log Command line argument:             --add-opens=java.base/java.lang=ALL-UNNAMED
27-May-2026 08:49:45.335 INFO [main] org.apache.catalina.startup.VersionLoggerListener.log Command line argument:             --add-opens=java.base/java.io=ALL-UNNAMED
27-May-2026 08:49:45.335 INFO [main] org.apache.catalina.startup.VersionLoggerListener.log Command line argument:             --add-opens=java.base/java.util=ALL-UNNAMED
27-May-2026 08:49:45.335 INFO [main] org.apache.catalina.startup.VersionLoggerListener.log Command line argument:             --add-opens=java.base/java.util.concurrent=ALL-UNNAMED
27-May-2026 08:49:45.335 INFO [main] org.apache.catalina.startup.VersionLoggerListener.log Command line argument:             --add-opens=java.rmi/sun.rmi.transport=ALL-UNNAMED
27-May-2026 08:49:45.335 INFO [main] org.apache.catalina.startup.VersionLoggerListener.log Command line argument:             -Dcatalina.home=C:\apache-tomcat-9.0.117
27-May-2026 08:49:45.335 INFO [main] org.apache.catalina.startup.VersionLoggerListener.log Command line argument:             -Dcatalina.base=C:\Users\Juanm\IdeaProjects\eventosProyecto\webapps
27-May-2026 08:49:45.336 INFO [main] org.apache.catalina.startup.VersionLoggerListener.log Command line argument:             -Djava.io.tmpdir=C:\Users\Juanm\IdeaProjects\eventosProyecto\webapps\temp
27-May-2026 08:49:45.336 INFO [main] org.apache.catalina.startup.VersionLoggerListener.log Command line argument:             -Djava.util.logging.config.file=C:\Users\Juanm\IdeaProjects\eventosProyecto\webapps\conf\logging.properties
27-May-2026 08:49:45.336 INFO [main] org.apache.catalina.startup.VersionLoggerListener.log Command line argument:             -Djava.util.logging.manager=org.apache.juli.ClassLoaderLogManager
27-May-2026 08:49:45.336 INFO [main] org.apache.catalina.startup.VersionLoggerListener.log Command line argument:             -javaagent:C:\Program Files\JetBrains\IntelliJ IDEA 2025.3\lib\idea_rt.jar=61912
27-May-2026 08:49:45.336 INFO [main] org.apache.catalina.startup.VersionLoggerListener.log Command line argument:             -Dfile.encoding=UTF-8
27-May-2026 08:49:45.336 INFO [main] org.apache.catalina.startup.VersionLoggerListener.log Command line argument:             -Dsun.stdout.encoding=UTF-8
27-May-2026 08:49:45.336 INFO [main] org.apache.catalina.startup.VersionLoggerListener.log Command line argument:             -Dsun.stderr.encoding=UTF-8
27-May-2026 08:49:45.350 INFO [main] org.apache.catalina.core.AprLifecycleListener.lifecycleEvent Cargada la biblioteca nativa APR de Apache Tomcat [1.3.7] con la versión APR [1.7.6].
27-May-2026 08:49:45.350 INFO [main] org.apache.catalina.core.AprLifecycleListener.lifecycleEvent Capacidades APR: IPv6 [true], enviar fichero [true], aceptar filtros [false], aleatorio [true], UDS [true].
27-May-2026 08:49:45.350 INFO [main] org.apache.catalina.core.AprLifecycleListener.lifecycleEvent APR/OpenSSL configuration: useAprConnector [false], useOpenSSL [true]
27-May-2026 08:49:45.380 INFO [main] org.apache.catalina.core.AprLifecycleListener.initializeSSL OpenSSL inicializado correctamente [OpenSSL 3.0.19 27 Jan 2026]
27-May-2026 08:49:46.302 INFO [main] org.apache.coyote.AbstractProtocol.init Inicializando el manejador de protocolo ["http-nio-8080"]

27-May-2026 08:49:46.345 INFO [main] org.apache.catalina.startup.Catalina.load Server initialization in [1720] milliseconds
27-May-2026 08:49:46.470 INFO [main] org.apache.catalina.core.StandardService.startInternal Arrancando servicio [Catalina]
27-May-2026 08:49:46.471 INFO [main] org.apache.catalina.core.StandardEngine.startInternal Starting Servlet engine: [Apache Tomcat/9.0.117]
27-May-2026 08:49:46.487 INFO [main] org.apache.catalina.startup.HostConfig.deployDescriptor Desplieque del descriptor de configuración [C:\Users\Juanm\IdeaProjects\eventosProyecto\webapps\conf\Catalina\localhost\eventosProyecto.xml]
27-May-2026 08:49:49.482 INFO [main] org.apache.jasper.servlet.TldScanner.scanJars Al menos un JAR, que se ha explorado buscando TLDs, aún no contenía TLDs. Activar historial de depuración para este historiador para una completa lista de los JARs que fueron explorados y de los que nos se halló TLDs. Saltarse JARs no necesarios durante la exploración puede dar lugar a una mejora de tiempo significativa en el arranque y compilación de JSP .
27-May-2026 08:49:49.776 INFO [main] org.apache.catalina.startup.HostConfig.deployDescriptor Deployment of deployment descriptor [C:\Users\Juanm\IdeaProjects\eventosProyecto\webapps\conf\Catalina\localhost\eventosProyecto.xml] has finished in [3.277] ms
27-May-2026 08:49:49.790 INFO [main] org.apache.coyote.AbstractProtocol.start Starting ProtocolHandler ["http-nio-8080"]
27-May-2026 08:49:49.832 INFO [main] org.apache.catalina.startup.Catalina.start Server startup in [3479] milliseconds
27-May-2026 08:50:02.389 INFO [Thread-1] org.apache.coyote.AbstractProtocol.pause Pausing ProtocolHandler ["http-nio-8080"]
27-May-2026 08:50:02.401 INFO [Thread-1] org.apache.catalina.core.StandardService.stopInternal Parando servicio [Catalina]
27-May-2026 08:50:02.410 WARNING [Thread-1] org.apache.catalina.loader.WebappClassLoaderBase.clearReferencesJdbc La aplicación web [eventosProyecto] registró el conductor JDBC [com.mysql.cj.jdbc.Driver] pero falló al anular el registro mientras la aplicación web estaba parada. Para prevenir un fallo de memoria, se ha anulado el registro del conductor JDBC por la fuerza.
27-May-2026 08:50:02.411 WARNING [Thread-1] org.apache.catalina.loader.WebappClassLoaderBase.clearReferencesThreads The web application [eventosProyecto] appears to have started a thread named [mysql-cj-abandoned-connection-cleanup] but has failed to stop it. This is very likely to create a memory leak. Stack trace of thread:
 java.base/java.lang.Object.wait0(Native Method)
 java.base/java.lang.Object.wait(Object.java:389)
 java.base/java.lang.ref.ReferenceQueue.remove0(ReferenceQueue.java:123)
 java.base/java.lang.ref.ReferenceQueue.remove(ReferenceQueue.java:201)
 com.mysql.cj.jdbc.AbandonedConnectionCleanupThread.run(AbandonedConnectionCleanupThread.java:91)
 java.base/java.util.concurrent.ThreadPoolExecutor.runWorker(ThreadPoolExecutor.java:1090)
 java.base/java.util.concurrent.ThreadPoolExecutor$Worker.run(ThreadPoolExecutor.java:614)
 java.base/java.lang.Thread.run(Thread.java:1474)
27-May-2026 08:50:02.419 INFO [Thread-1] org.apache.coyote.AbstractProtocol.stop Stopping ProtocolHandler ["http-nio-8080"]
27-May-2026 08:50:02.426 INFO [Thread-1] org.apache.coyote.AbstractProtocol.destroy Destroying ProtocolHandler ["http-nio-8080"]
27-May-2026 08:50:02.457 INFO [mysql-cj-abandoned-connection-cleanup] org.apache.catalina.loader.WebappClassLoaderBase.checkStateForResourceLoading Acceso ilegal: esta instancia de aplicación web ya ha sido parada.  Could not load [].  La eventual traza de pila que sigue ha sido motivada por un error lanzado con motivos de depuración así como para intentar terminar el hilo que motivó el acceso ilegal y no tiene impacto funcional.
	java.lang.IllegalStateException: Acceso ilegal: esta instancia de aplicación web ya ha sido parada.  Could not load [].  La eventual traza de pila que sigue ha sido motivada por un error lanzado con motivos de depuración así como para intentar terminar el hilo que motivó el acceso ilegal y no tiene impacto funcional.
		at org.apache.catalina.loader.WebappClassLoaderBase.checkStateForResourceLoading(WebappClassLoaderBase.java:1370)
		at org.apache.catalina.loader.WebappClassLoaderBase.getResource(WebappClassLoaderBase.java:994)
		at com.mysql.cj.jdbc.AbandonedConnectionCleanupThread.checkThreadContextClassLoader(AbandonedConnectionCleanupThread.java:123)
		at com.mysql.cj.jdbc.AbandonedConnectionCleanupThread.run(AbandonedConnectionCleanupThread.java:90)
		at java.base/java.util.concurrent.ThreadPoolExecutor.runWorker(ThreadPoolExecutor.java:1090)
		at java.base/java.util.concurrent.ThreadPoolExecutor$Worker.run(ThreadPoolExecutor.java:614)
		at java.base/java.lang.Thread.run(Thread.java:1474)
27-May-2026 08:50:06.177 INFO [main] org.apache.catalina.startup.VersionLoggerListener.log Nombre de la versión del servidor: Apache Tomcat/9.0.117
27-May-2026 08:50:06.183 INFO [main] org.apache.catalina.startup.VersionLoggerListener.log Server built:                      Mar 30 2026 18:21:16 UTC
27-May-2026 08:50:06.184 INFO [main] org.apache.catalina.startup.VersionLoggerListener.log Número de versión de servidor:     9.0.117.0
27-May-2026 08:50:06.184 INFO [main] org.apache.catalina.startup.VersionLoggerListener.log OS Name:                           Windows 11
27-May-2026 08:50:06.184 INFO [main] org.apache.catalina.startup.VersionLoggerListener.log Versión de Systema Operativo:      10.0
27-May-2026 08:50:06.184 INFO [main] org.apache.catalina.startup.VersionLoggerListener.log Arquitectura:                      amd64
27-May-2026 08:50:06.185 INFO [main] org.apache.catalina.startup.VersionLoggerListener.log Java Home:                         C:\Users\Juanm\.jdks\openjdk-25.0.2
27-May-2026 08:50:06.185 INFO [main] org.apache.catalina.startup.VersionLoggerListener.log JVM Version:                       25.0.2+10-69
27-May-2026 08:50:06.185 INFO [main] org.apache.catalina.startup.VersionLoggerListener.log Vededor JVM:                       Oracle Corporation
27-May-2026 08:50:06.185 INFO [main] org.apache.catalina.startup.VersionLoggerListener.log CATALINA_BASE:                     C:\Users\Juanm\IdeaProjects\eventosProyecto\webapps
27-May-2026 08:50:06.186 INFO [main] org.apache.catalina.startup.VersionLoggerListener.log CATALINA_HOME:                     C:\apache-tomcat-9.0.117
27-May-2026 08:50:06.202 INFO [main] org.apache.catalina.startup.VersionLoggerListener.log Command line argument:             --add-opens=java.base/java.lang=ALL-UNNAMED
27-May-2026 08:50:06.203 INFO [main] org.apache.catalina.startup.VersionLoggerListener.log Command line argument:             --add-opens=java.base/java.io=ALL-UNNAMED
27-May-2026 08:50:06.204 INFO [main] org.apache.catalina.startup.VersionLoggerListener.log Command line argument:             --add-opens=java.base/java.util=ALL-UNNAMED
27-May-2026 08:50:06.204 INFO [main] org.apache.catalina.startup.VersionLoggerListener.log Command line argument:             --add-opens=java.base/java.util.concurrent=ALL-UNNAMED
27-May-2026 08:50:06.205 INFO [main] org.apache.catalina.startup.VersionLoggerListener.log Command line argument:             --add-opens=java.rmi/sun.rmi.transport=ALL-UNNAMED
27-May-2026 08:50:06.205 INFO [main] org.apache.catalina.startup.VersionLoggerListener.log Command line argument:             -Dcatalina.home=C:\apache-tomcat-9.0.117
27-May-2026 08:50:06.205 INFO [main] org.apache.catalina.startup.VersionLoggerListener.log Command line argument:             -Dcatalina.base=C:\Users\Juanm\IdeaProjects\eventosProyecto\webapps
27-May-2026 08:50:06.206 INFO [main] org.apache.catalina.startup.VersionLoggerListener.log Command line argument:             -Djava.io.tmpdir=C:\Users\Juanm\IdeaProjects\eventosProyecto\webapps\temp
27-May-2026 08:50:06.206 INFO [main] org.apache.catalina.startup.VersionLoggerListener.log Command line argument:             -Djava.util.logging.config.file=C:\Users\Juanm\IdeaProjects\eventosProyecto\webapps\conf\logging.properties
27-May-2026 08:50:06.206 INFO [main] org.apache.catalina.startup.VersionLoggerListener.log Command line argument:             -Djava.util.logging.manager=org.apache.juli.ClassLoaderLogManager
27-May-2026 08:50:06.206 INFO [main] org.apache.catalina.startup.VersionLoggerListener.log Command line argument:             -javaagent:C:\Program Files\JetBrains\IntelliJ IDEA 2025.3\lib\idea_rt.jar=50938
27-May-2026 08:50:06.206 INFO [main] org.apache.catalina.startup.VersionLoggerListener.log Command line argument:             -Dfile.encoding=UTF-8
27-May-2026 08:50:06.207 INFO [main] org.apache.catalina.startup.VersionLoggerListener.log Command line argument:             -Dsun.stdout.encoding=UTF-8
27-May-2026 08:50:06.207 INFO [main] org.apache.catalina.startup.VersionLoggerListener.log Command line argument:             -Dsun.stderr.encoding=UTF-8
27-May-2026 08:50:06.216 INFO [main] org.apache.catalina.core.AprLifecycleListener.lifecycleEvent Cargada la biblioteca nativa APR de Apache Tomcat [1.3.7] con la versión APR [1.7.6].
27-May-2026 08:50:06.216 INFO [main] org.apache.catalina.core.AprLifecycleListener.lifecycleEvent Capacidades APR: IPv6 [true], enviar fichero [true], aceptar filtros [false], aleatorio [true], UDS [true].
27-May-2026 08:50:06.216 INFO [main] org.apache.catalina.core.AprLifecycleListener.lifecycleEvent APR/OpenSSL configuration: useAprConnector [false], useOpenSSL [true]
27-May-2026 08:50:06.229 INFO [main] org.apache.catalina.core.AprLifecycleListener.initializeSSL OpenSSL inicializado correctamente [OpenSSL 3.0.19 27 Jan 2026]
27-May-2026 08:50:06.861 INFO [main] org.apache.coyote.AbstractProtocol.init Inicializando el manejador de protocolo ["http-nio-8080"]

27-May-2026 08:50:06.902 INFO [main] org.apache.catalina.startup.Catalina.load Server initialization in [1265] milliseconds
27-May-2026 08:50:06.987 INFO [main] org.apache.catalina.core.StandardService.startInternal Arrancando servicio [Catalina]
27-May-2026 08:50:06.987 INFO [main] org.apache.catalina.core.StandardEngine.startInternal Starting Servlet engine: [Apache Tomcat/9.0.117]
27-May-2026 08:50:07.002 INFO [main] org.apache.catalina.startup.HostConfig.deployDescriptor Desplieque del descriptor de configuración [C:\Users\Juanm\IdeaProjects\eventosProyecto\webapps\conf\Catalina\localhost\eventosProyecto.xml]
27-May-2026 08:50:09.311 INFO [main] org.apache.jasper.servlet.TldScanner.scanJars Al menos un JAR, que se ha explorado buscando TLDs, aún no contenía TLDs. Activar historial de depuración para este historiador para una completa lista de los JARs que fueron explorados y de los que nos se halló TLDs. Saltarse JARs no necesarios durante la exploración puede dar lugar a una mejora de tiempo significativa en el arranque y compilación de JSP .
27-May-2026 08:50:09.541 INFO [main] org.apache.catalina.startup.HostConfig.deployDescriptor Deployment of deployment descriptor [C:\Users\Juanm\IdeaProjects\eventosProyecto\webapps\conf\Catalina\localhost\eventosProyecto.xml] has finished in [2.527] ms
27-May-2026 08:50:09.553 INFO [main] org.apache.coyote.AbstractProtocol.start Starting ProtocolHandler ["http-nio-8080"]
27-May-2026 08:50:09.603 INFO [main] org.apache.catalina.startup.Catalina.start Server startup in [2696] milliseconds
27-May-2026 09:00:46.494 INFO [Thread-1] org.apache.coyote.AbstractProtocol.pause Pausing ProtocolHandler ["http-nio-8080"]
27-May-2026 09:00:46.550 INFO [Thread-1] org.apache.catalina.core.StandardService.stopInternal Parando servicio [Catalina]
27-May-2026 09:00:46.621 WARNING [Thread-1] org.apache.catalina.loader.WebappClassLoaderBase.clearReferencesJdbc La aplicación web [eventosProyecto] registró el conductor JDBC [com.mysql.cj.jdbc.Driver] pero falló al anular el registro mientras la aplicación web estaba parada. Para prevenir un fallo de memoria, se ha anulado el registro del conductor JDBC por la fuerza.
27-May-2026 09:00:46.627 WARNING [Thread-1] org.apache.catalina.loader.WebappClassLoaderBase.clearReferencesThreads The web application [eventosProyecto] appears to have started a thread named [mysql-cj-abandoned-connection-cleanup] but has failed to stop it. This is very likely to create a memory leak. Stack trace of thread:
 java.base/java.lang.Object.wait0(Native Method)
 java.base/java.lang.Object.wait(Object.java:389)
 java.base/java.lang.ref.ReferenceQueue.remove0(ReferenceQueue.java:123)
 java.base/java.lang.ref.ReferenceQueue.remove(ReferenceQueue.java:201)
 com.mysql.cj.jdbc.AbandonedConnectionCleanupThread.run(AbandonedConnectionCleanupThread.java:91)
 java.base/java.util.concurrent.ThreadPoolExecutor.runWorker(ThreadPoolExecutor.java:1090)
 java.base/java.util.concurrent.ThreadPoolExecutor$Worker.run(ThreadPoolExecutor.java:614)
 java.base/java.lang.Thread.run(Thread.java:1474)
27-May-2026 09:00:46.670 INFO [Thread-1] org.apache.coyote.AbstractProtocol.stop Stopping ProtocolHandler ["http-nio-8080"]
27-May-2026 09:00:46.687 INFO [Thread-1] org.apache.coyote.AbstractProtocol.destroy Destroying ProtocolHandler ["http-nio-8080"]
27-May-2026 09:00:46.790 INFO [mysql-cj-abandoned-connection-cleanup] org.apache.catalina.loader.WebappClassLoaderBase.checkStateForResourceLoading Acceso ilegal: esta instancia de aplicación web ya ha sido parada.  Could not load [].  La eventual traza de pila que sigue ha sido motivada por un error lanzado con motivos de depuración así como para intentar terminar el hilo que motivó el acceso ilegal y no tiene impacto funcional.
	java.lang.IllegalStateException: Acceso ilegal: esta instancia de aplicación web ya ha sido parada.  Could not load [].  La eventual traza de pila que sigue ha sido motivada por un error lanzado con motivos de depuración así como para intentar terminar el hilo que motivó el acceso ilegal y no tiene impacto funcional.
		at org.apache.catalina.loader.WebappClassLoaderBase.checkStateForResourceLoading(WebappClassLoaderBase.java:1370)
		at org.apache.catalina.loader.WebappClassLoaderBase.getResource(WebappClassLoaderBase.java:994)
		at com.mysql.cj.jdbc.AbandonedConnectionCleanupThread.checkThreadContextClassLoader(AbandonedConnectionCleanupThread.java:123)
		at com.mysql.cj.jdbc.AbandonedConnectionCleanupThread.run(AbandonedConnectionCleanupThread.java:90)
		at java.base/java.util.concurrent.ThreadPoolExecutor.runWorker(ThreadPoolExecutor.java:1090)
		at java.base/java.util.concurrent.ThreadPoolExecutor$Worker.run(ThreadPoolExecutor.java:614)
		at java.base/java.lang.Thread.run(Thread.java:1474)
27-May-2026 09:00:46.791 INFO [mysql-cj-abandoned-connection-cleanup] org.apache.catalina.loader.WebappClassLoaderBase.checkStateForResourceLoading Acceso ilegal: esta instancia de aplicación web ya ha sido parada.  Could not load [].  La eventual traza de pila que sigue ha sido motivada por un error lanzado con motivos de depuración así como para intentar terminar el hilo que motivó el acceso ilegal y no tiene impacto funcional.
	java.lang.IllegalStateException: Acceso ilegal: esta instancia de aplicación web ya ha sido parada.  Could not load [].  La eventual traza de pila que sigue ha sido motivada por un error lanzado con motivos de depuración así como para intentar terminar el hilo que motivó el acceso ilegal y no tiene impacto funcional.
		at org.apache.catalina.loader.WebappClassLoaderBase.checkStateForResourceLoading(WebappClassLoaderBase.java:1370)
		at org.apache.catalina.loader.WebappClassLoaderBase.getResource(WebappClassLoaderBase.java:994)
		at com.mysql.cj.jdbc.AbandonedConnectionCleanupThread.checkThreadContextClassLoader(AbandonedConnectionCleanupThread.java:123)
		at com.mysql.cj.jdbc.AbandonedConnectionCleanupThread.run(AbandonedConnectionCleanupThread.java:90)
		at java.base/java.util.concurrent.ThreadPoolExecutor.runWorker(ThreadPoolExecutor.java:1090)
		at java.base/java.util.concurrent.ThreadPoolExecutor$Worker.run(ThreadPoolExecutor.java:614)
		at java.base/java.lang.Thread.run(Thread.java:1474)
27-May-2026 09:00:53.211 INFO [main] org.apache.catalina.startup.VersionLoggerListener.log Nombre de la versión del servidor: Apache Tomcat/9.0.117
27-May-2026 09:00:53.216 INFO [main] org.apache.catalina.startup.VersionLoggerListener.log Server built:                      Mar 30 2026 18:21:16 UTC
27-May-2026 09:00:53.217 INFO [main] org.apache.catalina.startup.VersionLoggerListener.log Número de versión de servidor:     9.0.117.0
27-May-2026 09:00:53.218 INFO [main] org.apache.catalina.startup.VersionLoggerListener.log OS Name:                           Windows 11
27-May-2026 09:00:53.218 INFO [main] org.apache.catalina.startup.VersionLoggerListener.log Versión de Systema Operativo:      10.0
27-May-2026 09:00:53.218 INFO [main] org.apache.catalina.startup.VersionLoggerListener.log Arquitectura:                      amd64
27-May-2026 09:00:53.219 INFO [main] org.apache.catalina.startup.VersionLoggerListener.log Java Home:                         C:\Users\Juanm\.jdks\openjdk-25.0.2
27-May-2026 09:00:53.219 INFO [main] org.apache.catalina.startup.VersionLoggerListener.log JVM Version:                       25.0.2+10-69
27-May-2026 09:00:53.219 INFO [main] org.apache.catalina.startup.VersionLoggerListener.log Vededor JVM:                       Oracle Corporation
27-May-2026 09:00:53.219 INFO [main] org.apache.catalina.startup.VersionLoggerListener.log CATALINA_BASE:                     C:\Users\Juanm\IdeaProjects\eventosProyecto\webapps
27-May-2026 09:00:53.219 INFO [main] org.apache.catalina.startup.VersionLoggerListener.log CATALINA_HOME:                     C:\apache-tomcat-9.0.117
27-May-2026 09:00:53.232 INFO [main] org.apache.catalina.startup.VersionLoggerListener.log Command line argument:             --add-opens=java.base/java.lang=ALL-UNNAMED
27-May-2026 09:00:53.232 INFO [main] org.apache.catalina.startup.VersionLoggerListener.log Command line argument:             --add-opens=java.base/java.io=ALL-UNNAMED
27-May-2026 09:00:53.232 INFO [main] org.apache.catalina.startup.VersionLoggerListener.log Command line argument:             --add-opens=java.base/java.util=ALL-UNNAMED
27-May-2026 09:00:53.232 INFO [main] org.apache.catalina.startup.VersionLoggerListener.log Command line argument:             --add-opens=java.base/java.util.concurrent=ALL-UNNAMED
27-May-2026 09:00:53.232 INFO [main] org.apache.catalina.startup.VersionLoggerListener.log Command line argument:             --add-opens=java.rmi/sun.rmi.transport=ALL-UNNAMED
27-May-2026 09:00:53.232 INFO [main] org.apache.catalina.startup.VersionLoggerListener.log Command line argument:             -Dcatalina.home=C:\apache-tomcat-9.0.117
27-May-2026 09:00:53.233 INFO [main] org.apache.catalina.startup.VersionLoggerListener.log Command line argument:             -Dcatalina.base=C:\Users\Juanm\IdeaProjects\eventosProyecto\webapps
27-May-2026 09:00:53.233 INFO [main] org.apache.catalina.startup.VersionLoggerListener.log Command line argument:             -Djava.io.tmpdir=C:\Users\Juanm\IdeaProjects\eventosProyecto\webapps\temp
27-May-2026 09:00:53.233 INFO [main] org.apache.catalina.startup.VersionLoggerListener.log Command line argument:             -Djava.util.logging.config.file=C:\Users\Juanm\IdeaProjects\eventosProyecto\webapps\conf\logging.properties
27-May-2026 09:00:53.233 INFO [main] org.apache.catalina.startup.VersionLoggerListener.log Command line argument:             -Djava.util.logging.manager=org.apache.juli.ClassLoaderLogManager
27-May-2026 09:00:53.233 INFO [main] org.apache.catalina.startup.VersionLoggerListener.log Command line argument:             -javaagent:C:\Program Files\JetBrains\IntelliJ IDEA 2025.3\lib\idea_rt.jar=62169
27-May-2026 09:00:53.233 INFO [main] org.apache.catalina.startup.VersionLoggerListener.log Command line argument:             -Dfile.encoding=UTF-8
27-May-2026 09:00:53.233 INFO [main] org.apache.catalina.startup.VersionLoggerListener.log Command line argument:             -Dsun.stdout.encoding=UTF-8
27-May-2026 09:00:53.233 INFO [main] org.apache.catalina.startup.VersionLoggerListener.log Command line argument:             -Dsun.stderr.encoding=UTF-8
27-May-2026 09:00:53.243 INFO [main] org.apache.catalina.core.AprLifecycleListener.lifecycleEvent Cargada la biblioteca nativa APR de Apache Tomcat [1.3.7] con la versión APR [1.7.6].
27-May-2026 09:00:53.243 INFO [main] org.apache.catalina.core.AprLifecycleListener.lifecycleEvent Capacidades APR: IPv6 [true], enviar fichero [true], aceptar filtros [false], aleatorio [true], UDS [true].
27-May-2026 09:00:53.243 INFO [main] org.apache.catalina.core.AprLifecycleListener.lifecycleEvent APR/OpenSSL configuration: useAprConnector [false], useOpenSSL [true]
27-May-2026 09:00:53.264 INFO [main] org.apache.catalina.core.AprLifecycleListener.initializeSSL OpenSSL inicializado correctamente [OpenSSL 3.0.19 27 Jan 2026]
27-May-2026 09:00:53.899 INFO [main] org.apache.coyote.AbstractProtocol.init Inicializando el manejador de protocolo ["http-nio-8080"]

27-May-2026 09:00:53.934 INFO [main] org.apache.catalina.startup.Catalina.load Server initialization in [1286] milliseconds
27-May-2026 09:00:54.030 INFO [main] org.apache.catalina.core.StandardService.startInternal Arrancando servicio [Catalina]
27-May-2026 09:00:54.030 INFO [main] org.apache.catalina.core.StandardEngine.startInternal Starting Servlet engine: [Apache Tomcat/9.0.117]
27-May-2026 09:00:54.046 INFO [main] org.apache.catalina.startup.HostConfig.deployDescriptor Desplieque del descriptor de configuración [C:\Users\Juanm\IdeaProjects\eventosProyecto\webapps\conf\Catalina\localhost\eventosProyecto.xml]
27-May-2026 09:00:56.724 INFO [main] org.apache.jasper.servlet.TldScanner.scanJars Al menos un JAR, que se ha explorado buscando TLDs, aún no contenía TLDs. Activar historial de depuración para este historiador para una completa lista de los JARs que fueron explorados y de los que nos se halló TLDs. Saltarse JARs no necesarios durante la exploración puede dar lugar a una mejora de tiempo significativa en el arranque y compilación de JSP .
27-May-2026 09:00:56.988 INFO [main] org.apache.catalina.startup.HostConfig.deployDescriptor Deployment of deployment descriptor [C:\Users\Juanm\IdeaProjects\eventosProyecto\webapps\conf\Catalina\localhost\eventosProyecto.xml] has finished in [2.927] ms
27-May-2026 09:00:56.998 INFO [main] org.apache.coyote.AbstractProtocol.start Starting ProtocolHandler ["http-nio-8080"]
27-May-2026 09:00:57.041 INFO [main] org.apache.catalina.startup.Catalina.start Server startup in [3103] milliseconds
27-May-2026 09:01:37.087 INFO [Thread-1] org.apache.coyote.AbstractProtocol.pause Pausing ProtocolHandler ["http-nio-8080"]
27-May-2026 09:01:37.099 INFO [Thread-1] org.apache.catalina.core.StandardService.stopInternal Parando servicio [Catalina]
27-May-2026 09:01:37.111 WARNING [Thread-1] org.apache.catalina.loader.WebappClassLoaderBase.clearReferencesJdbc La aplicación web [eventosProyecto] registró el conductor JDBC [com.mysql.cj.jdbc.Driver] pero falló al anular el registro mientras la aplicación web estaba parada. Para prevenir un fallo de memoria, se ha anulado el registro del conductor JDBC por la fuerza.
27-May-2026 09:01:37.113 WARNING [Thread-1] org.apache.catalina.loader.WebappClassLoaderBase.clearReferencesThreads The web application [eventosProyecto] appears to have started a thread named [mysql-cj-abandoned-connection-cleanup] but has failed to stop it. This is very likely to create a memory leak. Stack trace of thread:
 java.base/java.lang.Object.wait0(Native Method)
 java.base/java.lang.Object.wait(Object.java:389)
 java.base/java.lang.ref.ReferenceQueue.remove0(ReferenceQueue.java:123)
 java.base/java.lang.ref.ReferenceQueue.remove(ReferenceQueue.java:201)
 com.mysql.cj.jdbc.AbandonedConnectionCleanupThread.run(AbandonedConnectionCleanupThread.java:91)
 java.base/java.util.concurrent.ThreadPoolExecutor.runWorker(ThreadPoolExecutor.java:1090)
 java.base/java.util.concurrent.ThreadPoolExecutor$Worker.run(ThreadPoolExecutor.java:614)
 java.base/java.lang.Thread.run(Thread.java:1474)
27-May-2026 09:01:37.122 INFO [Thread-1] org.apache.coyote.AbstractProtocol.stop Stopping ProtocolHandler ["http-nio-8080"]
27-May-2026 09:01:37.134 INFO [Thread-1] org.apache.coyote.AbstractProtocol.destroy Destroying ProtocolHandler ["http-nio-8080"]
27-May-2026 09:01:37.167 INFO [mysql-cj-abandoned-connection-cleanup] org.apache.catalina.loader.WebappClassLoaderBase.checkStateForResourceLoading Acceso ilegal: esta instancia de aplicación web ya ha sido parada.  Could not load [].  La eventual traza de pila que sigue ha sido motivada por un error lanzado con motivos de depuración así como para intentar terminar el hilo que motivó el acceso ilegal y no tiene impacto funcional.
	java.lang.IllegalStateException: Acceso ilegal: esta instancia de aplicación web ya ha sido parada.  Could not load [].  La eventual traza de pila que sigue ha sido motivada por un error lanzado con motivos de depuración así como para intentar terminar el hilo que motivó el acceso ilegal y no tiene impacto funcional.
		at org.apache.catalina.loader.WebappClassLoaderBase.checkStateForResourceLoading(WebappClassLoaderBase.java:1370)
		at org.apache.catalina.loader.WebappClassLoaderBase.getResource(WebappClassLoaderBase.java:994)
		at com.mysql.cj.jdbc.AbandonedConnectionCleanupThread.checkThreadContextClassLoader(AbandonedConnectionCleanupThread.java:123)
		at com.mysql.cj.jdbc.AbandonedConnectionCleanupThread.run(AbandonedConnectionCleanupThread.java:90)
		at java.base/java.util.concurrent.ThreadPoolExecutor.runWorker(ThreadPoolExecutor.java:1090)
		at java.base/java.util.concurrent.ThreadPoolExecutor$Worker.run(ThreadPoolExecutor.java:614)
		at java.base/java.lang.Thread.run(Thread.java:1474)
27-May-2026 09:01:42.339 INFO [main] org.apache.catalina.startup.VersionLoggerListener.log Nombre de la versión del servidor: Apache Tomcat/9.0.117
27-May-2026 09:01:42.345 INFO [main] org.apache.catalina.startup.VersionLoggerListener.log Server built:                      Mar 30 2026 18:21:16 UTC
27-May-2026 09:01:42.346 INFO [main] org.apache.catalina.startup.VersionLoggerListener.log Número de versión de servidor:     9.0.117.0
27-May-2026 09:01:42.346 INFO [main] org.apache.catalina.startup.VersionLoggerListener.log OS Name:                           Windows 11
27-May-2026 09:01:42.346 INFO [main] org.apache.catalina.startup.VersionLoggerListener.log Versión de Systema Operativo:      10.0
27-May-2026 09:01:42.348 INFO [main] org.apache.catalina.startup.VersionLoggerListener.log Arquitectura:                      amd64
27-May-2026 09:01:42.348 INFO [main] org.apache.catalina.startup.VersionLoggerListener.log Java Home:                         C:\Users\Juanm\.jdks\openjdk-25.0.2
27-May-2026 09:01:42.348 INFO [main] org.apache.catalina.startup.VersionLoggerListener.log JVM Version:                       25.0.2+10-69
27-May-2026 09:01:42.348 INFO [main] org.apache.catalina.startup.VersionLoggerListener.log Vededor JVM:                       Oracle Corporation
27-May-2026 09:01:42.349 INFO [main] org.apache.catalina.startup.VersionLoggerListener.log CATALINA_BASE:                     C:\Users\Juanm\IdeaProjects\eventosProyecto\webapps
27-May-2026 09:01:42.349 INFO [main] org.apache.catalina.startup.VersionLoggerListener.log CATALINA_HOME:                     C:\apache-tomcat-9.0.117
27-May-2026 09:01:42.363 INFO [main] org.apache.catalina.startup.VersionLoggerListener.log Command line argument:             --add-opens=java.base/java.lang=ALL-UNNAMED
27-May-2026 09:01:42.363 INFO [main] org.apache.catalina.startup.VersionLoggerListener.log Command line argument:             --add-opens=java.base/java.io=ALL-UNNAMED
27-May-2026 09:01:42.363 INFO [main] org.apache.catalina.startup.VersionLoggerListener.log Command line argument:             --add-opens=java.base/java.util=ALL-UNNAMED
27-May-2026 09:01:42.364 INFO [main] org.apache.catalina.startup.VersionLoggerListener.log Command line argument:             --add-opens=java.base/java.util.concurrent=ALL-UNNAMED
27-May-2026 09:01:42.364 INFO [main] org.apache.catalina.startup.VersionLoggerListener.log Command line argument:             --add-opens=java.rmi/sun.rmi.transport=ALL-UNNAMED
27-May-2026 09:01:42.364 INFO [main] org.apache.catalina.startup.VersionLoggerListener.log Command line argument:             -Dcatalina.home=C:\apache-tomcat-9.0.117
27-May-2026 09:01:42.364 INFO [main] org.apache.catalina.startup.VersionLoggerListener.log Command line argument:             -Dcatalina.base=C:\Users\Juanm\IdeaProjects\eventosProyecto\webapps
27-May-2026 09:01:42.364 INFO [main] org.apache.catalina.startup.VersionLoggerListener.log Command line argument:             -Djava.io.tmpdir=C:\Users\Juanm\IdeaProjects\eventosProyecto\webapps\temp
27-May-2026 09:01:42.364 INFO [main] org.apache.catalina.startup.VersionLoggerListener.log Command line argument:             -Djava.util.logging.config.file=C:\Users\Juanm\IdeaProjects\eventosProyecto\webapps\conf\logging.properties
27-May-2026 09:01:42.364 INFO [main] org.apache.catalina.startup.VersionLoggerListener.log Command line argument:             -Djava.util.logging.manager=org.apache.juli.ClassLoaderLogManager
27-May-2026 09:01:42.364 INFO [main] org.apache.catalina.startup.VersionLoggerListener.log Command line argument:             -javaagent:C:\Program Files\JetBrains\IntelliJ IDEA 2025.3\lib\idea_rt.jar=63345
27-May-2026 09:01:42.366 INFO [main] org.apache.catalina.startup.VersionLoggerListener.log Command line argument:             -Dfile.encoding=UTF-8
27-May-2026 09:01:42.366 INFO [main] org.apache.catalina.startup.VersionLoggerListener.log Command line argument:             -Dsun.stdout.encoding=UTF-8
27-May-2026 09:01:42.366 INFO [main] org.apache.catalina.startup.VersionLoggerListener.log Command line argument:             -Dsun.stderr.encoding=UTF-8
27-May-2026 09:01:42.373 INFO [main] org.apache.catalina.core.AprLifecycleListener.lifecycleEvent Cargada la biblioteca nativa APR de Apache Tomcat [1.3.7] con la versión APR [1.7.6].
27-May-2026 09:01:42.374 INFO [main] org.apache.catalina.core.AprLifecycleListener.lifecycleEvent Capacidades APR: IPv6 [true], enviar fichero [true], aceptar filtros [false], aleatorio [true], UDS [true].
27-May-2026 09:01:42.374 INFO [main] org.apache.catalina.core.AprLifecycleListener.lifecycleEvent APR/OpenSSL configuration: useAprConnector [false], useOpenSSL [true]
27-May-2026 09:01:42.387 INFO [main] org.apache.catalina.core.AprLifecycleListener.initializeSSL OpenSSL inicializado correctamente [OpenSSL 3.0.19 27 Jan 2026]
27-May-2026 09:01:42.992 INFO [main] org.apache.coyote.AbstractProtocol.init Inicializando el manejador de protocolo ["http-nio-8080"]

27-May-2026 09:01:43.024 INFO [main] org.apache.catalina.startup.Catalina.load Server initialization in [1195] milliseconds
27-May-2026 09:01:43.110 INFO [main] org.apache.catalina.core.StandardService.startInternal Arrancando servicio [Catalina]
27-May-2026 09:01:43.110 INFO [main] org.apache.catalina.core.StandardEngine.startInternal Starting Servlet engine: [Apache Tomcat/9.0.117]
27-May-2026 09:01:43.124 INFO [main] org.apache.catalina.startup.HostConfig.deployDescriptor Desplieque del descriptor de configuración [C:\Users\Juanm\IdeaProjects\eventosProyecto\webapps\conf\Catalina\localhost\eventosProyecto.xml]
27-May-2026 09:01:45.436 INFO [main] org.apache.jasper.servlet.TldScanner.scanJars Al menos un JAR, que se ha explorado buscando TLDs, aún no contenía TLDs. Activar historial de depuración para este historiador para una completa lista de los JARs que fueron explorados y de los que nos se halló TLDs. Saltarse JARs no necesarios durante la exploración puede dar lugar a una mejora de tiempo significativa en el arranque y compilación de JSP .
27-May-2026 09:01:45.655 INFO [main] org.apache.catalina.startup.HostConfig.deployDescriptor Deployment of deployment descriptor [C:\Users\Juanm\IdeaProjects\eventosProyecto\webapps\conf\Catalina\localhost\eventosProyecto.xml] has finished in [2.522] ms
27-May-2026 09:01:45.666 INFO [main] org.apache.coyote.AbstractProtocol.start Starting ProtocolHandler ["http-nio-8080"]
27-May-2026 09:01:45.716 INFO [main] org.apache.catalina.startup.Catalina.start Server startup in [2688] milliseconds
27-May-2026 09:02:15.289 INFO [Thread-1] org.apache.coyote.AbstractProtocol.pause Pausing ProtocolHandler ["http-nio-8080"]
27-May-2026 09:02:15.304 INFO [Thread-1] org.apache.catalina.core.StandardService.stopInternal Parando servicio [Catalina]
27-May-2026 09:02:15.318 WARNING [Thread-1] org.apache.catalina.loader.WebappClassLoaderBase.clearReferencesJdbc La aplicación web [eventosProyecto] registró el conductor JDBC [com.mysql.cj.jdbc.Driver] pero falló al anular el registro mientras la aplicación web estaba parada. Para prevenir un fallo de memoria, se ha anulado el registro del conductor JDBC por la fuerza.
27-May-2026 09:02:15.319 WARNING [Thread-1] org.apache.catalina.loader.WebappClassLoaderBase.clearReferencesThreads The web application [eventosProyecto] appears to have started a thread named [mysql-cj-abandoned-connection-cleanup] but has failed to stop it. This is very likely to create a memory leak. Stack trace of thread:
 java.base/java.lang.Object.wait0(Native Method)
 java.base/java.lang.Object.wait(Object.java:389)
 java.base/java.lang.ref.ReferenceQueue.remove0(ReferenceQueue.java:123)
 java.base/java.lang.ref.ReferenceQueue.remove(ReferenceQueue.java:201)
 com.mysql.cj.jdbc.AbandonedConnectionCleanupThread.run(AbandonedConnectionCleanupThread.java:91)
 java.base/java.util.concurrent.ThreadPoolExecutor.runWorker(ThreadPoolExecutor.java:1090)
 java.base/java.util.concurrent.ThreadPoolExecutor$Worker.run(ThreadPoolExecutor.java:614)
 java.base/java.lang.Thread.run(Thread.java:1474)
27-May-2026 09:02:15.329 INFO [Thread-1] org.apache.coyote.AbstractProtocol.stop Stopping ProtocolHandler ["http-nio-8080"]
27-May-2026 09:02:15.341 INFO [Thread-1] org.apache.coyote.AbstractProtocol.destroy Destroying ProtocolHandler ["http-nio-8080"]
27-May-2026 09:02:15.374 INFO [mysql-cj-abandoned-connection-cleanup] org.apache.catalina.loader.WebappClassLoaderBase.checkStateForResourceLoading Acceso ilegal: esta instancia de aplicación web ya ha sido parada.  Could not load [].  La eventual traza de pila que sigue ha sido motivada por un error lanzado con motivos de depuración así como para intentar terminar el hilo que motivó el acceso ilegal y no tiene impacto funcional.
	java.lang.IllegalStateException: Acceso ilegal: esta instancia de aplicación web ya ha sido parada.  Could not load [].  La eventual traza de pila que sigue ha sido motivada por un error lanzado con motivos de depuración así como para intentar terminar el hilo que motivó el acceso ilegal y no tiene impacto funcional.
		at org.apache.catalina.loader.WebappClassLoaderBase.checkStateForResourceLoading(WebappClassLoaderBase.java:1370)
		at org.apache.catalina.loader.WebappClassLoaderBase.getResource(WebappClassLoaderBase.java:994)
		at com.mysql.cj.jdbc.AbandonedConnectionCleanupThread.checkThreadContextClassLoader(AbandonedConnectionCleanupThread.java:123)
		at com.mysql.cj.jdbc.AbandonedConnectionCleanupThread.run(AbandonedConnectionCleanupThread.java:90)
		at java.base/java.util.concurrent.ThreadPoolExecutor.runWorker(ThreadPoolExecutor.java:1090)
		at java.base/java.util.concurrent.ThreadPoolExecutor$Worker.run(ThreadPoolExecutor.java:614)
		at java.base/java.lang.Thread.run(Thread.java:1474)
27-May-2026 09:02:20.673 INFO [main] org.apache.catalina.startup.VersionLoggerListener.log Nombre de la versión del servidor: Apache Tomcat/9.0.117
27-May-2026 09:02:20.677 INFO [main] org.apache.catalina.startup.VersionLoggerListener.log Server built:                      Mar 30 2026 18:21:16 UTC
27-May-2026 09:02:20.678 INFO [main] org.apache.catalina.startup.VersionLoggerListener.log Número de versión de servidor:     9.0.117.0
27-May-2026 09:02:20.678 INFO [main] org.apache.catalina.startup.VersionLoggerListener.log OS Name:                           Windows 11
27-May-2026 09:02:20.678 INFO [main] org.apache.catalina.startup.VersionLoggerListener.log Versión de Systema Operativo:      10.0
27-May-2026 09:02:20.678 INFO [main] org.apache.catalina.startup.VersionLoggerListener.log Arquitectura:                      amd64
27-May-2026 09:02:20.678 INFO [main] org.apache.catalina.startup.VersionLoggerListener.log Java Home:                         C:\Users\Juanm\.jdks\openjdk-25.0.2
27-May-2026 09:02:20.678 INFO [main] org.apache.catalina.startup.VersionLoggerListener.log JVM Version:                       25.0.2+10-69
27-May-2026 09:02:20.678 INFO [main] org.apache.catalina.startup.VersionLoggerListener.log Vededor JVM:                       Oracle Corporation
27-May-2026 09:02:20.678 INFO [main] org.apache.catalina.startup.VersionLoggerListener.log CATALINA_BASE:                     C:\Users\Juanm\IdeaProjects\eventosProyecto\webapps
27-May-2026 09:02:20.679 INFO [main] org.apache.catalina.startup.VersionLoggerListener.log CATALINA_HOME:                     C:\apache-tomcat-9.0.117
27-May-2026 09:02:20.692 INFO [main] org.apache.catalina.startup.VersionLoggerListener.log Command line argument:             --add-opens=java.base/java.lang=ALL-UNNAMED
27-May-2026 09:02:20.692 INFO [main] org.apache.catalina.startup.VersionLoggerListener.log Command line argument:             --add-opens=java.base/java.io=ALL-UNNAMED
27-May-2026 09:02:20.692 INFO [main] org.apache.catalina.startup.VersionLoggerListener.log Command line argument:             --add-opens=java.base/java.util=ALL-UNNAMED
27-May-2026 09:02:20.692 INFO [main] org.apache.catalina.startup.VersionLoggerListener.log Command line argument:             --add-opens=java.base/java.util.concurrent=ALL-UNNAMED
27-May-2026 09:02:20.692 INFO [main] org.apache.catalina.startup.VersionLoggerListener.log Command line argument:             --add-opens=java.rmi/sun.rmi.transport=ALL-UNNAMED
27-May-2026 09:02:20.693 INFO [main] org.apache.catalina.startup.VersionLoggerListener.log Command line argument:             -Dcatalina.home=C:\apache-tomcat-9.0.117
27-May-2026 09:02:20.693 INFO [main] org.apache.catalina.startup.VersionLoggerListener.log Command line argument:             -Dcatalina.base=C:\Users\Juanm\IdeaProjects\eventosProyecto\webapps
27-May-2026 09:02:20.693 INFO [main] org.apache.catalina.startup.VersionLoggerListener.log Command line argument:             -Djava.io.tmpdir=C:\Users\Juanm\IdeaProjects\eventosProyecto\webapps\temp
27-May-2026 09:02:20.693 INFO [main] org.apache.catalina.startup.VersionLoggerListener.log Command line argument:             -Djava.util.logging.config.file=C:\Users\Juanm\IdeaProjects\eventosProyecto\webapps\conf\logging.properties
27-May-2026 09:02:20.693 INFO [main] org.apache.catalina.startup.VersionLoggerListener.log Command line argument:             -Djava.util.logging.manager=org.apache.juli.ClassLoaderLogManager
27-May-2026 09:02:20.693 INFO [main] org.apache.catalina.startup.VersionLoggerListener.log Command line argument:             -javaagent:C:\Program Files\JetBrains\IntelliJ IDEA 2025.3\lib\idea_rt.jar=57841
27-May-2026 09:02:20.693 INFO [main] org.apache.catalina.startup.VersionLoggerListener.log Command line argument:             -Dfile.encoding=UTF-8
27-May-2026 09:02:20.694 INFO [main] org.apache.catalina.startup.VersionLoggerListener.log Command line argument:             -Dsun.stdout.encoding=UTF-8
27-May-2026 09:02:20.694 INFO [main] org.apache.catalina.startup.VersionLoggerListener.log Command line argument:             -Dsun.stderr.encoding=UTF-8
27-May-2026 09:02:20.702 INFO [main] org.apache.catalina.core.AprLifecycleListener.lifecycleEvent Cargada la biblioteca nativa APR de Apache Tomcat [1.3.7] con la versión APR [1.7.6].
27-May-2026 09:02:20.702 INFO [main] org.apache.catalina.core.AprLifecycleListener.lifecycleEvent Capacidades APR: IPv6 [true], enviar fichero [true], aceptar filtros [false], aleatorio [true], UDS [true].
27-May-2026 09:02:20.703 INFO [main] org.apache.catalina.core.AprLifecycleListener.lifecycleEvent APR/OpenSSL configuration: useAprConnector [false], useOpenSSL [true]
27-May-2026 09:02:20.718 INFO [main] org.apache.catalina.core.AprLifecycleListener.initializeSSL OpenSSL inicializado correctamente [OpenSSL 3.0.19 27 Jan 2026]
27-May-2026 09:02:21.434 INFO [main] org.apache.coyote.AbstractProtocol.init Inicializando el manejador de protocolo ["http-nio-8080"]

27-May-2026 09:02:21.468 INFO [main] org.apache.catalina.startup.Catalina.load Server initialization in [1347] milliseconds
27-May-2026 09:02:21.583 INFO [main] org.apache.catalina.core.StandardService.startInternal Arrancando servicio [Catalina]
27-May-2026 09:02:21.584 INFO [main] org.apache.catalina.core.StandardEngine.startInternal Starting Servlet engine: [Apache Tomcat/9.0.117]
27-May-2026 09:02:21.608 INFO [main] org.apache.catalina.startup.HostConfig.deployDescriptor Desplieque del descriptor de configuración [C:\Users\Juanm\IdeaProjects\eventosProyecto\webapps\conf\Catalina\localhost\eventosProyecto.xml]
27-May-2026 09:02:24.165 INFO [main] org.apache.jasper.servlet.TldScanner.scanJars Al menos un JAR, que se ha explorado buscando TLDs, aún no contenía TLDs. Activar historial de depuración para este historiador para una completa lista de los JARs que fueron explorados y de los que nos se halló TLDs. Saltarse JARs no necesarios durante la exploración puede dar lugar a una mejora de tiempo significativa en el arranque y compilación de JSP .
27-May-2026 09:02:24.385 INFO [main] org.apache.catalina.startup.HostConfig.deployDescriptor Deployment of deployment descriptor [C:\Users\Juanm\IdeaProjects\eventosProyecto\webapps\conf\Catalina\localhost\eventosProyecto.xml] has finished in [2.770] ms
27-May-2026 09:02:24.400 INFO [main] org.apache.coyote.AbstractProtocol.start Starting ProtocolHandler ["http-nio-8080"]
27-May-2026 09:02:24.463 INFO [main] org.apache.catalina.startup.Catalina.start Server startup in [2989] milliseconds
27-May-2026 09:03:01.709 INFO [Thread-1] org.apache.coyote.AbstractProtocol.pause Pausing ProtocolHandler ["http-nio-8080"]
27-May-2026 09:03:01.720 INFO [Thread-1] org.apache.catalina.core.StandardService.stopInternal Parando servicio [Catalina]
27-May-2026 09:03:01.733 WARNING [Thread-1] org.apache.catalina.loader.WebappClassLoaderBase.clearReferencesJdbc La aplicación web [eventosProyecto] registró el conductor JDBC [com.mysql.cj.jdbc.Driver] pero falló al anular el registro mientras la aplicación web estaba parada. Para prevenir un fallo de memoria, se ha anulado el registro del conductor JDBC por la fuerza.
27-May-2026 09:03:01.734 WARNING [Thread-1] org.apache.catalina.loader.WebappClassLoaderBase.clearReferencesThreads The web application [eventosProyecto] appears to have started a thread named [mysql-cj-abandoned-connection-cleanup] but has failed to stop it. This is very likely to create a memory leak. Stack trace of thread:
 java.base/java.lang.Object.wait0(Native Method)
 java.base/java.lang.Object.wait(Object.java:389)
 java.base/java.lang.ref.ReferenceQueue.remove0(ReferenceQueue.java:123)
 java.base/java.lang.ref.ReferenceQueue.remove(ReferenceQueue.java:201)
 com.mysql.cj.jdbc.AbandonedConnectionCleanupThread.run(AbandonedConnectionCleanupThread.java:91)
 java.base/java.util.concurrent.ThreadPoolExecutor.runWorker(ThreadPoolExecutor.java:1090)
 java.base/java.util.concurrent.ThreadPoolExecutor$Worker.run(ThreadPoolExecutor.java:614)
 java.base/java.lang.Thread.run(Thread.java:1474)
27-May-2026 09:03:01.740 INFO [Thread-1] org.apache.coyote.AbstractProtocol.stop Stopping ProtocolHandler ["http-nio-8080"]
27-May-2026 09:03:01.756 INFO [Thread-1] org.apache.coyote.AbstractProtocol.destroy Destroying ProtocolHandler ["http-nio-8080"]
27-May-2026 09:03:01.789 INFO [mysql-cj-abandoned-connection-cleanup] org.apache.catalina.loader.WebappClassLoaderBase.checkStateForResourceLoading Acceso ilegal: esta instancia de aplicación web ya ha sido parada.  Could not load [].  La eventual traza de pila que sigue ha sido motivada por un error lanzado con motivos de depuración así como para intentar terminar el hilo que motivó el acceso ilegal y no tiene impacto funcional.
	java.lang.IllegalStateException: Acceso ilegal: esta instancia de aplicación web ya ha sido parada.  Could not load [].  La eventual traza de pila que sigue ha sido motivada por un error lanzado con motivos de depuración así como para intentar terminar el hilo que motivó el acceso ilegal y no tiene impacto funcional.
		at org.apache.catalina.loader.WebappClassLoaderBase.checkStateForResourceLoading(WebappClassLoaderBase.java:1370)
		at org.apache.catalina.loader.WebappClassLoaderBase.getResource(WebappClassLoaderBase.java:994)
		at com.mysql.cj.jdbc.AbandonedConnectionCleanupThread.checkThreadContextClassLoader(AbandonedConnectionCleanupThread.java:123)
		at com.mysql.cj.jdbc.AbandonedConnectionCleanupThread.run(AbandonedConnectionCleanupThread.java:90)
		at java.base/java.util.concurrent.ThreadPoolExecutor.runWorker(ThreadPoolExecutor.java:1090)
		at java.base/java.util.concurrent.ThreadPoolExecutor$Worker.run(ThreadPoolExecutor.java:614)
		at java.base/java.lang.Thread.run(Thread.java:1474)
27-May-2026 09:03:07.543 INFO [main] org.apache.catalina.startup.VersionLoggerListener.log Nombre de la versión del servidor: Apache Tomcat/9.0.117
27-May-2026 09:03:07.548 INFO [main] org.apache.catalina.startup.VersionLoggerListener.log Server built:                      Mar 30 2026 18:21:16 UTC
27-May-2026 09:03:07.549 INFO [main] org.apache.catalina.startup.VersionLoggerListener.log Número de versión de servidor:     9.0.117.0
27-May-2026 09:03:07.549 INFO [main] org.apache.catalina.startup.VersionLoggerListener.log OS Name:                           Windows 11
27-May-2026 09:03:07.550 INFO [main] org.apache.catalina.startup.VersionLoggerListener.log Versión de Systema Operativo:      10.0
27-May-2026 09:03:07.550 INFO [main] org.apache.catalina.startup.VersionLoggerListener.log Arquitectura:                      amd64
27-May-2026 09:03:07.550 INFO [main] org.apache.catalina.startup.VersionLoggerListener.log Java Home:                         C:\Users\Juanm\.jdks\openjdk-25.0.2
27-May-2026 09:03:07.550 INFO [main] org.apache.catalina.startup.VersionLoggerListener.log JVM Version:                       25.0.2+10-69
27-May-2026 09:03:07.550 INFO [main] org.apache.catalina.startup.VersionLoggerListener.log Vededor JVM:                       Oracle Corporation
27-May-2026 09:03:07.551 INFO [main] org.apache.catalina.startup.VersionLoggerListener.log CATALINA_BASE:                     C:\Users\Juanm\IdeaProjects\eventosProyecto\webapps
27-May-2026 09:03:07.551 INFO [main] org.apache.catalina.startup.VersionLoggerListener.log CATALINA_HOME:                     C:\apache-tomcat-9.0.117
27-May-2026 09:03:07.567 INFO [main] org.apache.catalina.startup.VersionLoggerListener.log Command line argument:             --add-opens=java.base/java.lang=ALL-UNNAMED
27-May-2026 09:03:07.567 INFO [main] org.apache.catalina.startup.VersionLoggerListener.log Command line argument:             --add-opens=java.base/java.io=ALL-UNNAMED
27-May-2026 09:03:07.567 INFO [main] org.apache.catalina.startup.VersionLoggerListener.log Command line argument:             --add-opens=java.base/java.util=ALL-UNNAMED
27-May-2026 09:03:07.567 INFO [main] org.apache.catalina.startup.VersionLoggerListener.log Command line argument:             --add-opens=java.base/java.util.concurrent=ALL-UNNAMED
27-May-2026 09:03:07.569 INFO [main] org.apache.catalina.startup.VersionLoggerListener.log Command line argument:             --add-opens=java.rmi/sun.rmi.transport=ALL-UNNAMED
27-May-2026 09:03:07.569 INFO [main] org.apache.catalina.startup.VersionLoggerListener.log Command line argument:             -Dcatalina.home=C:\apache-tomcat-9.0.117
27-May-2026 09:03:07.569 INFO [main] org.apache.catalina.startup.VersionLoggerListener.log Command line argument:             -Dcatalina.base=C:\Users\Juanm\IdeaProjects\eventosProyecto\webapps
27-May-2026 09:03:07.569 INFO [main] org.apache.catalina.startup.VersionLoggerListener.log Command line argument:             -Djava.io.tmpdir=C:\Users\Juanm\IdeaProjects\eventosProyecto\webapps\temp
27-May-2026 09:03:07.569 INFO [main] org.apache.catalina.startup.VersionLoggerListener.log Command line argument:             -Djava.util.logging.config.file=C:\Users\Juanm\IdeaProjects\eventosProyecto\webapps\conf\logging.properties
27-May-2026 09:03:07.570 INFO [main] org.apache.catalina.startup.VersionLoggerListener.log Command line argument:             -Djava.util.logging.manager=org.apache.juli.ClassLoaderLogManager
27-May-2026 09:03:07.570 INFO [main] org.apache.catalina.startup.VersionLoggerListener.log Command line argument:             -javaagent:C:\Program Files\JetBrains\IntelliJ IDEA 2025.3\lib\idea_rt.jar=61954
27-May-2026 09:03:07.570 INFO [main] org.apache.catalina.startup.VersionLoggerListener.log Command line argument:             -Dfile.encoding=UTF-8
27-May-2026 09:03:07.570 INFO [main] org.apache.catalina.startup.VersionLoggerListener.log Command line argument:             -Dsun.stdout.encoding=UTF-8
27-May-2026 09:03:07.570 INFO [main] org.apache.catalina.startup.VersionLoggerListener.log Command line argument:             -Dsun.stderr.encoding=UTF-8
27-May-2026 09:03:07.580 INFO [main] org.apache.catalina.core.AprLifecycleListener.lifecycleEvent Cargada la biblioteca nativa APR de Apache Tomcat [1.3.7] con la versión APR [1.7.6].
27-May-2026 09:03:07.580 INFO [main] org.apache.catalina.core.AprLifecycleListener.lifecycleEvent Capacidades APR: IPv6 [true], enviar fichero [true], aceptar filtros [false], aleatorio [true], UDS [true].
27-May-2026 09:03:07.581 INFO [main] org.apache.catalina.core.AprLifecycleListener.lifecycleEvent APR/OpenSSL configuration: useAprConnector [false], useOpenSSL [true]
27-May-2026 09:03:07.597 INFO [main] org.apache.catalina.core.AprLifecycleListener.initializeSSL OpenSSL inicializado correctamente [OpenSSL 3.0.19 27 Jan 2026]
27-May-2026 09:03:08.303 INFO [main] org.apache.coyote.AbstractProtocol.init Inicializando el manejador de protocolo ["http-nio-8080"]

27-May-2026 09:03:08.340 INFO [main] org.apache.catalina.startup.Catalina.load Server initialization in [1332] milliseconds
27-May-2026 09:03:08.535 INFO [main] org.apache.catalina.core.StandardService.startInternal Arrancando servicio [Catalina]
27-May-2026 09:03:08.536 INFO [main] org.apache.catalina.core.StandardEngine.startInternal Starting Servlet engine: [Apache Tomcat/9.0.117]
27-May-2026 09:03:08.566 INFO [main] org.apache.catalina.startup.HostConfig.deployDescriptor Desplieque del descriptor de configuración [C:\Users\Juanm\IdeaProjects\eventosProyecto\webapps\conf\Catalina\localhost\eventosProyecto.xml]
27-May-2026 09:03:11.696 INFO [main] org.apache.jasper.servlet.TldScanner.scanJars Al menos un JAR, que se ha explorado buscando TLDs, aún no contenía TLDs. Activar historial de depuración para este historiador para una completa lista de los JARs que fueron explorados y de los que nos se halló TLDs. Saltarse JARs no necesarios durante la exploración puede dar lugar a una mejora de tiempo significativa en el arranque y compilación de JSP .
27-May-2026 09:03:11.986 INFO [main] org.apache.catalina.startup.HostConfig.deployDescriptor Deployment of deployment descriptor [C:\Users\Juanm\IdeaProjects\eventosProyecto\webapps\conf\Catalina\localhost\eventosProyecto.xml] has finished in [3.408] ms
27-May-2026 09:03:11.997 INFO [main] org.apache.coyote.AbstractProtocol.start Starting ProtocolHandler ["http-nio-8080"]
27-May-2026 09:03:12.039 INFO [main] org.apache.catalina.startup.Catalina.start Server startup in [3693] milliseconds
27-May-2026 09:10:26.676 INFO [Thread-1] org.apache.coyote.AbstractProtocol.pause Pausing ProtocolHandler ["http-nio-8080"]
27-May-2026 09:10:26.746 INFO [Thread-1] org.apache.catalina.core.StandardService.stopInternal Parando servicio [Catalina]
27-May-2026 09:10:26.797 WARNING [Thread-1] org.apache.catalina.loader.WebappClassLoaderBase.clearReferencesJdbc La aplicación web [eventosProyecto] registró el conductor JDBC [com.mysql.cj.jdbc.Driver] pero falló al anular el registro mientras la aplicación web estaba parada. Para prevenir un fallo de memoria, se ha anulado el registro del conductor JDBC por la fuerza.
27-May-2026 09:10:26.800 WARNING [Thread-1] org.apache.catalina.loader.WebappClassLoaderBase.clearReferencesThreads The web application [eventosProyecto] appears to have started a thread named [mysql-cj-abandoned-connection-cleanup] but has failed to stop it. This is very likely to create a memory leak. Stack trace of thread:
 java.base/java.lang.Object.wait0(Native Method)
 java.base/java.lang.Object.wait(Object.java:389)
 java.base/java.lang.ref.ReferenceQueue.remove0(ReferenceQueue.java:123)
 java.base/java.lang.ref.ReferenceQueue.remove(ReferenceQueue.java:201)
 com.mysql.cj.jdbc.AbandonedConnectionCleanupThread.run(AbandonedConnectionCleanupThread.java:91)
 java.base/java.util.concurrent.ThreadPoolExecutor.runWorker(ThreadPoolExecutor.java:1090)
 java.base/java.util.concurrent.ThreadPoolExecutor$Worker.run(ThreadPoolExecutor.java:614)
 java.base/java.lang.Thread.run(Thread.java:1474)
27-May-2026 09:10:26.827 INFO [Thread-1] org.apache.coyote.AbstractProtocol.stop Stopping ProtocolHandler ["http-nio-8080"]
27-May-2026 09:10:26.840 INFO [Thread-1] org.apache.coyote.AbstractProtocol.destroy Destroying ProtocolHandler ["http-nio-8080"]
27-May-2026 09:10:26.923 INFO [mysql-cj-abandoned-connection-cleanup] org.apache.catalina.loader.WebappClassLoaderBase.checkStateForResourceLoading Acceso ilegal: esta instancia de aplicación web ya ha sido parada.  Could not load [].  La eventual traza de pila que sigue ha sido motivada por un error lanzado con motivos de depuración así como para intentar terminar el hilo que motivó el acceso ilegal y no tiene impacto funcional.
	java.lang.IllegalStateException: Acceso ilegal: esta instancia de aplicación web ya ha sido parada.  Could not load [].  La eventual traza de pila que sigue ha sido motivada por un error lanzado con motivos de depuración así como para intentar terminar el hilo que motivó el acceso ilegal y no tiene impacto funcional.
		at org.apache.catalina.loader.WebappClassLoaderBase.checkStateForResourceLoading(WebappClassLoaderBase.java:1370)
		at org.apache.catalina.loader.WebappClassLoaderBase.getResource(WebappClassLoaderBase.java:994)
		at com.mysql.cj.jdbc.AbandonedConnectionCleanupThread.checkThreadContextClassLoader(AbandonedConnectionCleanupThread.java:123)
		at com.mysql.cj.jdbc.AbandonedConnectionCleanupThread.run(AbandonedConnectionCleanupThread.java:90)
		at java.base/java.util.concurrent.ThreadPoolExecutor.runWorker(ThreadPoolExecutor.java:1090)
		at java.base/java.util.concurrent.ThreadPoolExecutor$Worker.run(ThreadPoolExecutor.java:614)
		at java.base/java.lang.Thread.run(Thread.java:1474)
27-May-2026 09:10:34.345 INFO [main] org.apache.catalina.startup.VersionLoggerListener.log Nombre de la versión del servidor: Apache Tomcat/9.0.117
27-May-2026 09:10:34.351 INFO [main] org.apache.catalina.startup.VersionLoggerListener.log Server built:                      Mar 30 2026 18:21:16 UTC
27-May-2026 09:10:34.352 INFO [main] org.apache.catalina.startup.VersionLoggerListener.log Número de versión de servidor:     9.0.117.0
27-May-2026 09:10:34.352 INFO [main] org.apache.catalina.startup.VersionLoggerListener.log OS Name:                           Windows 11
27-May-2026 09:10:34.353 INFO [main] org.apache.catalina.startup.VersionLoggerListener.log Versión de Systema Operativo:      10.0
27-May-2026 09:10:34.353 INFO [main] org.apache.catalina.startup.VersionLoggerListener.log Arquitectura:                      amd64
27-May-2026 09:10:34.353 INFO [main] org.apache.catalina.startup.VersionLoggerListener.log Java Home:                         C:\Users\Juanm\.jdks\openjdk-25.0.2
27-May-2026 09:10:34.353 INFO [main] org.apache.catalina.startup.VersionLoggerListener.log JVM Version:                       25.0.2+10-69
27-May-2026 09:10:34.354 INFO [main] org.apache.catalina.startup.VersionLoggerListener.log Vededor JVM:                       Oracle Corporation
27-May-2026 09:10:34.354 INFO [main] org.apache.catalina.startup.VersionLoggerListener.log CATALINA_BASE:                     C:\Users\Juanm\IdeaProjects\eventosProyecto\webapps
27-May-2026 09:10:34.354 INFO [main] org.apache.catalina.startup.VersionLoggerListener.log CATALINA_HOME:                     C:\apache-tomcat-9.0.117
27-May-2026 09:10:34.368 INFO [main] org.apache.catalina.startup.VersionLoggerListener.log Command line argument:             --add-opens=java.base/java.lang=ALL-UNNAMED
27-May-2026 09:10:34.368 INFO [main] org.apache.catalina.startup.VersionLoggerListener.log Command line argument:             --add-opens=java.base/java.io=ALL-UNNAMED
27-May-2026 09:10:34.368 INFO [main] org.apache.catalina.startup.VersionLoggerListener.log Command line argument:             --add-opens=java.base/java.util=ALL-UNNAMED
27-May-2026 09:10:34.368 INFO [main] org.apache.catalina.startup.VersionLoggerListener.log Command line argument:             --add-opens=java.base/java.util.concurrent=ALL-UNNAMED
27-May-2026 09:10:34.368 INFO [main] org.apache.catalina.startup.VersionLoggerListener.log Command line argument:             --add-opens=java.rmi/sun.rmi.transport=ALL-UNNAMED
27-May-2026 09:10:34.370 INFO [main] org.apache.catalina.startup.VersionLoggerListener.log Command line argument:             -Dcatalina.home=C:\apache-tomcat-9.0.117
27-May-2026 09:10:34.370 INFO [main] org.apache.catalina.startup.VersionLoggerListener.log Command line argument:             -Dcatalina.base=C:\Users\Juanm\IdeaProjects\eventosProyecto\webapps
27-May-2026 09:10:34.370 INFO [main] org.apache.catalina.startup.VersionLoggerListener.log Command line argument:             -Djava.io.tmpdir=C:\Users\Juanm\IdeaProjects\eventosProyecto\webapps\temp
27-May-2026 09:10:34.370 INFO [main] org.apache.catalina.startup.VersionLoggerListener.log Command line argument:             -Djava.util.logging.config.file=C:\Users\Juanm\IdeaProjects\eventosProyecto\webapps\conf\logging.properties
27-May-2026 09:10:34.370 INFO [main] org.apache.catalina.startup.VersionLoggerListener.log Command line argument:             -Djava.util.logging.manager=org.apache.juli.ClassLoaderLogManager
27-May-2026 09:10:34.370 INFO [main] org.apache.catalina.startup.VersionLoggerListener.log Command line argument:             -javaagent:C:\Program Files\JetBrains\IntelliJ IDEA 2025.3\lib\idea_rt.jar=52412
27-May-2026 09:10:34.370 INFO [main] org.apache.catalina.startup.VersionLoggerListener.log Command line argument:             -Dfile.encoding=UTF-8
27-May-2026 09:10:34.370 INFO [main] org.apache.catalina.startup.VersionLoggerListener.log Command line argument:             -Dsun.stdout.encoding=UTF-8
27-May-2026 09:10:34.370 INFO [main] org.apache.catalina.startup.VersionLoggerListener.log Command line argument:             -Dsun.stderr.encoding=UTF-8
27-May-2026 09:10:34.379 INFO [main] org.apache.catalina.core.AprLifecycleListener.lifecycleEvent Cargada la biblioteca nativa APR de Apache Tomcat [1.3.7] con la versión APR [1.7.6].
27-May-2026 09:10:34.380 INFO [main] org.apache.catalina.core.AprLifecycleListener.lifecycleEvent Capacidades APR: IPv6 [true], enviar fichero [true], aceptar filtros [false], aleatorio [true], UDS [true].
27-May-2026 09:10:34.380 INFO [main] org.apache.catalina.core.AprLifecycleListener.lifecycleEvent APR/OpenSSL configuration: useAprConnector [false], useOpenSSL [true]
27-May-2026 09:10:34.404 INFO [main] org.apache.catalina.core.AprLifecycleListener.initializeSSL OpenSSL inicializado correctamente [OpenSSL 3.0.19 27 Jan 2026]
27-May-2026 09:10:35.152 INFO [main] org.apache.coyote.AbstractProtocol.init Inicializando el manejador de protocolo ["http-nio-8080"]

27-May-2026 09:10:35.214 INFO [main] org.apache.catalina.startup.Catalina.load Server initialization in [1520] milliseconds
27-May-2026 09:10:35.334 INFO [main] org.apache.catalina.core.StandardService.startInternal Arrancando servicio [Catalina]
27-May-2026 09:10:35.334 INFO [main] org.apache.catalina.core.StandardEngine.startInternal Starting Servlet engine: [Apache Tomcat/9.0.117]
27-May-2026 09:10:35.354 INFO [main] org.apache.catalina.startup.HostConfig.deployDescriptor Desplieque del descriptor de configuración [C:\Users\Juanm\IdeaProjects\eventosProyecto\webapps\conf\Catalina\localhost\eventosProyecto.xml]
27-May-2026 09:10:38.654 INFO [main] org.apache.jasper.servlet.TldScanner.scanJars Al menos un JAR, que se ha explorado buscando TLDs, aún no contenía TLDs. Activar historial de depuración para este historiador para una completa lista de los JARs que fueron explorados y de los que nos se halló TLDs. Saltarse JARs no necesarios durante la exploración puede dar lugar a una mejora de tiempo significativa en el arranque y compilación de JSP .
27-May-2026 09:10:38.958 INFO [main] org.apache.catalina.startup.HostConfig.deployDescriptor Deployment of deployment descriptor [C:\Users\Juanm\IdeaProjects\eventosProyecto\webapps\conf\Catalina\localhost\eventosProyecto.xml] has finished in [3.586] ms
27-May-2026 09:10:38.965 INFO [main] org.apache.coyote.AbstractProtocol.start Starting ProtocolHandler ["http-nio-8080"]
27-May-2026 09:10:39.005 INFO [main] org.apache.catalina.startup.Catalina.start Server startup in [3785] milliseconds
27-May-2026 09:13:59.418 INFO [Thread-1] org.apache.coyote.AbstractProtocol.pause Pausing ProtocolHandler ["http-nio-8080"]
27-May-2026 09:13:59.434 INFO [Thread-1] org.apache.catalina.core.StandardService.stopInternal Parando servicio [Catalina]
27-May-2026 09:13:59.448 WARNING [Thread-1] org.apache.catalina.loader.WebappClassLoaderBase.clearReferencesJdbc La aplicación web [eventosProyecto] registró el conductor JDBC [com.mysql.cj.jdbc.Driver] pero falló al anular el registro mientras la aplicación web estaba parada. Para prevenir un fallo de memoria, se ha anulado el registro del conductor JDBC por la fuerza.
27-May-2026 09:13:59.449 WARNING [Thread-1] org.apache.catalina.loader.WebappClassLoaderBase.clearReferencesThreads The web application [eventosProyecto] appears to have started a thread named [mysql-cj-abandoned-connection-cleanup] but has failed to stop it. This is very likely to create a memory leak. Stack trace of thread:
 java.base/java.lang.Object.wait0(Native Method)
 java.base/java.lang.Object.wait(Object.java:389)
 java.base/java.lang.ref.ReferenceQueue.remove0(ReferenceQueue.java:123)
 java.base/java.lang.ref.ReferenceQueue.remove(ReferenceQueue.java:201)
 com.mysql.cj.jdbc.AbandonedConnectionCleanupThread.run(AbandonedConnectionCleanupThread.java:91)
 java.base/java.util.concurrent.ThreadPoolExecutor.runWorker(ThreadPoolExecutor.java:1090)
 java.base/java.util.concurrent.ThreadPoolExecutor$Worker.run(ThreadPoolExecutor.java:614)
 java.base/java.lang.Thread.run(Thread.java:1474)
27-May-2026 09:13:59.460 INFO [Thread-1] org.apache.coyote.AbstractProtocol.stop Stopping ProtocolHandler ["http-nio-8080"]
27-May-2026 09:13:59.470 INFO [Thread-1] org.apache.coyote.AbstractProtocol.destroy Destroying ProtocolHandler ["http-nio-8080"]
27-May-2026 09:13:59.517 INFO [mysql-cj-abandoned-connection-cleanup] org.apache.catalina.loader.WebappClassLoaderBase.checkStateForResourceLoading Acceso ilegal: esta instancia de aplicación web ya ha sido parada.  Could not load [].  La eventual traza de pila que sigue ha sido motivada por un error lanzado con motivos de depuración así como para intentar terminar el hilo que motivó el acceso ilegal y no tiene impacto funcional.
	java.lang.IllegalStateException: Acceso ilegal: esta instancia de aplicación web ya ha sido parada.  Could not load [].  La eventual traza de pila que sigue ha sido motivada por un error lanzado con motivos de depuración así como para intentar terminar el hilo que motivó el acceso ilegal y no tiene impacto funcional.
		at org.apache.catalina.loader.WebappClassLoaderBase.checkStateForResourceLoading(WebappClassLoaderBase.java:1370)
		at org.apache.catalina.loader.WebappClassLoaderBase.getResource(WebappClassLoaderBase.java:994)
		at com.mysql.cj.jdbc.AbandonedConnectionCleanupThread.checkThreadContextClassLoader(AbandonedConnectionCleanupThread.java:123)
		at com.mysql.cj.jdbc.AbandonedConnectionCleanupThread.run(AbandonedConnectionCleanupThread.java:90)
		at java.base/java.util.concurrent.ThreadPoolExecutor.runWorker(ThreadPoolExecutor.java:1090)
		at java.base/java.util.concurrent.ThreadPoolExecutor$Worker.run(ThreadPoolExecutor.java:614)
		at java.base/java.lang.Thread.run(Thread.java:1474)
27-May-2026 09:14:04.791 INFO [main] org.apache.catalina.startup.VersionLoggerListener.log Nombre de la versión del servidor: Apache Tomcat/9.0.117
27-May-2026 09:14:04.795 INFO [main] org.apache.catalina.startup.VersionLoggerListener.log Server built:                      Mar 30 2026 18:21:16 UTC
27-May-2026 09:14:04.796 INFO [main] org.apache.catalina.startup.VersionLoggerListener.log Número de versión de servidor:     9.0.117.0
27-May-2026 09:14:04.797 INFO [main] org.apache.catalina.startup.VersionLoggerListener.log OS Name:                           Windows 11
27-May-2026 09:14:04.797 INFO [main] org.apache.catalina.startup.VersionLoggerListener.log Versión de Systema Operativo:      10.0
27-May-2026 09:14:04.797 INFO [main] org.apache.catalina.startup.VersionLoggerListener.log Arquitectura:                      amd64
27-May-2026 09:14:04.799 INFO [main] org.apache.catalina.startup.VersionLoggerListener.log Java Home:                         C:\Users\Juanm\.jdks\openjdk-25.0.2
27-May-2026 09:14:04.799 INFO [main] org.apache.catalina.startup.VersionLoggerListener.log JVM Version:                       25.0.2+10-69
27-May-2026 09:14:04.799 INFO [main] org.apache.catalina.startup.VersionLoggerListener.log Vededor JVM:                       Oracle Corporation
27-May-2026 09:14:04.799 INFO [main] org.apache.catalina.startup.VersionLoggerListener.log CATALINA_BASE:                     C:\Users\Juanm\IdeaProjects\eventosProyecto\webapps
27-May-2026 09:14:04.799 INFO [main] org.apache.catalina.startup.VersionLoggerListener.log CATALINA_HOME:                     C:\apache-tomcat-9.0.117
27-May-2026 09:14:04.814 INFO [main] org.apache.catalina.startup.VersionLoggerListener.log Command line argument:             --add-opens=java.base/java.lang=ALL-UNNAMED
27-May-2026 09:14:04.814 INFO [main] org.apache.catalina.startup.VersionLoggerListener.log Command line argument:             --add-opens=java.base/java.io=ALL-UNNAMED
27-May-2026 09:14:04.814 INFO [main] org.apache.catalina.startup.VersionLoggerListener.log Command line argument:             --add-opens=java.base/java.util=ALL-UNNAMED
27-May-2026 09:14:04.814 INFO [main] org.apache.catalina.startup.VersionLoggerListener.log Command line argument:             --add-opens=java.base/java.util.concurrent=ALL-UNNAMED
27-May-2026 09:14:04.814 INFO [main] org.apache.catalina.startup.VersionLoggerListener.log Command line argument:             --add-opens=java.rmi/sun.rmi.transport=ALL-UNNAMED
27-May-2026 09:14:04.815 INFO [main] org.apache.catalina.startup.VersionLoggerListener.log Command line argument:             -Dcatalina.home=C:\apache-tomcat-9.0.117
27-May-2026 09:14:04.815 INFO [main] org.apache.catalina.startup.VersionLoggerListener.log Command line argument:             -Dcatalina.base=C:\Users\Juanm\IdeaProjects\eventosProyecto\webapps
27-May-2026 09:14:04.815 INFO [main] org.apache.catalina.startup.VersionLoggerListener.log Command line argument:             -Djava.io.tmpdir=C:\Users\Juanm\IdeaProjects\eventosProyecto\webapps\temp
27-May-2026 09:14:04.815 INFO [main] org.apache.catalina.startup.VersionLoggerListener.log Command line argument:             -Djava.util.logging.config.file=C:\Users\Juanm\IdeaProjects\eventosProyecto\webapps\conf\logging.properties
27-May-2026 09:14:04.815 INFO [main] org.apache.catalina.startup.VersionLoggerListener.log Command line argument:             -Djava.util.logging.manager=org.apache.juli.ClassLoaderLogManager
27-May-2026 09:14:04.815 INFO [main] org.apache.catalina.startup.VersionLoggerListener.log Command line argument:             -javaagent:C:\Program Files\JetBrains\IntelliJ IDEA 2025.3\lib\idea_rt.jar=63659
27-May-2026 09:14:04.816 INFO [main] org.apache.catalina.startup.VersionLoggerListener.log Command line argument:             -Dfile.encoding=UTF-8
27-May-2026 09:14:04.816 INFO [main] org.apache.catalina.startup.VersionLoggerListener.log Command line argument:             -Dsun.stdout.encoding=UTF-8
27-May-2026 09:14:04.816 INFO [main] org.apache.catalina.startup.VersionLoggerListener.log Command line argument:             -Dsun.stderr.encoding=UTF-8
27-May-2026 09:14:04.824 INFO [main] org.apache.catalina.core.AprLifecycleListener.lifecycleEvent Cargada la biblioteca nativa APR de Apache Tomcat [1.3.7] con la versión APR [1.7.6].
27-May-2026 09:14:04.825 INFO [main] org.apache.catalina.core.AprLifecycleListener.lifecycleEvent Capacidades APR: IPv6 [true], enviar fichero [true], aceptar filtros [false], aleatorio [true], UDS [true].
27-May-2026 09:14:04.825 INFO [main] org.apache.catalina.core.AprLifecycleListener.lifecycleEvent APR/OpenSSL configuration: useAprConnector [false], useOpenSSL [true]
27-May-2026 09:14:04.840 INFO [main] org.apache.catalina.core.AprLifecycleListener.initializeSSL OpenSSL inicializado correctamente [OpenSSL 3.0.19 27 Jan 2026]
27-May-2026 09:14:05.499 INFO [main] org.apache.coyote.AbstractProtocol.init Inicializando el manejador de protocolo ["http-nio-8080"]

27-May-2026 09:14:05.538 INFO [main] org.apache.catalina.startup.Catalina.load Server initialization in [1295] milliseconds
27-May-2026 09:14:05.643 INFO [main] org.apache.catalina.core.StandardService.startInternal Arrancando servicio [Catalina]
27-May-2026 09:14:05.644 INFO [main] org.apache.catalina.core.StandardEngine.startInternal Starting Servlet engine: [Apache Tomcat/9.0.117]
27-May-2026 09:14:05.670 INFO [main] org.apache.catalina.startup.HostConfig.deployDescriptor Desplieque del descriptor de configuración [C:\Users\Juanm\IdeaProjects\eventosProyecto\webapps\conf\Catalina\localhost\eventosProyecto.xml]
27-May-2026 09:14:08.280 INFO [main] org.apache.jasper.servlet.TldScanner.scanJars Al menos un JAR, que se ha explorado buscando TLDs, aún no contenía TLDs. Activar historial de depuración para este historiador para una completa lista de los JARs que fueron explorados y de los que nos se halló TLDs. Saltarse JARs no necesarios durante la exploración puede dar lugar a una mejora de tiempo significativa en el arranque y compilación de JSP .
27-May-2026 09:14:08.542 INFO [main] org.apache.catalina.startup.HostConfig.deployDescriptor Deployment of deployment descriptor [C:\Users\Juanm\IdeaProjects\eventosProyecto\webapps\conf\Catalina\localhost\eventosProyecto.xml] has finished in [2.856] ms
27-May-2026 09:14:08.556 INFO [main] org.apache.coyote.AbstractProtocol.start Starting ProtocolHandler ["http-nio-8080"]
27-May-2026 09:14:08.613 INFO [main] org.apache.catalina.startup.Catalina.start Server startup in [3071] milliseconds
27-May-2026 09:15:41.671 INFO [Thread-1] org.apache.coyote.AbstractProtocol.pause Pausing ProtocolHandler ["http-nio-8080"]
27-May-2026 09:15:41.688 INFO [Thread-1] org.apache.catalina.core.StandardService.stopInternal Parando servicio [Catalina]
27-May-2026 09:15:41.697 WARNING [Thread-1] org.apache.catalina.loader.WebappClassLoaderBase.clearReferencesJdbc La aplicación web [eventosProyecto] registró el conductor JDBC [com.mysql.cj.jdbc.Driver] pero falló al anular el registro mientras la aplicación web estaba parada. Para prevenir un fallo de memoria, se ha anulado el registro del conductor JDBC por la fuerza.
27-May-2026 09:15:41.698 WARNING [Thread-1] org.apache.catalina.loader.WebappClassLoaderBase.clearReferencesThreads The web application [eventosProyecto] appears to have started a thread named [mysql-cj-abandoned-connection-cleanup] but has failed to stop it. This is very likely to create a memory leak. Stack trace of thread:
 java.base/java.lang.Object.wait0(Native Method)
 java.base/java.lang.Object.wait(Object.java:389)
 java.base/java.lang.ref.ReferenceQueue.remove0(ReferenceQueue.java:123)
 java.base/java.lang.ref.ReferenceQueue.remove(ReferenceQueue.java:201)
 com.mysql.cj.jdbc.AbandonedConnectionCleanupThread.run(AbandonedConnectionCleanupThread.java:91)
 java.base/java.util.concurrent.ThreadPoolExecutor.runWorker(ThreadPoolExecutor.java:1090)
 java.base/java.util.concurrent.ThreadPoolExecutor$Worker.run(ThreadPoolExecutor.java:614)
 java.base/java.lang.Thread.run(Thread.java:1474)
27-May-2026 09:15:41.708 INFO [Thread-1] org.apache.coyote.AbstractProtocol.stop Stopping ProtocolHandler ["http-nio-8080"]
27-May-2026 09:15:41.714 INFO [Thread-1] org.apache.coyote.AbstractProtocol.destroy Destroying ProtocolHandler ["http-nio-8080"]
27-May-2026 09:15:47.173 INFO [main] org.apache.catalina.startup.VersionLoggerListener.log Nombre de la versión del servidor: Apache Tomcat/9.0.117
27-May-2026 09:15:47.178 INFO [main] org.apache.catalina.startup.VersionLoggerListener.log Server built:                      Mar 30 2026 18:21:16 UTC
27-May-2026 09:15:47.179 INFO [main] org.apache.catalina.startup.VersionLoggerListener.log Número de versión de servidor:     9.0.117.0
27-May-2026 09:15:47.179 INFO [main] org.apache.catalina.startup.VersionLoggerListener.log OS Name:                           Windows 11
27-May-2026 09:15:47.179 INFO [main] org.apache.catalina.startup.VersionLoggerListener.log Versión de Systema Operativo:      10.0
27-May-2026 09:15:47.179 INFO [main] org.apache.catalina.startup.VersionLoggerListener.log Arquitectura:                      amd64
27-May-2026 09:15:47.180 INFO [main] org.apache.catalina.startup.VersionLoggerListener.log Java Home:                         C:\Users\Juanm\.jdks\openjdk-25.0.2
27-May-2026 09:15:47.180 INFO [main] org.apache.catalina.startup.VersionLoggerListener.log JVM Version:                       25.0.2+10-69
27-May-2026 09:15:47.180 INFO [main] org.apache.catalina.startup.VersionLoggerListener.log Vededor JVM:                       Oracle Corporation
27-May-2026 09:15:47.180 INFO [main] org.apache.catalina.startup.VersionLoggerListener.log CATALINA_BASE:                     C:\Users\Juanm\IdeaProjects\eventosProyecto\webapps
27-May-2026 09:15:47.180 INFO [main] org.apache.catalina.startup.VersionLoggerListener.log CATALINA_HOME:                     C:\apache-tomcat-9.0.117
27-May-2026 09:15:47.197 INFO [main] org.apache.catalina.startup.VersionLoggerListener.log Command line argument:             --add-opens=java.base/java.lang=ALL-UNNAMED
27-May-2026 09:15:47.197 INFO [main] org.apache.catalina.startup.VersionLoggerListener.log Command line argument:             --add-opens=java.base/java.io=ALL-UNNAMED
27-May-2026 09:15:47.197 INFO [main] org.apache.catalina.startup.VersionLoggerListener.log Command line argument:             --add-opens=java.base/java.util=ALL-UNNAMED
27-May-2026 09:15:47.197 INFO [main] org.apache.catalina.startup.VersionLoggerListener.log Command line argument:             --add-opens=java.base/java.util.concurrent=ALL-UNNAMED
27-May-2026 09:15:47.197 INFO [main] org.apache.catalina.startup.VersionLoggerListener.log Command line argument:             --add-opens=java.rmi/sun.rmi.transport=ALL-UNNAMED
27-May-2026 09:15:47.197 INFO [main] org.apache.catalina.startup.VersionLoggerListener.log Command line argument:             -Dcatalina.home=C:\apache-tomcat-9.0.117
27-May-2026 09:15:47.198 INFO [main] org.apache.catalina.startup.VersionLoggerListener.log Command line argument:             -Dcatalina.base=C:\Users\Juanm\IdeaProjects\eventosProyecto\webapps
27-May-2026 09:15:47.198 INFO [main] org.apache.catalina.startup.VersionLoggerListener.log Command line argument:             -Djava.io.tmpdir=C:\Users\Juanm\IdeaProjects\eventosProyecto\webapps\temp
27-May-2026 09:15:47.198 INFO [main] org.apache.catalina.startup.VersionLoggerListener.log Command line argument:             -Djava.util.logging.config.file=C:\Users\Juanm\IdeaProjects\eventosProyecto\webapps\conf\logging.properties
27-May-2026 09:15:47.198 INFO [main] org.apache.catalina.startup.VersionLoggerListener.log Command line argument:             -Djava.util.logging.manager=org.apache.juli.ClassLoaderLogManager
27-May-2026 09:15:47.198 INFO [main] org.apache.catalina.startup.VersionLoggerListener.log Command line argument:             -javaagent:C:\Program Files\JetBrains\IntelliJ IDEA 2025.3\lib\idea_rt.jar=54223
27-May-2026 09:15:47.198 INFO [main] org.apache.catalina.startup.VersionLoggerListener.log Command line argument:             -Dfile.encoding=UTF-8
27-May-2026 09:15:47.198 INFO [main] org.apache.catalina.startup.VersionLoggerListener.log Command line argument:             -Dsun.stdout.encoding=UTF-8
27-May-2026 09:15:47.198 INFO [main] org.apache.catalina.startup.VersionLoggerListener.log Command line argument:             -Dsun.stderr.encoding=UTF-8
27-May-2026 09:15:47.208 INFO [main] org.apache.catalina.core.AprLifecycleListener.lifecycleEvent Cargada la biblioteca nativa APR de Apache Tomcat [1.3.7] con la versión APR [1.7.6].
27-May-2026 09:15:47.208 INFO [main] org.apache.catalina.core.AprLifecycleListener.lifecycleEvent Capacidades APR: IPv6 [true], enviar fichero [true], aceptar filtros [false], aleatorio [true], UDS [true].
27-May-2026 09:15:47.208 INFO [main] org.apache.catalina.core.AprLifecycleListener.lifecycleEvent APR/OpenSSL configuration: useAprConnector [false], useOpenSSL [true]
27-May-2026 09:15:47.223 INFO [main] org.apache.catalina.core.AprLifecycleListener.initializeSSL OpenSSL inicializado correctamente [OpenSSL 3.0.19 27 Jan 2026]
27-May-2026 09:15:47.833 INFO [main] org.apache.coyote.AbstractProtocol.init Inicializando el manejador de protocolo ["http-nio-8080"]

27-May-2026 09:15:47.873 INFO [main] org.apache.catalina.startup.Catalina.load Server initialization in [1284] milliseconds
27-May-2026 09:15:47.983 INFO [main] org.apache.catalina.core.StandardService.startInternal Arrancando servicio [Catalina]
27-May-2026 09:15:47.984 INFO [main] org.apache.catalina.core.StandardEngine.startInternal Starting Servlet engine: [Apache Tomcat/9.0.117]
27-May-2026 09:15:48.000 INFO [main] org.apache.catalina.startup.HostConfig.deployDescriptor Desplieque del descriptor de configuración [C:\Users\Juanm\IdeaProjects\eventosProyecto\webapps\conf\Catalina\localhost\eventosProyecto.xml]
27-May-2026 09:15:50.499 INFO [main] org.apache.jasper.servlet.TldScanner.scanJars Al menos un JAR, que se ha explorado buscando TLDs, aún no contenía TLDs. Activar historial de depuración para este historiador para una completa lista de los JARs que fueron explorados y de los que nos se halló TLDs. Saltarse JARs no necesarios durante la exploración puede dar lugar a una mejora de tiempo significativa en el arranque y compilación de JSP .
27-May-2026 09:15:50.741 INFO [main] org.apache.catalina.startup.HostConfig.deployDescriptor Deployment of deployment descriptor [C:\Users\Juanm\IdeaProjects\eventosProyecto\webapps\conf\Catalina\localhost\eventosProyecto.xml] has finished in [2.729] ms
27-May-2026 09:15:50.751 INFO [main] org.apache.coyote.AbstractProtocol.start Starting ProtocolHandler ["http-nio-8080"]
27-May-2026 09:15:50.799 INFO [main] org.apache.catalina.startup.Catalina.start Server startup in [2921] milliseconds
27-May-2026 09:20:11.706 INFO [Thread-1] org.apache.coyote.AbstractProtocol.pause Pausing ProtocolHandler ["http-nio-8080"]
27-May-2026 09:20:11.740 INFO [Thread-1] org.apache.catalina.core.StandardService.stopInternal Parando servicio [Catalina]
27-May-2026 09:20:11.768 WARNING [Thread-1] org.apache.catalina.loader.WebappClassLoaderBase.clearReferencesJdbc La aplicación web [eventosProyecto] registró el conductor JDBC [com.mysql.cj.jdbc.Driver] pero falló al anular el registro mientras la aplicación web estaba parada. Para prevenir un fallo de memoria, se ha anulado el registro del conductor JDBC por la fuerza.
27-May-2026 09:20:11.770 WARNING [Thread-1] org.apache.catalina.loader.WebappClassLoaderBase.clearReferencesThreads The web application [eventosProyecto] appears to have started a thread named [mysql-cj-abandoned-connection-cleanup] but has failed to stop it. This is very likely to create a memory leak. Stack trace of thread:
 java.base/java.lang.Object.wait0(Native Method)
 java.base/java.lang.Object.wait(Object.java:389)
 java.base/java.lang.ref.ReferenceQueue.remove0(ReferenceQueue.java:123)
 java.base/java.lang.ref.ReferenceQueue.remove(ReferenceQueue.java:201)
 com.mysql.cj.jdbc.AbandonedConnectionCleanupThread.run(AbandonedConnectionCleanupThread.java:91)
 java.base/java.util.concurrent.ThreadPoolExecutor.runWorker(ThreadPoolExecutor.java:1090)
 java.base/java.util.concurrent.ThreadPoolExecutor$Worker.run(ThreadPoolExecutor.java:614)
 java.base/java.lang.Thread.run(Thread.java:1474)
27-May-2026 09:20:11.793 INFO [Thread-1] org.apache.coyote.AbstractProtocol.stop Stopping ProtocolHandler ["http-nio-8080"]
27-May-2026 09:20:11.809 INFO [Thread-1] org.apache.coyote.AbstractProtocol.destroy Destroying ProtocolHandler ["http-nio-8080"]
27-May-2026 09:20:14.980 INFO [main] org.apache.catalina.startup.VersionLoggerListener.log Nombre de la versión del servidor: Apache Tomcat/9.0.117
27-May-2026 09:20:14.986 INFO [main] org.apache.catalina.startup.VersionLoggerListener.log Server built:                      Mar 30 2026 18:21:16 UTC
27-May-2026 09:20:14.987 INFO [main] org.apache.catalina.startup.VersionLoggerListener.log Número de versión de servidor:     9.0.117.0
27-May-2026 09:20:14.988 INFO [main] org.apache.catalina.startup.VersionLoggerListener.log OS Name:                           Windows 11
27-May-2026 09:20:14.988 INFO [main] org.apache.catalina.startup.VersionLoggerListener.log Versión de Systema Operativo:      10.0
27-May-2026 09:20:14.989 INFO [main] org.apache.catalina.startup.VersionLoggerListener.log Arquitectura:                      amd64
27-May-2026 09:20:14.989 INFO [main] org.apache.catalina.startup.VersionLoggerListener.log Java Home:                         C:\Users\Juanm\.jdks\openjdk-25.0.2
27-May-2026 09:20:14.989 INFO [main] org.apache.catalina.startup.VersionLoggerListener.log JVM Version:                       25.0.2+10-69
27-May-2026 09:20:14.990 INFO [main] org.apache.catalina.startup.VersionLoggerListener.log Vededor JVM:                       Oracle Corporation
27-May-2026 09:20:14.990 INFO [main] org.apache.catalina.startup.VersionLoggerListener.log CATALINA_BASE:                     C:\Users\Juanm\IdeaProjects\eventosProyecto\webapps
27-May-2026 09:20:14.990 INFO [main] org.apache.catalina.startup.VersionLoggerListener.log CATALINA_HOME:                     C:\apache-tomcat-9.0.117
27-May-2026 09:20:15.006 INFO [main] org.apache.catalina.startup.VersionLoggerListener.log Command line argument:             --add-opens=java.base/java.lang=ALL-UNNAMED
27-May-2026 09:20:15.007 INFO [main] org.apache.catalina.startup.VersionLoggerListener.log Command line argument:             --add-opens=java.base/java.io=ALL-UNNAMED
27-May-2026 09:20:15.007 INFO [main] org.apache.catalina.startup.VersionLoggerListener.log Command line argument:             --add-opens=java.base/java.util=ALL-UNNAMED
27-May-2026 09:20:15.007 INFO [main] org.apache.catalina.startup.VersionLoggerListener.log Command line argument:             --add-opens=java.base/java.util.concurrent=ALL-UNNAMED
27-May-2026 09:20:15.007 INFO [main] org.apache.catalina.startup.VersionLoggerListener.log Command line argument:             --add-opens=java.rmi/sun.rmi.transport=ALL-UNNAMED
27-May-2026 09:20:15.007 INFO [main] org.apache.catalina.startup.VersionLoggerListener.log Command line argument:             -Dcatalina.home=C:\apache-tomcat-9.0.117
27-May-2026 09:20:15.008 INFO [main] org.apache.catalina.startup.VersionLoggerListener.log Command line argument:             -Dcatalina.base=C:\Users\Juanm\IdeaProjects\eventosProyecto\webapps
27-May-2026 09:20:15.008 INFO [main] org.apache.catalina.startup.VersionLoggerListener.log Command line argument:             -Djava.io.tmpdir=C:\Users\Juanm\IdeaProjects\eventosProyecto\webapps\temp
27-May-2026 09:20:15.008 INFO [main] org.apache.catalina.startup.VersionLoggerListener.log Command line argument:             -Djava.util.logging.config.file=C:\Users\Juanm\IdeaProjects\eventosProyecto\webapps\conf\logging.properties
27-May-2026 09:20:15.008 INFO [main] org.apache.catalina.startup.VersionLoggerListener.log Command line argument:             -Djava.util.logging.manager=org.apache.juli.ClassLoaderLogManager
27-May-2026 09:20:15.008 INFO [main] org.apache.catalina.startup.VersionLoggerListener.log Command line argument:             -javaagent:C:\Program Files\JetBrains\IntelliJ IDEA 2025.3\lib\idea_rt.jar=55112
27-May-2026 09:20:15.008 INFO [main] org.apache.catalina.startup.VersionLoggerListener.log Command line argument:             -Dfile.encoding=UTF-8
27-May-2026 09:20:15.008 INFO [main] org.apache.catalina.startup.VersionLoggerListener.log Command line argument:             -Dsun.stdout.encoding=UTF-8
27-May-2026 09:20:15.009 INFO [main] org.apache.catalina.startup.VersionLoggerListener.log Command line argument:             -Dsun.stderr.encoding=UTF-8
27-May-2026 09:20:15.021 INFO [main] org.apache.catalina.core.AprLifecycleListener.lifecycleEvent Cargada la biblioteca nativa APR de Apache Tomcat [1.3.7] con la versión APR [1.7.6].
27-May-2026 09:20:15.021 INFO [main] org.apache.catalina.core.AprLifecycleListener.lifecycleEvent Capacidades APR: IPv6 [true], enviar fichero [true], aceptar filtros [false], aleatorio [true], UDS [true].
27-May-2026 09:20:15.021 INFO [main] org.apache.catalina.core.AprLifecycleListener.lifecycleEvent APR/OpenSSL configuration: useAprConnector [false], useOpenSSL [true]
27-May-2026 09:20:15.038 INFO [main] org.apache.catalina.core.AprLifecycleListener.initializeSSL OpenSSL inicializado correctamente [OpenSSL 3.0.19 27 Jan 2026]
27-May-2026 09:20:15.897 INFO [main] org.apache.coyote.AbstractProtocol.init Inicializando el manejador de protocolo ["http-nio-8080"]

27-May-2026 09:20:15.954 INFO [main] org.apache.catalina.startup.Catalina.load Server initialization in [1526] milliseconds
27-May-2026 09:20:16.094 INFO [main] org.apache.catalina.core.StandardService.startInternal Arrancando servicio [Catalina]
27-May-2026 09:20:16.095 INFO [main] org.apache.catalina.core.StandardEngine.startInternal Starting Servlet engine: [Apache Tomcat/9.0.117]
27-May-2026 09:20:16.123 INFO [main] org.apache.catalina.startup.HostConfig.deployDescriptor Desplieque del descriptor de configuración [C:\Users\Juanm\IdeaProjects\eventosProyecto\webapps\conf\Catalina\localhost\eventosProyecto.xml]
27-May-2026 09:20:19.351 INFO [main] org.apache.jasper.servlet.TldScanner.scanJars Al menos un JAR, que se ha explorado buscando TLDs, aún no contenía TLDs. Activar historial de depuración para este historiador para una completa lista de los JARs que fueron explorados y de los que nos se halló TLDs. Saltarse JARs no necesarios durante la exploración puede dar lugar a una mejora de tiempo significativa en el arranque y compilación de JSP .
27-May-2026 09:20:19.690 INFO [main] org.apache.catalina.startup.HostConfig.deployDescriptor Deployment of deployment descriptor [C:\Users\Juanm\IdeaProjects\eventosProyecto\webapps\conf\Catalina\localhost\eventosProyecto.xml] has finished in [3.556] ms
27-May-2026 09:20:19.700 INFO [main] org.apache.coyote.AbstractProtocol.start Starting ProtocolHandler ["http-nio-8080"]
27-May-2026 09:20:19.747 INFO [main] org.apache.catalina.startup.Catalina.start Server startup in [3787] milliseconds
27-May-2026 09:25:00.464 INFO [Thread-1] org.apache.coyote.AbstractProtocol.pause Pausing ProtocolHandler ["http-nio-8080"]
27-May-2026 09:25:00.493 INFO [Thread-1] org.apache.catalina.core.StandardService.stopInternal Parando servicio [Catalina]
27-May-2026 09:25:00.524 WARNING [Thread-1] org.apache.catalina.loader.WebappClassLoaderBase.clearReferencesJdbc La aplicación web [eventosProyecto] registró el conductor JDBC [com.mysql.cj.jdbc.Driver] pero falló al anular el registro mientras la aplicación web estaba parada. Para prevenir un fallo de memoria, se ha anulado el registro del conductor JDBC por la fuerza.
27-May-2026 09:25:00.527 WARNING [Thread-1] org.apache.catalina.loader.WebappClassLoaderBase.clearReferencesThreads The web application [eventosProyecto] appears to have started a thread named [mysql-cj-abandoned-connection-cleanup] but has failed to stop it. This is very likely to create a memory leak. Stack trace of thread:
 java.base/java.lang.Object.wait0(Native Method)
 java.base/java.lang.Object.wait(Object.java:389)
 java.base/java.lang.ref.ReferenceQueue.remove0(ReferenceQueue.java:123)
 java.base/java.lang.ref.ReferenceQueue.remove(ReferenceQueue.java:201)
 com.mysql.cj.jdbc.AbandonedConnectionCleanupThread.run(AbandonedConnectionCleanupThread.java:91)
 java.base/java.util.concurrent.ThreadPoolExecutor.runWorker(ThreadPoolExecutor.java:1090)
 java.base/java.util.concurrent.ThreadPoolExecutor$Worker.run(ThreadPoolExecutor.java:614)
 java.base/java.lang.Thread.run(Thread.java:1474)
27-May-2026 09:25:00.551 INFO [Thread-1] org.apache.coyote.AbstractProtocol.stop Stopping ProtocolHandler ["http-nio-8080"]
27-May-2026 09:25:00.564 INFO [Thread-1] org.apache.coyote.AbstractProtocol.destroy Destroying ProtocolHandler ["http-nio-8080"]
27-May-2026 09:25:22.836 INFO [main] org.apache.catalina.startup.VersionLoggerListener.log Nombre de la versión del servidor: Apache Tomcat/9.0.117
27-May-2026 09:25:22.841 INFO [main] org.apache.catalina.startup.VersionLoggerListener.log Server built:                      Mar 30 2026 18:21:16 UTC
27-May-2026 09:25:22.842 INFO [main] org.apache.catalina.startup.VersionLoggerListener.log Número de versión de servidor:     9.0.117.0
27-May-2026 09:25:22.844 INFO [main] org.apache.catalina.startup.VersionLoggerListener.log OS Name:                           Windows 11
27-May-2026 09:25:22.844 INFO [main] org.apache.catalina.startup.VersionLoggerListener.log Versión de Systema Operativo:      10.0
27-May-2026 09:25:22.844 INFO [main] org.apache.catalina.startup.VersionLoggerListener.log Arquitectura:                      amd64
27-May-2026 09:25:22.844 INFO [main] org.apache.catalina.startup.VersionLoggerListener.log Java Home:                         C:\Users\Juanm\.jdks\openjdk-25.0.2
27-May-2026 09:25:22.845 INFO [main] org.apache.catalina.startup.VersionLoggerListener.log JVM Version:                       25.0.2+10-69
27-May-2026 09:25:22.845 INFO [main] org.apache.catalina.startup.VersionLoggerListener.log Vededor JVM:                       Oracle Corporation
27-May-2026 09:25:22.845 INFO [main] org.apache.catalina.startup.VersionLoggerListener.log CATALINA_BASE:                     C:\Users\Juanm\IdeaProjects\eventosProyecto\webapps
27-May-2026 09:25:22.845 INFO [main] org.apache.catalina.startup.VersionLoggerListener.log CATALINA_HOME:                     C:\apache-tomcat-9.0.117
27-May-2026 09:25:22.858 INFO [main] org.apache.catalina.startup.VersionLoggerListener.log Command line argument:             --add-opens=java.base/java.lang=ALL-UNNAMED
27-May-2026 09:25:22.858 INFO [main] org.apache.catalina.startup.VersionLoggerListener.log Command line argument:             --add-opens=java.base/java.io=ALL-UNNAMED
27-May-2026 09:25:22.860 INFO [main] org.apache.catalina.startup.VersionLoggerListener.log Command line argument:             --add-opens=java.base/java.util=ALL-UNNAMED
27-May-2026 09:25:22.860 INFO [main] org.apache.catalina.startup.VersionLoggerListener.log Command line argument:             --add-opens=java.base/java.util.concurrent=ALL-UNNAMED
27-May-2026 09:25:22.860 INFO [main] org.apache.catalina.startup.VersionLoggerListener.log Command line argument:             --add-opens=java.rmi/sun.rmi.transport=ALL-UNNAMED
27-May-2026 09:25:22.860 INFO [main] org.apache.catalina.startup.VersionLoggerListener.log Command line argument:             -Dcatalina.home=C:\apache-tomcat-9.0.117
27-May-2026 09:25:22.860 INFO [main] org.apache.catalina.startup.VersionLoggerListener.log Command line argument:             -Dcatalina.base=C:\Users\Juanm\IdeaProjects\eventosProyecto\webapps
27-May-2026 09:25:22.860 INFO [main] org.apache.catalina.startup.VersionLoggerListener.log Command line argument:             -Djava.io.tmpdir=C:\Users\Juanm\IdeaProjects\eventosProyecto\webapps\temp
27-May-2026 09:25:22.861 INFO [main] org.apache.catalina.startup.VersionLoggerListener.log Command line argument:             -Djava.util.logging.config.file=C:\Users\Juanm\IdeaProjects\eventosProyecto\webapps\conf\logging.properties
27-May-2026 09:25:22.861 INFO [main] org.apache.catalina.startup.VersionLoggerListener.log Command line argument:             -Djava.util.logging.manager=org.apache.juli.ClassLoaderLogManager
27-May-2026 09:25:22.861 INFO [main] org.apache.catalina.startup.VersionLoggerListener.log Command line argument:             -javaagent:C:\Program Files\JetBrains\IntelliJ IDEA 2025.3\lib\idea_rt.jar=63644
27-May-2026 09:25:22.861 INFO [main] org.apache.catalina.startup.VersionLoggerListener.log Command line argument:             -Dfile.encoding=UTF-8
27-May-2026 09:25:22.861 INFO [main] org.apache.catalina.startup.VersionLoggerListener.log Command line argument:             -Dsun.stdout.encoding=UTF-8
27-May-2026 09:25:22.861 INFO [main] org.apache.catalina.startup.VersionLoggerListener.log Command line argument:             -Dsun.stderr.encoding=UTF-8
27-May-2026 09:25:22.872 INFO [main] org.apache.catalina.core.AprLifecycleListener.lifecycleEvent Cargada la biblioteca nativa APR de Apache Tomcat [1.3.7] con la versión APR [1.7.6].
27-May-2026 09:25:22.872 INFO [main] org.apache.catalina.core.AprLifecycleListener.lifecycleEvent Capacidades APR: IPv6 [true], enviar fichero [true], aceptar filtros [false], aleatorio [true], UDS [true].
27-May-2026 09:25:22.872 INFO [main] org.apache.catalina.core.AprLifecycleListener.lifecycleEvent APR/OpenSSL configuration: useAprConnector [false], useOpenSSL [true]
27-May-2026 09:25:22.890 INFO [main] org.apache.catalina.core.AprLifecycleListener.initializeSSL OpenSSL inicializado correctamente [OpenSSL 3.0.19 27 Jan 2026]
27-May-2026 09:25:23.591 INFO [main] org.apache.coyote.AbstractProtocol.init Inicializando el manejador de protocolo ["http-nio-8080"]

27-May-2026 09:25:23.630 INFO [main] org.apache.catalina.startup.Catalina.load Server initialization in [1415] milliseconds
27-May-2026 09:25:23.745 INFO [main] org.apache.catalina.core.StandardService.startInternal Arrancando servicio [Catalina]
27-May-2026 09:25:23.746 INFO [main] org.apache.catalina.core.StandardEngine.startInternal Starting Servlet engine: [Apache Tomcat/9.0.117]
27-May-2026 09:25:23.768 INFO [main] org.apache.catalina.startup.HostConfig.deployDescriptor Desplieque del descriptor de configuración [C:\Users\Juanm\IdeaProjects\eventosProyecto\webapps\conf\Catalina\localhost\eventosProyecto.xml]
27-May-2026 09:25:26.125 INFO [main] org.apache.jasper.servlet.TldScanner.scanJars Al menos un JAR, que se ha explorado buscando TLDs, aún no contenía TLDs. Activar historial de depuración para este historiador para una completa lista de los JARs que fueron explorados y de los que nos se halló TLDs. Saltarse JARs no necesarios durante la exploración puede dar lugar a una mejora de tiempo significativa en el arranque y compilación de JSP .
27-May-2026 09:25:26.350 INFO [main] org.apache.catalina.startup.HostConfig.deployDescriptor Deployment of deployment descriptor [C:\Users\Juanm\IdeaProjects\eventosProyecto\webapps\conf\Catalina\localhost\eventosProyecto.xml] has finished in [2.568] ms
27-May-2026 09:25:26.358 INFO [main] org.apache.coyote.AbstractProtocol.start Starting ProtocolHandler ["http-nio-8080"]
27-May-2026 09:25:26.406 INFO [main] org.apache.catalina.startup.Catalina.start Server startup in [2771] milliseconds
27-May-2026 09:26:40.398 INFO [Thread-1] org.apache.coyote.AbstractProtocol.pause Pausing ProtocolHandler ["http-nio-8080"]
27-May-2026 09:26:40.412 INFO [Thread-1] org.apache.catalina.core.StandardService.stopInternal Parando servicio [Catalina]
27-May-2026 09:26:40.422 WARNING [Thread-1] org.apache.catalina.loader.WebappClassLoaderBase.clearReferencesJdbc La aplicación web [eventosProyecto] registró el conductor JDBC [com.mysql.cj.jdbc.Driver] pero falló al anular el registro mientras la aplicación web estaba parada. Para prevenir un fallo de memoria, se ha anulado el registro del conductor JDBC por la fuerza.
27-May-2026 09:26:40.423 WARNING [Thread-1] org.apache.catalina.loader.WebappClassLoaderBase.clearReferencesThreads The web application [eventosProyecto] appears to have started a thread named [mysql-cj-abandoned-connection-cleanup] but has failed to stop it. This is very likely to create a memory leak. Stack trace of thread:
 java.base/java.lang.Object.wait0(Native Method)
 java.base/java.lang.Object.wait(Object.java:389)
 java.base/java.lang.ref.ReferenceQueue.remove0(ReferenceQueue.java:123)
 java.base/java.lang.ref.ReferenceQueue.remove(ReferenceQueue.java:201)
 com.mysql.cj.jdbc.AbandonedConnectionCleanupThread.run(AbandonedConnectionCleanupThread.java:91)
 java.base/java.util.concurrent.ThreadPoolExecutor.runWorker(ThreadPoolExecutor.java:1090)
 java.base/java.util.concurrent.ThreadPoolExecutor$Worker.run(ThreadPoolExecutor.java:614)
 java.base/java.lang.Thread.run(Thread.java:1474)
27-May-2026 09:26:40.433 INFO [Thread-1] org.apache.coyote.AbstractProtocol.stop Stopping ProtocolHandler ["http-nio-8080"]
27-May-2026 09:26:40.450 INFO [Thread-1] org.apache.coyote.AbstractProtocol.destroy Destroying ProtocolHandler ["http-nio-8080"]
27-May-2026 09:26:45.859 INFO [main] org.apache.catalina.startup.VersionLoggerListener.log Nombre de la versión del servidor: Apache Tomcat/9.0.117
27-May-2026 09:26:45.866 INFO [main] org.apache.catalina.startup.VersionLoggerListener.log Server built:                      Mar 30 2026 18:21:16 UTC
27-May-2026 09:26:45.867 INFO [main] org.apache.catalina.startup.VersionLoggerListener.log Número de versión de servidor:     9.0.117.0
27-May-2026 09:26:45.867 INFO [main] org.apache.catalina.startup.VersionLoggerListener.log OS Name:                           Windows 11
27-May-2026 09:26:45.868 INFO [main] org.apache.catalina.startup.VersionLoggerListener.log Versión de Systema Operativo:      10.0
27-May-2026 09:26:45.868 INFO [main] org.apache.catalina.startup.VersionLoggerListener.log Arquitectura:                      amd64
27-May-2026 09:26:45.869 INFO [main] org.apache.catalina.startup.VersionLoggerListener.log Java Home:                         C:\Users\Juanm\.jdks\openjdk-25.0.2
27-May-2026 09:26:45.869 INFO [main] org.apache.catalina.startup.VersionLoggerListener.log JVM Version:                       25.0.2+10-69
27-May-2026 09:26:45.869 INFO [main] org.apache.catalina.startup.VersionLoggerListener.log Vededor JVM:                       Oracle Corporation
27-May-2026 09:26:45.870 INFO [main] org.apache.catalina.startup.VersionLoggerListener.log CATALINA_BASE:                     C:\Users\Juanm\IdeaProjects\eventosProyecto\webapps
27-May-2026 09:26:45.870 INFO [main] org.apache.catalina.startup.VersionLoggerListener.log CATALINA_HOME:                     C:\apache-tomcat-9.0.117
27-May-2026 09:26:45.885 INFO [main] org.apache.catalina.startup.VersionLoggerListener.log Command line argument:             --add-opens=java.base/java.lang=ALL-UNNAMED
27-May-2026 09:26:45.885 INFO [main] org.apache.catalina.startup.VersionLoggerListener.log Command line argument:             --add-opens=java.base/java.io=ALL-UNNAMED
27-May-2026 09:26:45.886 INFO [main] org.apache.catalina.startup.VersionLoggerListener.log Command line argument:             --add-opens=java.base/java.util=ALL-UNNAMED
27-May-2026 09:26:45.886 INFO [main] org.apache.catalina.startup.VersionLoggerListener.log Command line argument:             --add-opens=java.base/java.util.concurrent=ALL-UNNAMED
27-May-2026 09:26:45.886 INFO [main] org.apache.catalina.startup.VersionLoggerListener.log Command line argument:             --add-opens=java.rmi/sun.rmi.transport=ALL-UNNAMED
27-May-2026 09:26:45.886 INFO [main] org.apache.catalina.startup.VersionLoggerListener.log Command line argument:             -Dcatalina.home=C:\apache-tomcat-9.0.117
27-May-2026 09:26:45.887 INFO [main] org.apache.catalina.startup.VersionLoggerListener.log Command line argument:             -Dcatalina.base=C:\Users\Juanm\IdeaProjects\eventosProyecto\webapps
27-May-2026 09:26:45.887 INFO [main] org.apache.catalina.startup.VersionLoggerListener.log Command line argument:             -Djava.io.tmpdir=C:\Users\Juanm\IdeaProjects\eventosProyecto\webapps\temp
27-May-2026 09:26:45.887 INFO [main] org.apache.catalina.startup.VersionLoggerListener.log Command line argument:             -Djava.util.logging.config.file=C:\Users\Juanm\IdeaProjects\eventosProyecto\webapps\conf\logging.properties
27-May-2026 09:26:45.887 INFO [main] org.apache.catalina.startup.VersionLoggerListener.log Command line argument:             -Djava.util.logging.manager=org.apache.juli.ClassLoaderLogManager
27-May-2026 09:26:45.887 INFO [main] org.apache.catalina.startup.VersionLoggerListener.log Command line argument:             -javaagent:C:\Program Files\JetBrains\IntelliJ IDEA 2025.3\lib\idea_rt.jar=62205
27-May-2026 09:26:45.887 INFO [main] org.apache.catalina.startup.VersionLoggerListener.log Command line argument:             -Dfile.encoding=UTF-8
27-May-2026 09:26:45.887 INFO [main] org.apache.catalina.startup.VersionLoggerListener.log Command line argument:             -Dsun.stdout.encoding=UTF-8
27-May-2026 09:26:45.888 INFO [main] org.apache.catalina.startup.VersionLoggerListener.log Command line argument:             -Dsun.stderr.encoding=UTF-8
27-May-2026 09:26:45.897 INFO [main] org.apache.catalina.core.AprLifecycleListener.lifecycleEvent Cargada la biblioteca nativa APR de Apache Tomcat [1.3.7] con la versión APR [1.7.6].
27-May-2026 09:26:45.899 INFO [main] org.apache.catalina.core.AprLifecycleListener.lifecycleEvent Capacidades APR: IPv6 [true], enviar fichero [true], aceptar filtros [false], aleatorio [true], UDS [true].
27-May-2026 09:26:45.899 INFO [main] org.apache.catalina.core.AprLifecycleListener.lifecycleEvent APR/OpenSSL configuration: useAprConnector [false], useOpenSSL [true]
27-May-2026 09:26:45.915 INFO [main] org.apache.catalina.core.AprLifecycleListener.initializeSSL OpenSSL inicializado correctamente [OpenSSL 3.0.19 27 Jan 2026]
27-May-2026 09:26:46.545 INFO [main] org.apache.coyote.AbstractProtocol.init Inicializando el manejador de protocolo ["http-nio-8080"]

27-May-2026 09:26:46.579 INFO [main] org.apache.catalina.startup.Catalina.load Server initialization in [1239] milliseconds
27-May-2026 09:26:46.680 INFO [main] org.apache.catalina.core.StandardService.startInternal Arrancando servicio [Catalina]
27-May-2026 09:26:46.680 INFO [main] org.apache.catalina.core.StandardEngine.startInternal Starting Servlet engine: [Apache Tomcat/9.0.117]
27-May-2026 09:26:46.698 INFO [main] org.apache.catalina.startup.HostConfig.deployDescriptor Desplieque del descriptor de configuración [C:\Users\Juanm\IdeaProjects\eventosProyecto\webapps\conf\Catalina\localhost\eventosProyecto.xml]
27-May-2026 09:26:49.039 INFO [main] org.apache.jasper.servlet.TldScanner.scanJars Al menos un JAR, que se ha explorado buscando TLDs, aún no contenía TLDs. Activar historial de depuración para este historiador para una completa lista de los JARs que fueron explorados y de los que nos se halló TLDs. Saltarse JARs no necesarios durante la exploración puede dar lugar a una mejora de tiempo significativa en el arranque y compilación de JSP .
27-May-2026 09:26:49.287 INFO [main] org.apache.catalina.startup.HostConfig.deployDescriptor Deployment of deployment descriptor [C:\Users\Juanm\IdeaProjects\eventosProyecto\webapps\conf\Catalina\localhost\eventosProyecto.xml] has finished in [2.578] ms
27-May-2026 09:26:49.298 INFO [main] org.apache.coyote.AbstractProtocol.start Starting ProtocolHandler ["http-nio-8080"]
27-May-2026 09:26:49.340 INFO [main] org.apache.catalina.startup.Catalina.start Server startup in [2757] milliseconds
27-May-2026 09:52:42.560 INFO [Thread-1] org.apache.coyote.AbstractProtocol.pause Pausing ProtocolHandler ["http-nio-8080"]
27-May-2026 09:52:42.660 INFO [Thread-1] org.apache.catalina.core.StandardService.stopInternal Parando servicio [Catalina]
27-May-2026 09:52:42.725 WARNING [Thread-1] org.apache.catalina.loader.WebappClassLoaderBase.clearReferencesJdbc La aplicación web [eventosProyecto] registró el conductor JDBC [com.mysql.cj.jdbc.Driver] pero falló al anular el registro mientras la aplicación web estaba parada. Para prevenir un fallo de memoria, se ha anulado el registro del conductor JDBC por la fuerza.
27-May-2026 09:52:42.728 WARNING [Thread-1] org.apache.catalina.loader.WebappClassLoaderBase.clearReferencesThreads The web application [eventosProyecto] appears to have started a thread named [mysql-cj-abandoned-connection-cleanup] but has failed to stop it. This is very likely to create a memory leak. Stack trace of thread:
 java.base/java.lang.Object.wait0(Native Method)
 java.base/java.lang.Object.wait(Object.java:389)
 java.base/java.lang.ref.ReferenceQueue.remove0(ReferenceQueue.java:123)
 java.base/java.lang.ref.ReferenceQueue.remove(ReferenceQueue.java:201)
 com.mysql.cj.jdbc.AbandonedConnectionCleanupThread.run(AbandonedConnectionCleanupThread.java:91)
 java.base/java.util.concurrent.ThreadPoolExecutor.runWorker(ThreadPoolExecutor.java:1090)
 java.base/java.util.concurrent.ThreadPoolExecutor$Worker.run(ThreadPoolExecutor.java:614)
 java.base/java.lang.Thread.run(Thread.java:1474)
27-May-2026 09:52:42.761 INFO [Thread-1] org.apache.coyote.AbstractProtocol.stop Stopping ProtocolHandler ["http-nio-8080"]
27-May-2026 09:52:42.771 INFO [Thread-1] org.apache.coyote.AbstractProtocol.destroy Destroying ProtocolHandler ["http-nio-8080"]
27-May-2026 09:52:48.604 INFO [main] org.apache.catalina.startup.VersionLoggerListener.log Nombre de la versión del servidor: Apache Tomcat/9.0.117
27-May-2026 09:52:48.608 INFO [main] org.apache.catalina.startup.VersionLoggerListener.log Server built:                      Mar 30 2026 18:21:16 UTC
27-May-2026 09:52:48.608 INFO [main] org.apache.catalina.startup.VersionLoggerListener.log Número de versión de servidor:     9.0.117.0
27-May-2026 09:52:48.609 INFO [main] org.apache.catalina.startup.VersionLoggerListener.log OS Name:                           Windows 11
27-May-2026 09:52:48.609 INFO [main] org.apache.catalina.startup.VersionLoggerListener.log Versión de Systema Operativo:      10.0
27-May-2026 09:52:48.609 INFO [main] org.apache.catalina.startup.VersionLoggerListener.log Arquitectura:                      amd64
27-May-2026 09:52:48.609 INFO [main] org.apache.catalina.startup.VersionLoggerListener.log Java Home:                         C:\Users\Juanm\.jdks\openjdk-25.0.2
27-May-2026 09:52:48.609 INFO [main] org.apache.catalina.startup.VersionLoggerListener.log JVM Version:                       25.0.2+10-69
27-May-2026 09:52:48.609 INFO [main] org.apache.catalina.startup.VersionLoggerListener.log Vededor JVM:                       Oracle Corporation
27-May-2026 09:52:48.609 INFO [main] org.apache.catalina.startup.VersionLoggerListener.log CATALINA_BASE:                     C:\Users\Juanm\IdeaProjects\eventosProyecto\webapps
27-May-2026 09:52:48.610 INFO [main] org.apache.catalina.startup.VersionLoggerListener.log CATALINA_HOME:                     C:\apache-tomcat-9.0.117
27-May-2026 09:52:48.622 INFO [main] org.apache.catalina.startup.VersionLoggerListener.log Command line argument:             --add-opens=java.base/java.lang=ALL-UNNAMED
27-May-2026 09:52:48.622 INFO [main] org.apache.catalina.startup.VersionLoggerListener.log Command line argument:             --add-opens=java.base/java.io=ALL-UNNAMED
27-May-2026 09:52:48.622 INFO [main] org.apache.catalina.startup.VersionLoggerListener.log Command line argument:             --add-opens=java.base/java.util=ALL-UNNAMED
27-May-2026 09:52:48.622 INFO [main] org.apache.catalina.startup.VersionLoggerListener.log Command line argument:             --add-opens=java.base/java.util.concurrent=ALL-UNNAMED
27-May-2026 09:52:48.622 INFO [main] org.apache.catalina.startup.VersionLoggerListener.log Command line argument:             --add-opens=java.rmi/sun.rmi.transport=ALL-UNNAMED
27-May-2026 09:52:48.622 INFO [main] org.apache.catalina.startup.VersionLoggerListener.log Command line argument:             -Dcatalina.home=C:\apache-tomcat-9.0.117
27-May-2026 09:52:48.623 INFO [main] org.apache.catalina.startup.VersionLoggerListener.log Command line argument:             -Dcatalina.base=C:\Users\Juanm\IdeaProjects\eventosProyecto\webapps
27-May-2026 09:52:48.623 INFO [main] org.apache.catalina.startup.VersionLoggerListener.log Command line argument:             -Djava.io.tmpdir=C:\Users\Juanm\IdeaProjects\eventosProyecto\webapps\temp
27-May-2026 09:52:48.623 INFO [main] org.apache.catalina.startup.VersionLoggerListener.log Command line argument:             -Djava.util.logging.config.file=C:\Users\Juanm\IdeaProjects\eventosProyecto\webapps\conf\logging.properties
27-May-2026 09:52:48.623 INFO [main] org.apache.catalina.startup.VersionLoggerListener.log Command line argument:             -Djava.util.logging.manager=org.apache.juli.ClassLoaderLogManager
27-May-2026 09:52:48.623 INFO [main] org.apache.catalina.startup.VersionLoggerListener.log Command line argument:             -javaagent:C:\Program Files\JetBrains\IntelliJ IDEA 2025.3\lib\idea_rt.jar=57170
27-May-2026 09:52:48.623 INFO [main] org.apache.catalina.startup.VersionLoggerListener.log Command line argument:             -Dfile.encoding=UTF-8
27-May-2026 09:52:48.623 INFO [main] org.apache.catalina.startup.VersionLoggerListener.log Command line argument:             -Dsun.stdout.encoding=UTF-8
27-May-2026 09:52:48.623 INFO [main] org.apache.catalina.startup.VersionLoggerListener.log Command line argument:             -Dsun.stderr.encoding=UTF-8
27-May-2026 09:52:48.631 INFO [main] org.apache.catalina.core.AprLifecycleListener.lifecycleEvent Cargada la biblioteca nativa APR de Apache Tomcat [1.3.7] con la versión APR [1.7.6].
27-May-2026 09:52:48.632 INFO [main] org.apache.catalina.core.AprLifecycleListener.lifecycleEvent Capacidades APR: IPv6 [true], enviar fichero [true], aceptar filtros [false], aleatorio [true], UDS [true].
27-May-2026 09:52:48.632 INFO [main] org.apache.catalina.core.AprLifecycleListener.lifecycleEvent APR/OpenSSL configuration: useAprConnector [false], useOpenSSL [true]
27-May-2026 09:52:48.659 INFO [main] org.apache.catalina.core.AprLifecycleListener.initializeSSL OpenSSL inicializado correctamente [OpenSSL 3.0.19 27 Jan 2026]
27-May-2026 09:52:49.299 INFO [main] org.apache.coyote.AbstractProtocol.init Inicializando el manejador de protocolo ["http-nio-8080"]

27-May-2026 09:52:49.334 INFO [main] org.apache.catalina.startup.Catalina.load Server initialization in [1358] milliseconds
27-May-2026 09:52:49.464 INFO [main] org.apache.catalina.core.StandardService.startInternal Arrancando servicio [Catalina]
27-May-2026 09:52:49.465 INFO [main] org.apache.catalina.core.StandardEngine.startInternal Starting Servlet engine: [Apache Tomcat/9.0.117]
27-May-2026 09:52:49.491 INFO [main] org.apache.catalina.startup.HostConfig.deployDescriptor Desplieque del descriptor de configuración [C:\Users\Juanm\IdeaProjects\eventosProyecto\webapps\conf\Catalina\localhost\eventosProyecto.xml]
27-May-2026 09:52:52.107 INFO [main] org.apache.jasper.servlet.TldScanner.scanJars Al menos un JAR, que se ha explorado buscando TLDs, aún no contenía TLDs. Activar historial de depuración para este historiador para una completa lista de los JARs que fueron explorados y de los que nos se halló TLDs. Saltarse JARs no necesarios durante la exploración puede dar lugar a una mejora de tiempo significativa en el arranque y compilación de JSP .
27-May-2026 09:52:52.340 INFO [main] org.apache.catalina.startup.HostConfig.deployDescriptor Deployment of deployment descriptor [C:\Users\Juanm\IdeaProjects\eventosProyecto\webapps\conf\Catalina\localhost\eventosProyecto.xml] has finished in [2.835] ms
27-May-2026 09:52:52.350 INFO [main] org.apache.coyote.AbstractProtocol.start Starting ProtocolHandler ["http-nio-8080"]
27-May-2026 09:52:52.401 INFO [main] org.apache.catalina.startup.Catalina.start Server startup in [3062] milliseconds
27-May-2026 09:56:50.437 INFO [Thread-1] org.apache.coyote.AbstractProtocol.pause Pausing ProtocolHandler ["http-nio-8080"]
27-May-2026 09:56:50.485 INFO [Thread-1] org.apache.catalina.core.StandardService.stopInternal Parando servicio [Catalina]
27-May-2026 09:56:50.530 WARNING [Thread-1] org.apache.catalina.loader.WebappClassLoaderBase.clearReferencesJdbc La aplicación web [eventosProyecto] registró el conductor JDBC [com.mysql.cj.jdbc.Driver] pero falló al anular el registro mientras la aplicación web estaba parada. Para prevenir un fallo de memoria, se ha anulado el registro del conductor JDBC por la fuerza.
27-May-2026 09:56:50.532 WARNING [Thread-1] org.apache.catalina.loader.WebappClassLoaderBase.clearReferencesThreads The web application [eventosProyecto] appears to have started a thread named [mysql-cj-abandoned-connection-cleanup] but has failed to stop it. This is very likely to create a memory leak. Stack trace of thread:
 java.base/java.lang.Object.wait0(Native Method)
 java.base/java.lang.Object.wait(Object.java:389)
 java.base/java.lang.ref.ReferenceQueue.remove0(ReferenceQueue.java:123)
 java.base/java.lang.ref.ReferenceQueue.remove(ReferenceQueue.java:201)
 com.mysql.cj.jdbc.AbandonedConnectionCleanupThread.run(AbandonedConnectionCleanupThread.java:91)
 java.base/java.util.concurrent.ThreadPoolExecutor.runWorker(ThreadPoolExecutor.java:1090)
 java.base/java.util.concurrent.ThreadPoolExecutor$Worker.run(ThreadPoolExecutor.java:614)
 java.base/java.lang.Thread.run(Thread.java:1474)
27-May-2026 09:56:50.562 INFO [Thread-1] org.apache.coyote.AbstractProtocol.stop Stopping ProtocolHandler ["http-nio-8080"]
27-May-2026 09:56:50.588 INFO [Thread-1] org.apache.coyote.AbstractProtocol.destroy Destroying ProtocolHandler ["http-nio-8080"]
27-May-2026 09:56:56.788 INFO [main] org.apache.catalina.startup.VersionLoggerListener.log Nombre de la versión del servidor: Apache Tomcat/9.0.117
27-May-2026 09:56:56.795 INFO [main] org.apache.catalina.startup.VersionLoggerListener.log Server built:                      Mar 30 2026 18:21:16 UTC
27-May-2026 09:56:56.795 INFO [main] org.apache.catalina.startup.VersionLoggerListener.log Número de versión de servidor:     9.0.117.0
27-May-2026 09:56:56.796 INFO [main] org.apache.catalina.startup.VersionLoggerListener.log OS Name:                           Windows 11
27-May-2026 09:56:56.796 INFO [main] org.apache.catalina.startup.VersionLoggerListener.log Versión de Systema Operativo:      10.0
27-May-2026 09:56:56.796 INFO [main] org.apache.catalina.startup.VersionLoggerListener.log Arquitectura:                      amd64
27-May-2026 09:56:56.796 INFO [main] org.apache.catalina.startup.VersionLoggerListener.log Java Home:                         C:\Users\Juanm\.jdks\openjdk-25.0.2
27-May-2026 09:56:56.797 INFO [main] org.apache.catalina.startup.VersionLoggerListener.log JVM Version:                       25.0.2+10-69
27-May-2026 09:56:56.797 INFO [main] org.apache.catalina.startup.VersionLoggerListener.log Vededor JVM:                       Oracle Corporation
27-May-2026 09:56:56.797 INFO [main] org.apache.catalina.startup.VersionLoggerListener.log CATALINA_BASE:                     C:\Users\Juanm\IdeaProjects\eventosProyecto\webapps
27-May-2026 09:56:56.797 INFO [main] org.apache.catalina.startup.VersionLoggerListener.log CATALINA_HOME:                     C:\apache-tomcat-9.0.117
27-May-2026 09:56:56.812 INFO [main] org.apache.catalina.startup.VersionLoggerListener.log Command line argument:             --add-opens=java.base/java.lang=ALL-UNNAMED
27-May-2026 09:56:56.812 INFO [main] org.apache.catalina.startup.VersionLoggerListener.log Command line argument:             --add-opens=java.base/java.io=ALL-UNNAMED
27-May-2026 09:56:56.812 INFO [main] org.apache.catalina.startup.VersionLoggerListener.log Command line argument:             --add-opens=java.base/java.util=ALL-UNNAMED
27-May-2026 09:56:56.812 INFO [main] org.apache.catalina.startup.VersionLoggerListener.log Command line argument:             --add-opens=java.base/java.util.concurrent=ALL-UNNAMED
27-May-2026 09:56:56.813 INFO [main] org.apache.catalina.startup.VersionLoggerListener.log Command line argument:             --add-opens=java.rmi/sun.rmi.transport=ALL-UNNAMED
27-May-2026 09:56:56.813 INFO [main] org.apache.catalina.startup.VersionLoggerListener.log Command line argument:             -Dcatalina.home=C:\apache-tomcat-9.0.117
27-May-2026 09:56:56.813 INFO [main] org.apache.catalina.startup.VersionLoggerListener.log Command line argument:             -Dcatalina.base=C:\Users\Juanm\IdeaProjects\eventosProyecto\webapps
27-May-2026 09:56:56.813 INFO [main] org.apache.catalina.startup.VersionLoggerListener.log Command line argument:             -Djava.io.tmpdir=C:\Users\Juanm\IdeaProjects\eventosProyecto\webapps\temp
27-May-2026 09:56:56.813 INFO [main] org.apache.catalina.startup.VersionLoggerListener.log Command line argument:             -Djava.util.logging.config.file=C:\Users\Juanm\IdeaProjects\eventosProyecto\webapps\conf\logging.properties
27-May-2026 09:56:56.813 INFO [main] org.apache.catalina.startup.VersionLoggerListener.log Command line argument:             -Djava.util.logging.manager=org.apache.juli.ClassLoaderLogManager
27-May-2026 09:56:56.813 INFO [main] org.apache.catalina.startup.VersionLoggerListener.log Command line argument:             -javaagent:C:\Program Files\JetBrains\IntelliJ IDEA 2025.3\lib\idea_rt.jar=63488
27-May-2026 09:56:56.813 INFO [main] org.apache.catalina.startup.VersionLoggerListener.log Command line argument:             -Dfile.encoding=UTF-8
27-May-2026 09:56:56.813 INFO [main] org.apache.catalina.startup.VersionLoggerListener.log Command line argument:             -Dsun.stdout.encoding=UTF-8
27-May-2026 09:56:56.815 INFO [main] org.apache.catalina.startup.VersionLoggerListener.log Command line argument:             -Dsun.stderr.encoding=UTF-8
27-May-2026 09:56:56.826 INFO [main] org.apache.catalina.core.AprLifecycleListener.lifecycleEvent Cargada la biblioteca nativa APR de Apache Tomcat [1.3.7] con la versión APR [1.7.6].
27-May-2026 09:56:56.826 INFO [main] org.apache.catalina.core.AprLifecycleListener.lifecycleEvent Capacidades APR: IPv6 [true], enviar fichero [true], aceptar filtros [false], aleatorio [true], UDS [true].
27-May-2026 09:56:56.826 INFO [main] org.apache.catalina.core.AprLifecycleListener.lifecycleEvent APR/OpenSSL configuration: useAprConnector [false], useOpenSSL [true]
27-May-2026 09:56:56.854 INFO [main] org.apache.catalina.core.AprLifecycleListener.initializeSSL OpenSSL inicializado correctamente [OpenSSL 3.0.19 27 Jan 2026]
27-May-2026 09:56:57.512 INFO [main] org.apache.coyote.AbstractProtocol.init Inicializando el manejador de protocolo ["http-nio-8080"]

27-May-2026 09:56:57.549 INFO [main] org.apache.catalina.startup.Catalina.load Server initialization in [1339] milliseconds
27-May-2026 09:56:57.663 INFO [main] org.apache.catalina.core.StandardService.startInternal Arrancando servicio [Catalina]
27-May-2026 09:56:57.663 INFO [main] org.apache.catalina.core.StandardEngine.startInternal Starting Servlet engine: [Apache Tomcat/9.0.117]
27-May-2026 09:56:57.681 INFO [main] org.apache.catalina.startup.HostConfig.deployDescriptor Desplieque del descriptor de configuración [C:\Users\Juanm\IdeaProjects\eventosProyecto\webapps\conf\Catalina\localhost\eventosProyecto.xml]
27-May-2026 09:57:00.485 INFO [main] org.apache.jasper.servlet.TldScanner.scanJars Al menos un JAR, que se ha explorado buscando TLDs, aún no contenía TLDs. Activar historial de depuración para este historiador para una completa lista de los JARs que fueron explorados y de los que nos se halló TLDs. Saltarse JARs no necesarios durante la exploración puede dar lugar a una mejora de tiempo significativa en el arranque y compilación de JSP .
27-May-2026 09:57:00.766 INFO [main] org.apache.catalina.startup.HostConfig.deployDescriptor Deployment of deployment descriptor [C:\Users\Juanm\IdeaProjects\eventosProyecto\webapps\conf\Catalina\localhost\eventosProyecto.xml] has finished in [3.073] ms
27-May-2026 09:57:00.775 INFO [main] org.apache.coyote.AbstractProtocol.start Starting ProtocolHandler ["http-nio-8080"]
27-May-2026 09:57:00.814 INFO [main] org.apache.catalina.startup.Catalina.start Server startup in [3259] milliseconds
27-May-2026 09:59:06.556 INFO [Thread-1] org.apache.coyote.AbstractProtocol.pause Pausing ProtocolHandler ["http-nio-8080"]
27-May-2026 09:59:06.571 INFO [Thread-1] org.apache.catalina.core.StandardService.stopInternal Parando servicio [Catalina]
27-May-2026 09:59:06.582 WARNING [Thread-1] org.apache.catalina.loader.WebappClassLoaderBase.clearReferencesJdbc La aplicación web [eventosProyecto] registró el conductor JDBC [com.mysql.cj.jdbc.Driver] pero falló al anular el registro mientras la aplicación web estaba parada. Para prevenir un fallo de memoria, se ha anulado el registro del conductor JDBC por la fuerza.
27-May-2026 09:59:06.583 WARNING [Thread-1] org.apache.catalina.loader.WebappClassLoaderBase.clearReferencesThreads The web application [eventosProyecto] appears to have started a thread named [mysql-cj-abandoned-connection-cleanup] but has failed to stop it. This is very likely to create a memory leak. Stack trace of thread:
 java.base/java.lang.Object.wait0(Native Method)
 java.base/java.lang.Object.wait(Object.java:389)
 java.base/java.lang.ref.ReferenceQueue.remove0(ReferenceQueue.java:123)
 java.base/java.lang.ref.ReferenceQueue.remove(ReferenceQueue.java:201)
 com.mysql.cj.jdbc.AbandonedConnectionCleanupThread.run(AbandonedConnectionCleanupThread.java:91)
 java.base/java.util.concurrent.ThreadPoolExecutor.runWorker(ThreadPoolExecutor.java:1090)
 java.base/java.util.concurrent.ThreadPoolExecutor$Worker.run(ThreadPoolExecutor.java:614)
 java.base/java.lang.Thread.run(Thread.java:1474)
27-May-2026 09:59:06.595 INFO [Thread-1] org.apache.coyote.AbstractProtocol.stop Stopping ProtocolHandler ["http-nio-8080"]
27-May-2026 09:59:06.606 INFO [Thread-1] org.apache.coyote.AbstractProtocol.destroy Destroying ProtocolHandler ["http-nio-8080"]
27-May-2026 09:59:11.890 INFO [main] org.apache.catalina.startup.VersionLoggerListener.log Nombre de la versión del servidor: Apache Tomcat/9.0.117
27-May-2026 09:59:11.896 INFO [main] org.apache.catalina.startup.VersionLoggerListener.log Server built:                      Mar 30 2026 18:21:16 UTC
27-May-2026 09:59:11.897 INFO [main] org.apache.catalina.startup.VersionLoggerListener.log Número de versión de servidor:     9.0.117.0
27-May-2026 09:59:11.897 INFO [main] org.apache.catalina.startup.VersionLoggerListener.log OS Name:                           Windows 11
27-May-2026 09:59:11.897 INFO [main] org.apache.catalina.startup.VersionLoggerListener.log Versión de Systema Operativo:      10.0
27-May-2026 09:59:11.898 INFO [main] org.apache.catalina.startup.VersionLoggerListener.log Arquitectura:                      amd64
27-May-2026 09:59:11.898 INFO [main] org.apache.catalina.startup.VersionLoggerListener.log Java Home:                         C:\Users\Juanm\.jdks\openjdk-25.0.2
27-May-2026 09:59:11.898 INFO [main] org.apache.catalina.startup.VersionLoggerListener.log JVM Version:                       25.0.2+10-69
27-May-2026 09:59:11.899 INFO [main] org.apache.catalina.startup.VersionLoggerListener.log Vededor JVM:                       Oracle Corporation
27-May-2026 09:59:11.899 INFO [main] org.apache.catalina.startup.VersionLoggerListener.log CATALINA_BASE:                     C:\Users\Juanm\IdeaProjects\eventosProyecto\webapps
27-May-2026 09:59:11.899 INFO [main] org.apache.catalina.startup.VersionLoggerListener.log CATALINA_HOME:                     C:\apache-tomcat-9.0.117
27-May-2026 09:59:11.920 INFO [main] org.apache.catalina.startup.VersionLoggerListener.log Command line argument:             --add-opens=java.base/java.lang=ALL-UNNAMED
27-May-2026 09:59:11.920 INFO [main] org.apache.catalina.startup.VersionLoggerListener.log Command line argument:             --add-opens=java.base/java.io=ALL-UNNAMED
27-May-2026 09:59:11.920 INFO [main] org.apache.catalina.startup.VersionLoggerListener.log Command line argument:             --add-opens=java.base/java.util=ALL-UNNAMED
27-May-2026 09:59:11.920 INFO [main] org.apache.catalina.startup.VersionLoggerListener.log Command line argument:             --add-opens=java.base/java.util.concurrent=ALL-UNNAMED
27-May-2026 09:59:11.921 INFO [main] org.apache.catalina.startup.VersionLoggerListener.log Command line argument:             --add-opens=java.rmi/sun.rmi.transport=ALL-UNNAMED
27-May-2026 09:59:11.921 INFO [main] org.apache.catalina.startup.VersionLoggerListener.log Command line argument:             -Dcatalina.home=C:\apache-tomcat-9.0.117
27-May-2026 09:59:11.921 INFO [main] org.apache.catalina.startup.VersionLoggerListener.log Command line argument:             -Dcatalina.base=C:\Users\Juanm\IdeaProjects\eventosProyecto\webapps
27-May-2026 09:59:11.921 INFO [main] org.apache.catalina.startup.VersionLoggerListener.log Command line argument:             -Djava.io.tmpdir=C:\Users\Juanm\IdeaProjects\eventosProyecto\webapps\temp
27-May-2026 09:59:11.922 INFO [main] org.apache.catalina.startup.VersionLoggerListener.log Command line argument:             -Djava.util.logging.config.file=C:\Users\Juanm\IdeaProjects\eventosProyecto\webapps\conf\logging.properties
27-May-2026 09:59:11.922 INFO [main] org.apache.catalina.startup.VersionLoggerListener.log Command line argument:             -Djava.util.logging.manager=org.apache.juli.ClassLoaderLogManager
27-May-2026 09:59:11.922 INFO [main] org.apache.catalina.startup.VersionLoggerListener.log Command line argument:             -javaagent:C:\Program Files\JetBrains\IntelliJ IDEA 2025.3\lib\idea_rt.jar=52445
27-May-2026 09:59:11.922 INFO [main] org.apache.catalina.startup.VersionLoggerListener.log Command line argument:             -Dfile.encoding=UTF-8
27-May-2026 09:59:11.922 INFO [main] org.apache.catalina.startup.VersionLoggerListener.log Command line argument:             -Dsun.stdout.encoding=UTF-8
27-May-2026 09:59:11.922 INFO [main] org.apache.catalina.startup.VersionLoggerListener.log Command line argument:             -Dsun.stderr.encoding=UTF-8
27-May-2026 09:59:11.934 INFO [main] org.apache.catalina.core.AprLifecycleListener.lifecycleEvent Cargada la biblioteca nativa APR de Apache Tomcat [1.3.7] con la versión APR [1.7.6].
27-May-2026 09:59:11.935 INFO [main] org.apache.catalina.core.AprLifecycleListener.lifecycleEvent Capacidades APR: IPv6 [true], enviar fichero [true], aceptar filtros [false], aleatorio [true], UDS [true].
27-May-2026 09:59:11.935 INFO [main] org.apache.catalina.core.AprLifecycleListener.lifecycleEvent APR/OpenSSL configuration: useAprConnector [false], useOpenSSL [true]
27-May-2026 09:59:11.958 INFO [main] org.apache.catalina.core.AprLifecycleListener.initializeSSL OpenSSL inicializado correctamente [OpenSSL 3.0.19 27 Jan 2026]
27-May-2026 09:59:12.588 INFO [main] org.apache.coyote.AbstractProtocol.init Inicializando el manejador de protocolo ["http-nio-8080"]

27-May-2026 09:59:12.623 INFO [main] org.apache.catalina.startup.Catalina.load Server initialization in [1308] milliseconds
27-May-2026 09:59:12.711 INFO [main] org.apache.catalina.core.StandardService.startInternal Arrancando servicio [Catalina]
27-May-2026 09:59:12.711 INFO [main] org.apache.catalina.core.StandardEngine.startInternal Starting Servlet engine: [Apache Tomcat/9.0.117]
27-May-2026 09:59:12.726 INFO [main] org.apache.catalina.startup.HostConfig.deployDescriptor Desplieque del descriptor de configuración [C:\Users\Juanm\IdeaProjects\eventosProyecto\webapps\conf\Catalina\localhost\eventosProyecto.xml]
27-May-2026 09:59:15.362 INFO [main] org.apache.jasper.servlet.TldScanner.scanJars Al menos un JAR, que se ha explorado buscando TLDs, aún no contenía TLDs. Activar historial de depuración para este historiador para una completa lista de los JARs que fueron explorados y de los que nos se halló TLDs. Saltarse JARs no necesarios durante la exploración puede dar lugar a una mejora de tiempo significativa en el arranque y compilación de JSP .
27-May-2026 09:59:15.892 INFO [main] org.apache.catalina.startup.HostConfig.deployDescriptor Deployment of deployment descriptor [C:\Users\Juanm\IdeaProjects\eventosProyecto\webapps\conf\Catalina\localhost\eventosProyecto.xml] has finished in [3.146] ms
27-May-2026 09:59:15.909 INFO [main] org.apache.coyote.AbstractProtocol.start Starting ProtocolHandler ["http-nio-8080"]
27-May-2026 09:59:15.976 INFO [main] org.apache.catalina.startup.Catalina.start Server startup in [3349] milliseconds
27-May-2026 10:04:30.568 INFO [Thread-1] org.apache.coyote.AbstractProtocol.pause Pausing ProtocolHandler ["http-nio-8080"]
27-May-2026 10:04:30.664 INFO [Thread-1] org.apache.catalina.core.StandardService.stopInternal Parando servicio [Catalina]
27-May-2026 10:04:30.791 WARNING [Thread-1] org.apache.catalina.loader.WebappClassLoaderBase.clearReferencesJdbc La aplicación web [eventosProyecto] registró el conductor JDBC [com.mysql.cj.jdbc.Driver] pero falló al anular el registro mientras la aplicación web estaba parada. Para prevenir un fallo de memoria, se ha anulado el registro del conductor JDBC por la fuerza.
27-May-2026 10:04:30.801 WARNING [Thread-1] org.apache.catalina.loader.WebappClassLoaderBase.clearReferencesThreads The web application [eventosProyecto] appears to have started a thread named [mysql-cj-abandoned-connection-cleanup] but has failed to stop it. This is very likely to create a memory leak. Stack trace of thread:
 java.base/java.lang.Object.wait0(Native Method)
 java.base/java.lang.Object.wait(Object.java:389)
 java.base/java.lang.ref.ReferenceQueue.remove0(ReferenceQueue.java:123)
 java.base/java.lang.ref.ReferenceQueue.remove(ReferenceQueue.java:201)
 com.mysql.cj.jdbc.AbandonedConnectionCleanupThread.run(AbandonedConnectionCleanupThread.java:91)
 java.base/java.util.concurrent.ThreadPoolExecutor.runWorker(ThreadPoolExecutor.java:1090)
 java.base/java.util.concurrent.ThreadPoolExecutor$Worker.run(ThreadPoolExecutor.java:614)
 java.base/java.lang.Thread.run(Thread.java:1474)
27-May-2026 10:04:30.882 INFO [Thread-1] org.apache.coyote.AbstractProtocol.stop Stopping ProtocolHandler ["http-nio-8080"]
27-May-2026 10:04:30.901 INFO [Thread-1] org.apache.coyote.AbstractProtocol.destroy Destroying ProtocolHandler ["http-nio-8080"]
27-May-2026 10:04:38.015 INFO [main] org.apache.catalina.startup.VersionLoggerListener.log Nombre de la versión del servidor: Apache Tomcat/9.0.117
27-May-2026 10:04:38.020 INFO [main] org.apache.catalina.startup.VersionLoggerListener.log Server built:                      Mar 30 2026 18:21:16 UTC
27-May-2026 10:04:38.021 INFO [main] org.apache.catalina.startup.VersionLoggerListener.log Número de versión de servidor:     9.0.117.0
27-May-2026 10:04:38.021 INFO [main] org.apache.catalina.startup.VersionLoggerListener.log OS Name:                           Windows 11
27-May-2026 10:04:38.021 INFO [main] org.apache.catalina.startup.VersionLoggerListener.log Versión de Systema Operativo:      10.0
27-May-2026 10:04:38.021 INFO [main] org.apache.catalina.startup.VersionLoggerListener.log Arquitectura:                      amd64
27-May-2026 10:04:38.022 INFO [main] org.apache.catalina.startup.VersionLoggerListener.log Java Home:                         C:\Users\Juanm\.jdks\openjdk-25.0.2
27-May-2026 10:04:38.022 INFO [main] org.apache.catalina.startup.VersionLoggerListener.log JVM Version:                       25.0.2+10-69
27-May-2026 10:04:38.022 INFO [main] org.apache.catalina.startup.VersionLoggerListener.log Vededor JVM:                       Oracle Corporation
27-May-2026 10:04:38.022 INFO [main] org.apache.catalina.startup.VersionLoggerListener.log CATALINA_BASE:                     C:\Users\Juanm\IdeaProjects\eventosProyecto\webapps
27-May-2026 10:04:38.022 INFO [main] org.apache.catalina.startup.VersionLoggerListener.log CATALINA_HOME:                     C:\apache-tomcat-9.0.117
27-May-2026 10:04:38.035 INFO [main] org.apache.catalina.startup.VersionLoggerListener.log Command line argument:             --add-opens=java.base/java.lang=ALL-UNNAMED
27-May-2026 10:04:38.036 INFO [main] org.apache.catalina.startup.VersionLoggerListener.log Command line argument:             --add-opens=java.base/java.io=ALL-UNNAMED
27-May-2026 10:04:38.036 INFO [main] org.apache.catalina.startup.VersionLoggerListener.log Command line argument:             --add-opens=java.base/java.util=ALL-UNNAMED
27-May-2026 10:04:38.036 INFO [main] org.apache.catalina.startup.VersionLoggerListener.log Command line argument:             --add-opens=java.base/java.util.concurrent=ALL-UNNAMED
27-May-2026 10:04:38.036 INFO [main] org.apache.catalina.startup.VersionLoggerListener.log Command line argument:             --add-opens=java.rmi/sun.rmi.transport=ALL-UNNAMED
27-May-2026 10:04:38.036 INFO [main] org.apache.catalina.startup.VersionLoggerListener.log Command line argument:             -Dcatalina.home=C:\apache-tomcat-9.0.117
27-May-2026 10:04:38.036 INFO [main] org.apache.catalina.startup.VersionLoggerListener.log Command line argument:             -Dcatalina.base=C:\Users\Juanm\IdeaProjects\eventosProyecto\webapps
27-May-2026 10:04:38.036 INFO [main] org.apache.catalina.startup.VersionLoggerListener.log Command line argument:             -Djava.io.tmpdir=C:\Users\Juanm\IdeaProjects\eventosProyecto\webapps\temp
27-May-2026 10:04:38.036 INFO [main] org.apache.catalina.startup.VersionLoggerListener.log Command line argument:             -Djava.util.logging.config.file=C:\Users\Juanm\IdeaProjects\eventosProyecto\webapps\conf\logging.properties
27-May-2026 10:04:38.037 INFO [main] org.apache.catalina.startup.VersionLoggerListener.log Command line argument:             -Djava.util.logging.manager=org.apache.juli.ClassLoaderLogManager
27-May-2026 10:04:38.037 INFO [main] org.apache.catalina.startup.VersionLoggerListener.log Command line argument:             -javaagent:C:\Program Files\JetBrains\IntelliJ IDEA 2025.3\lib\idea_rt.jar=52914
27-May-2026 10:04:38.037 INFO [main] org.apache.catalina.startup.VersionLoggerListener.log Command line argument:             -Dfile.encoding=UTF-8
27-May-2026 10:04:38.037 INFO [main] org.apache.catalina.startup.VersionLoggerListener.log Command line argument:             -Dsun.stdout.encoding=UTF-8
27-May-2026 10:04:38.037 INFO [main] org.apache.catalina.startup.VersionLoggerListener.log Command line argument:             -Dsun.stderr.encoding=UTF-8
27-May-2026 10:04:38.061 INFO [main] org.apache.catalina.core.AprLifecycleListener.lifecycleEvent Cargada la biblioteca nativa APR de Apache Tomcat [1.3.7] con la versión APR [1.7.6].
27-May-2026 10:04:38.061 INFO [main] org.apache.catalina.core.AprLifecycleListener.lifecycleEvent Capacidades APR: IPv6 [true], enviar fichero [true], aceptar filtros [false], aleatorio [true], UDS [true].
27-May-2026 10:04:38.061 INFO [main] org.apache.catalina.core.AprLifecycleListener.lifecycleEvent APR/OpenSSL configuration: useAprConnector [false], useOpenSSL [true]
27-May-2026 10:04:38.087 INFO [main] org.apache.catalina.core.AprLifecycleListener.initializeSSL OpenSSL inicializado correctamente [OpenSSL 3.0.19 27 Jan 2026]
27-May-2026 10:04:38.885 INFO [main] org.apache.coyote.AbstractProtocol.init Inicializando el manejador de protocolo ["http-nio-8080"]

27-May-2026 10:04:38.924 INFO [main] org.apache.catalina.startup.Catalina.load Server initialization in [1612] milliseconds
27-May-2026 10:04:39.058 INFO [main] org.apache.catalina.core.StandardService.startInternal Arrancando servicio [Catalina]
27-May-2026 10:04:39.060 INFO [main] org.apache.catalina.core.StandardEngine.startInternal Starting Servlet engine: [Apache Tomcat/9.0.117]
27-May-2026 10:04:39.088 INFO [main] org.apache.catalina.startup.HostConfig.deployDescriptor Desplieque del descriptor de configuración [C:\Users\Juanm\IdeaProjects\eventosProyecto\webapps\conf\Catalina\localhost\eventosProyecto.xml]
27-May-2026 10:04:43.227 INFO [main] org.apache.jasper.servlet.TldScanner.scanJars Al menos un JAR, que se ha explorado buscando TLDs, aún no contenía TLDs. Activar historial de depuración para este historiador para una completa lista de los JARs que fueron explorados y de los que nos se halló TLDs. Saltarse JARs no necesarios durante la exploración puede dar lugar a una mejora de tiempo significativa en el arranque y compilación de JSP .
27-May-2026 10:04:43.489 INFO [main] org.apache.catalina.startup.HostConfig.deployDescriptor Deployment of deployment descriptor [C:\Users\Juanm\IdeaProjects\eventosProyecto\webapps\conf\Catalina\localhost\eventosProyecto.xml] has finished in [4.391] ms
27-May-2026 10:04:43.506 INFO [main] org.apache.coyote.AbstractProtocol.start Starting ProtocolHandler ["http-nio-8080"]
27-May-2026 10:04:43.547 INFO [main] org.apache.catalina.startup.Catalina.start Server startup in [4620] milliseconds
27-May-2026 10:17:54.478 INFO [Thread-1] org.apache.coyote.AbstractProtocol.pause Pausing ProtocolHandler ["http-nio-8080"]
27-May-2026 10:17:54.534 INFO [Thread-1] org.apache.catalina.core.StandardService.stopInternal Parando servicio [Catalina]
27-May-2026 10:17:54.601 WARNING [Thread-1] org.apache.catalina.loader.WebappClassLoaderBase.clearReferencesJdbc La aplicación web [eventosProyecto] registró el conductor JDBC [com.mysql.cj.jdbc.Driver] pero falló al anular el registro mientras la aplicación web estaba parada. Para prevenir un fallo de memoria, se ha anulado el registro del conductor JDBC por la fuerza.
27-May-2026 10:17:54.605 WARNING [Thread-1] org.apache.catalina.loader.WebappClassLoaderBase.clearReferencesThreads The web application [eventosProyecto] appears to have started a thread named [mysql-cj-abandoned-connection-cleanup] but has failed to stop it. This is very likely to create a memory leak. Stack trace of thread:
 java.base/java.lang.Object.wait0(Native Method)
 java.base/java.lang.Object.wait(Object.java:389)
 java.base/java.lang.ref.ReferenceQueue.remove0(ReferenceQueue.java:123)
 java.base/java.lang.ref.ReferenceQueue.remove(ReferenceQueue.java:201)
 com.mysql.cj.jdbc.AbandonedConnectionCleanupThread.run(AbandonedConnectionCleanupThread.java:91)
 java.base/java.util.concurrent.ThreadPoolExecutor.runWorker(ThreadPoolExecutor.java:1090)
 java.base/java.util.concurrent.ThreadPoolExecutor$Worker.run(ThreadPoolExecutor.java:614)
 java.base/java.lang.Thread.run(Thread.java:1474)
27-May-2026 10:17:54.647 INFO [Thread-1] org.apache.coyote.AbstractProtocol.stop Stopping ProtocolHandler ["http-nio-8080"]
27-May-2026 10:17:54.661 INFO [Thread-1] org.apache.coyote.AbstractProtocol.destroy Destroying ProtocolHandler ["http-nio-8080"]
27-May-2026 10:17:58.085 INFO [main] org.apache.catalina.startup.VersionLoggerListener.log Nombre de la versión del servidor: Apache Tomcat/9.0.117
27-May-2026 10:17:58.090 INFO [main] org.apache.catalina.startup.VersionLoggerListener.log Server built:                      Mar 30 2026 18:21:16 UTC
27-May-2026 10:17:58.091 INFO [main] org.apache.catalina.startup.VersionLoggerListener.log Número de versión de servidor:     9.0.117.0
27-May-2026 10:17:58.091 INFO [main] org.apache.catalina.startup.VersionLoggerListener.log OS Name:                           Windows 11
27-May-2026 10:17:58.092 INFO [main] org.apache.catalina.startup.VersionLoggerListener.log Versión de Systema Operativo:      10.0
27-May-2026 10:17:58.092 INFO [main] org.apache.catalina.startup.VersionLoggerListener.log Arquitectura:                      amd64
27-May-2026 10:17:58.092 INFO [main] org.apache.catalina.startup.VersionLoggerListener.log Java Home:                         C:\Users\Juanm\.jdks\openjdk-25.0.2
27-May-2026 10:17:58.093 INFO [main] org.apache.catalina.startup.VersionLoggerListener.log JVM Version:                       25.0.2+10-69
27-May-2026 10:17:58.093 INFO [main] org.apache.catalina.startup.VersionLoggerListener.log Vededor JVM:                       Oracle Corporation
27-May-2026 10:17:58.093 INFO [main] org.apache.catalina.startup.VersionLoggerListener.log CATALINA_BASE:                     C:\Users\Juanm\IdeaProjects\eventosProyecto\webapps
27-May-2026 10:17:58.093 INFO [main] org.apache.catalina.startup.VersionLoggerListener.log CATALINA_HOME:                     C:\apache-tomcat-9.0.117
27-May-2026 10:17:58.107 INFO [main] org.apache.catalina.startup.VersionLoggerListener.log Command line argument:             --add-opens=java.base/java.lang=ALL-UNNAMED
27-May-2026 10:17:58.108 INFO [main] org.apache.catalina.startup.VersionLoggerListener.log Command line argument:             --add-opens=java.base/java.io=ALL-UNNAMED
27-May-2026 10:17:58.108 INFO [main] org.apache.catalina.startup.VersionLoggerListener.log Command line argument:             --add-opens=java.base/java.util=ALL-UNNAMED
27-May-2026 10:17:58.108 INFO [main] org.apache.catalina.startup.VersionLoggerListener.log Command line argument:             --add-opens=java.base/java.util.concurrent=ALL-UNNAMED
27-May-2026 10:17:58.108 INFO [main] org.apache.catalina.startup.VersionLoggerListener.log Command line argument:             --add-opens=java.rmi/sun.rmi.transport=ALL-UNNAMED
27-May-2026 10:17:58.108 INFO [main] org.apache.catalina.startup.VersionLoggerListener.log Command line argument:             -Dcatalina.home=C:\apache-tomcat-9.0.117
27-May-2026 10:17:58.108 INFO [main] org.apache.catalina.startup.VersionLoggerListener.log Command line argument:             -Dcatalina.base=C:\Users\Juanm\IdeaProjects\eventosProyecto\webapps
27-May-2026 10:17:58.108 INFO [main] org.apache.catalina.startup.VersionLoggerListener.log Command line argument:             -Djava.io.tmpdir=C:\Users\Juanm\IdeaProjects\eventosProyecto\webapps\temp
27-May-2026 10:17:58.108 INFO [main] org.apache.catalina.startup.VersionLoggerListener.log Command line argument:             -Djava.util.logging.config.file=C:\Users\Juanm\IdeaProjects\eventosProyecto\webapps\conf\logging.properties
27-May-2026 10:17:58.108 INFO [main] org.apache.catalina.startup.VersionLoggerListener.log Command line argument:             -Djava.util.logging.manager=org.apache.juli.ClassLoaderLogManager
27-May-2026 10:17:58.109 INFO [main] org.apache.catalina.startup.VersionLoggerListener.log Command line argument:             -javaagent:C:\Program Files\JetBrains\IntelliJ IDEA 2025.3\lib\idea_rt.jar=63837
27-May-2026 10:17:58.109 INFO [main] org.apache.catalina.startup.VersionLoggerListener.log Command line argument:             -Dfile.encoding=UTF-8
27-May-2026 10:17:58.109 INFO [main] org.apache.catalina.startup.VersionLoggerListener.log Command line argument:             -Dsun.stdout.encoding=UTF-8
27-May-2026 10:17:58.109 INFO [main] org.apache.catalina.startup.VersionLoggerListener.log Command line argument:             -Dsun.stderr.encoding=UTF-8
27-May-2026 10:17:58.119 INFO [main] org.apache.catalina.core.AprLifecycleListener.lifecycleEvent Cargada la biblioteca nativa APR de Apache Tomcat [1.3.7] con la versión APR [1.7.6].
27-May-2026 10:17:58.120 INFO [main] org.apache.catalina.core.AprLifecycleListener.lifecycleEvent Capacidades APR: IPv6 [true], enviar fichero [true], aceptar filtros [false], aleatorio [true], UDS [true].
27-May-2026 10:17:58.120 INFO [main] org.apache.catalina.core.AprLifecycleListener.lifecycleEvent APR/OpenSSL configuration: useAprConnector [false], useOpenSSL [true]
27-May-2026 10:17:58.141 INFO [main] org.apache.catalina.core.AprLifecycleListener.initializeSSL OpenSSL inicializado correctamente [OpenSSL 3.0.19 27 Jan 2026]
27-May-2026 10:17:58.883 INFO [main] org.apache.coyote.AbstractProtocol.init Inicializando el manejador de protocolo ["http-nio-8080"]

27-May-2026 10:17:58.927 INFO [main] org.apache.catalina.startup.Catalina.load Server initialization in [1418] milliseconds
27-May-2026 10:17:59.044 INFO [main] org.apache.catalina.core.StandardService.startInternal Arrancando servicio [Catalina]
27-May-2026 10:17:59.044 INFO [main] org.apache.catalina.core.StandardEngine.startInternal Starting Servlet engine: [Apache Tomcat/9.0.117]
27-May-2026 10:17:59.067 INFO [main] org.apache.catalina.startup.HostConfig.deployDescriptor Desplieque del descriptor de configuración [C:\Users\Juanm\IdeaProjects\eventosProyecto\webapps\conf\Catalina\localhost\eventosProyecto.xml]
27-May-2026 10:18:02.133 INFO [main] org.apache.jasper.servlet.TldScanner.scanJars Al menos un JAR, que se ha explorado buscando TLDs, aún no contenía TLDs. Activar historial de depuración para este historiador para una completa lista de los JARs que fueron explorados y de los que nos se halló TLDs. Saltarse JARs no necesarios durante la exploración puede dar lugar a una mejora de tiempo significativa en el arranque y compilación de JSP .
27-May-2026 10:18:02.516 INFO [main] org.apache.catalina.startup.HostConfig.deployDescriptor Deployment of deployment descriptor [C:\Users\Juanm\IdeaProjects\eventosProyecto\webapps\conf\Catalina\localhost\eventosProyecto.xml] has finished in [3.437] ms
27-May-2026 10:18:02.524 INFO [main] org.apache.coyote.AbstractProtocol.start Starting ProtocolHandler ["http-nio-8080"]
27-May-2026 10:18:02.562 INFO [main] org.apache.catalina.startup.Catalina.start Server startup in [3631] milliseconds
27-May-2026 10:18:37.334 INFO [Thread-1] org.apache.coyote.AbstractProtocol.pause Pausing ProtocolHandler ["http-nio-8080"]
27-May-2026 10:18:37.347 INFO [Thread-1] org.apache.catalina.core.StandardService.stopInternal Parando servicio [Catalina]
27-May-2026 10:18:37.357 WARNING [Thread-1] org.apache.catalina.loader.WebappClassLoaderBase.clearReferencesJdbc La aplicación web [eventosProyecto] registró el conductor JDBC [com.mysql.cj.jdbc.Driver] pero falló al anular el registro mientras la aplicación web estaba parada. Para prevenir un fallo de memoria, se ha anulado el registro del conductor JDBC por la fuerza.
27-May-2026 10:18:37.358 WARNING [Thread-1] org.apache.catalina.loader.WebappClassLoaderBase.clearReferencesThreads The web application [eventosProyecto] appears to have started a thread named [mysql-cj-abandoned-connection-cleanup] but has failed to stop it. This is very likely to create a memory leak. Stack trace of thread:
 java.base/java.lang.Object.wait0(Native Method)
 java.base/java.lang.Object.wait(Object.java:389)
 java.base/java.lang.ref.ReferenceQueue.remove0(ReferenceQueue.java:123)
 java.base/java.lang.ref.ReferenceQueue.remove(ReferenceQueue.java:201)
 com.mysql.cj.jdbc.AbandonedConnectionCleanupThread.run(AbandonedConnectionCleanupThread.java:91)
 java.base/java.util.concurrent.ThreadPoolExecutor.runWorker(ThreadPoolExecutor.java:1090)
 java.base/java.util.concurrent.ThreadPoolExecutor$Worker.run(ThreadPoolExecutor.java:614)
 java.base/java.lang.Thread.run(Thread.java:1474)
27-May-2026 10:18:37.367 INFO [Thread-1] org.apache.coyote.AbstractProtocol.stop Stopping ProtocolHandler ["http-nio-8080"]
27-May-2026 10:18:37.374 INFO [Thread-1] org.apache.coyote.AbstractProtocol.destroy Destroying ProtocolHandler ["http-nio-8080"]
27-May-2026 10:18:40.240 INFO [main] org.apache.catalina.startup.VersionLoggerListener.log Nombre de la versión del servidor: Apache Tomcat/9.0.117
27-May-2026 10:18:40.246 INFO [main] org.apache.catalina.startup.VersionLoggerListener.log Server built:                      Mar 30 2026 18:21:16 UTC
27-May-2026 10:18:40.246 INFO [main] org.apache.catalina.startup.VersionLoggerListener.log Número de versión de servidor:     9.0.117.0
27-May-2026 10:18:40.247 INFO [main] org.apache.catalina.startup.VersionLoggerListener.log OS Name:                           Windows 11
27-May-2026 10:18:40.247 INFO [main] org.apache.catalina.startup.VersionLoggerListener.log Versión de Systema Operativo:      10.0
27-May-2026 10:18:40.248 INFO [main] org.apache.catalina.startup.VersionLoggerListener.log Arquitectura:                      amd64
27-May-2026 10:18:40.248 INFO [main] org.apache.catalina.startup.VersionLoggerListener.log Java Home:                         C:\Users\Juanm\.jdks\openjdk-25.0.2
27-May-2026 10:18:40.249 INFO [main] org.apache.catalina.startup.VersionLoggerListener.log JVM Version:                       25.0.2+10-69
27-May-2026 10:18:40.249 INFO [main] org.apache.catalina.startup.VersionLoggerListener.log Vededor JVM:                       Oracle Corporation
27-May-2026 10:18:40.249 INFO [main] org.apache.catalina.startup.VersionLoggerListener.log CATALINA_BASE:                     C:\Users\Juanm\IdeaProjects\eventosProyecto\webapps
27-May-2026 10:18:40.249 INFO [main] org.apache.catalina.startup.VersionLoggerListener.log CATALINA_HOME:                     C:\apache-tomcat-9.0.117
27-May-2026 10:18:40.261 INFO [main] org.apache.catalina.startup.VersionLoggerListener.log Command line argument:             --add-opens=java.base/java.lang=ALL-UNNAMED
27-May-2026 10:18:40.261 INFO [main] org.apache.catalina.startup.VersionLoggerListener.log Command line argument:             --add-opens=java.base/java.io=ALL-UNNAMED
27-May-2026 10:18:40.261 INFO [main] org.apache.catalina.startup.VersionLoggerListener.log Command line argument:             --add-opens=java.base/java.util=ALL-UNNAMED
27-May-2026 10:18:40.261 INFO [main] org.apache.catalina.startup.VersionLoggerListener.log Command line argument:             --add-opens=java.base/java.util.concurrent=ALL-UNNAMED
27-May-2026 10:18:40.261 INFO [main] org.apache.catalina.startup.VersionLoggerListener.log Command line argument:             --add-opens=java.rmi/sun.rmi.transport=ALL-UNNAMED
27-May-2026 10:18:40.261 INFO [main] org.apache.catalina.startup.VersionLoggerListener.log Command line argument:             -Dcatalina.home=C:\apache-tomcat-9.0.117
27-May-2026 10:18:40.261 INFO [main] org.apache.catalina.startup.VersionLoggerListener.log Command line argument:             -Dcatalina.base=C:\Users\Juanm\IdeaProjects\eventosProyecto\webapps
27-May-2026 10:18:40.261 INFO [main] org.apache.catalina.startup.VersionLoggerListener.log Command line argument:             -Djava.io.tmpdir=C:\Users\Juanm\IdeaProjects\eventosProyecto\webapps\temp
27-May-2026 10:18:40.263 INFO [main] org.apache.catalina.startup.VersionLoggerListener.log Command line argument:             -Djava.util.logging.config.file=C:\Users\Juanm\IdeaProjects\eventosProyecto\webapps\conf\logging.properties
27-May-2026 10:18:40.263 INFO [main] org.apache.catalina.startup.VersionLoggerListener.log Command line argument:             -Djava.util.logging.manager=org.apache.juli.ClassLoaderLogManager
27-May-2026 10:18:40.263 INFO [main] org.apache.catalina.startup.VersionLoggerListener.log Command line argument:             -javaagent:C:\Program Files\JetBrains\IntelliJ IDEA 2025.3\lib\idea_rt.jar=54724
27-May-2026 10:18:40.263 INFO [main] org.apache.catalina.startup.VersionLoggerListener.log Command line argument:             -Dfile.encoding=UTF-8
27-May-2026 10:18:40.263 INFO [main] org.apache.catalina.startup.VersionLoggerListener.log Command line argument:             -Dsun.stdout.encoding=UTF-8
27-May-2026 10:18:40.264 INFO [main] org.apache.catalina.startup.VersionLoggerListener.log Command line argument:             -Dsun.stderr.encoding=UTF-8
27-May-2026 10:18:40.271 INFO [main] org.apache.catalina.core.AprLifecycleListener.lifecycleEvent Cargada la biblioteca nativa APR de Apache Tomcat [1.3.7] con la versión APR [1.7.6].
27-May-2026 10:18:40.271 INFO [main] org.apache.catalina.core.AprLifecycleListener.lifecycleEvent Capacidades APR: IPv6 [true], enviar fichero [true], aceptar filtros [false], aleatorio [true], UDS [true].
27-May-2026 10:18:40.271 INFO [main] org.apache.catalina.core.AprLifecycleListener.lifecycleEvent APR/OpenSSL configuration: useAprConnector [false], useOpenSSL [true]
27-May-2026 10:18:40.282 INFO [main] org.apache.catalina.core.AprLifecycleListener.initializeSSL OpenSSL inicializado correctamente [OpenSSL 3.0.19 27 Jan 2026]
27-May-2026 10:18:40.861 INFO [main] org.apache.coyote.AbstractProtocol.init Inicializando el manejador de protocolo ["http-nio-8080"]

27-May-2026 10:18:40.890 INFO [main] org.apache.catalina.startup.Catalina.load Server initialization in [1151] milliseconds
27-May-2026 10:18:40.981 INFO [main] org.apache.catalina.core.StandardService.startInternal Arrancando servicio [Catalina]
27-May-2026 10:18:40.982 INFO [main] org.apache.catalina.core.StandardEngine.startInternal Starting Servlet engine: [Apache Tomcat/9.0.117]
27-May-2026 10:18:41.001 INFO [main] org.apache.catalina.startup.HostConfig.deployDescriptor Desplieque del descriptor de configuración [C:\Users\Juanm\IdeaProjects\eventosProyecto\webapps\conf\Catalina\localhost\eventosProyecto.xml]
27-May-2026 10:18:43.309 INFO [main] org.apache.jasper.servlet.TldScanner.scanJars Al menos un JAR, que se ha explorado buscando TLDs, aún no contenía TLDs. Activar historial de depuración para este historiador para una completa lista de los JARs que fueron explorados y de los que nos se halló TLDs. Saltarse JARs no necesarios durante la exploración puede dar lugar a una mejora de tiempo significativa en el arranque y compilación de JSP .
27-May-2026 10:18:43.643 INFO [main] org.apache.catalina.startup.HostConfig.deployDescriptor Deployment of deployment descriptor [C:\Users\Juanm\IdeaProjects\eventosProyecto\webapps\conf\Catalina\localhost\eventosProyecto.xml] has finished in [2.631] ms
27-May-2026 10:18:43.651 INFO [main] org.apache.coyote.AbstractProtocol.start Starting ProtocolHandler ["http-nio-8080"]
27-May-2026 10:18:43.691 INFO [main] org.apache.catalina.startup.Catalina.start Server startup in [2798] milliseconds
27-May-2026 10:19:45.894 INFO [Thread-1] org.apache.coyote.AbstractProtocol.pause Pausing ProtocolHandler ["http-nio-8080"]
27-May-2026 10:19:45.909 INFO [Thread-1] org.apache.catalina.core.StandardService.stopInternal Parando servicio [Catalina]
27-May-2026 10:19:45.917 WARNING [Thread-1] org.apache.catalina.loader.WebappClassLoaderBase.clearReferencesJdbc La aplicación web [eventosProyecto] registró el conductor JDBC [com.mysql.cj.jdbc.Driver] pero falló al anular el registro mientras la aplicación web estaba parada. Para prevenir un fallo de memoria, se ha anulado el registro del conductor JDBC por la fuerza.
27-May-2026 10:19:45.920 WARNING [Thread-1] org.apache.catalina.loader.WebappClassLoaderBase.clearReferencesThreads The web application [eventosProyecto] appears to have started a thread named [mysql-cj-abandoned-connection-cleanup] but has failed to stop it. This is very likely to create a memory leak. Stack trace of thread:
 java.base/java.lang.Object.wait0(Native Method)
 java.base/java.lang.Object.wait(Object.java:389)
 java.base/java.lang.ref.ReferenceQueue.remove0(ReferenceQueue.java:123)
 java.base/java.lang.ref.ReferenceQueue.remove(ReferenceQueue.java:201)
 com.mysql.cj.jdbc.AbandonedConnectionCleanupThread.run(AbandonedConnectionCleanupThread.java:91)
 java.base/java.util.concurrent.ThreadPoolExecutor.runWorker(ThreadPoolExecutor.java:1090)
 java.base/java.util.concurrent.ThreadPoolExecutor$Worker.run(ThreadPoolExecutor.java:614)
 java.base/java.lang.Thread.run(Thread.java:1474)
27-May-2026 10:19:45.929 INFO [Thread-1] org.apache.coyote.AbstractProtocol.stop Stopping ProtocolHandler ["http-nio-8080"]
27-May-2026 10:19:45.934 INFO [Thread-1] org.apache.coyote.AbstractProtocol.destroy Destroying ProtocolHandler ["http-nio-8080"]
27-May-2026 10:19:49.406 INFO [main] org.apache.catalina.startup.VersionLoggerListener.log Nombre de la versión del servidor: Apache Tomcat/9.0.117
27-May-2026 10:19:49.412 INFO [main] org.apache.catalina.startup.VersionLoggerListener.log Server built:                      Mar 30 2026 18:21:16 UTC
27-May-2026 10:19:49.413 INFO [main] org.apache.catalina.startup.VersionLoggerListener.log Número de versión de servidor:     9.0.117.0
27-May-2026 10:19:49.414 INFO [main] org.apache.catalina.startup.VersionLoggerListener.log OS Name:                           Windows 11
27-May-2026 10:19:49.415 INFO [main] org.apache.catalina.startup.VersionLoggerListener.log Versión de Systema Operativo:      10.0
27-May-2026 10:19:49.415 INFO [main] org.apache.catalina.startup.VersionLoggerListener.log Arquitectura:                      amd64
27-May-2026 10:19:49.415 INFO [main] org.apache.catalina.startup.VersionLoggerListener.log Java Home:                         C:\Users\Juanm\.jdks\openjdk-25.0.2
27-May-2026 10:19:49.416 INFO [main] org.apache.catalina.startup.VersionLoggerListener.log JVM Version:                       25.0.2+10-69
27-May-2026 10:19:49.416 INFO [main] org.apache.catalina.startup.VersionLoggerListener.log Vededor JVM:                       Oracle Corporation
27-May-2026 10:19:49.416 INFO [main] org.apache.catalina.startup.VersionLoggerListener.log CATALINA_BASE:                     C:\Users\Juanm\IdeaProjects\eventosProyecto\webapps
27-May-2026 10:19:49.416 INFO [main] org.apache.catalina.startup.VersionLoggerListener.log CATALINA_HOME:                     C:\apache-tomcat-9.0.117
27-May-2026 10:19:49.440 INFO [main] org.apache.catalina.startup.VersionLoggerListener.log Command line argument:             --add-opens=java.base/java.lang=ALL-UNNAMED
27-May-2026 10:19:49.441 INFO [main] org.apache.catalina.startup.VersionLoggerListener.log Command line argument:             --add-opens=java.base/java.io=ALL-UNNAMED
27-May-2026 10:19:49.441 INFO [main] org.apache.catalina.startup.VersionLoggerListener.log Command line argument:             --add-opens=java.base/java.util=ALL-UNNAMED
27-May-2026 10:19:49.441 INFO [main] org.apache.catalina.startup.VersionLoggerListener.log Command line argument:             --add-opens=java.base/java.util.concurrent=ALL-UNNAMED
27-May-2026 10:19:49.442 INFO [main] org.apache.catalina.startup.VersionLoggerListener.log Command line argument:             --add-opens=java.rmi/sun.rmi.transport=ALL-UNNAMED
27-May-2026 10:19:49.442 INFO [main] org.apache.catalina.startup.VersionLoggerListener.log Command line argument:             -Dcatalina.home=C:\apache-tomcat-9.0.117
27-May-2026 10:19:49.442 INFO [main] org.apache.catalina.startup.VersionLoggerListener.log Command line argument:             -Dcatalina.base=C:\Users\Juanm\IdeaProjects\eventosProyecto\webapps
27-May-2026 10:19:49.442 INFO [main] org.apache.catalina.startup.VersionLoggerListener.log Command line argument:             -Djava.io.tmpdir=C:\Users\Juanm\IdeaProjects\eventosProyecto\webapps\temp
27-May-2026 10:19:49.442 INFO [main] org.apache.catalina.startup.VersionLoggerListener.log Command line argument:             -Djava.util.logging.config.file=C:\Users\Juanm\IdeaProjects\eventosProyecto\webapps\conf\logging.properties
27-May-2026 10:19:49.442 INFO [main] org.apache.catalina.startup.VersionLoggerListener.log Command line argument:             -Djava.util.logging.manager=org.apache.juli.ClassLoaderLogManager
27-May-2026 10:19:49.443 INFO [main] org.apache.catalina.startup.VersionLoggerListener.log Command line argument:             -javaagent:C:\Program Files\JetBrains\IntelliJ IDEA 2025.3\lib\idea_rt.jar=64614
27-May-2026 10:19:49.443 INFO [main] org.apache.catalina.startup.VersionLoggerListener.log Command line argument:             -Dfile.encoding=UTF-8
27-May-2026 10:19:49.443 INFO [main] org.apache.catalina.startup.VersionLoggerListener.log Command line argument:             -Dsun.stdout.encoding=UTF-8
27-May-2026 10:19:49.443 INFO [main] org.apache.catalina.startup.VersionLoggerListener.log Command line argument:             -Dsun.stderr.encoding=UTF-8
27-May-2026 10:19:49.456 INFO [main] org.apache.catalina.core.AprLifecycleListener.lifecycleEvent Cargada la biblioteca nativa APR de Apache Tomcat [1.3.7] con la versión APR [1.7.6].
27-May-2026 10:19:49.457 INFO [main] org.apache.catalina.core.AprLifecycleListener.lifecycleEvent Capacidades APR: IPv6 [true], enviar fichero [true], aceptar filtros [false], aleatorio [true], UDS [true].
27-May-2026 10:19:49.457 INFO [main] org.apache.catalina.core.AprLifecycleListener.lifecycleEvent APR/OpenSSL configuration: useAprConnector [false], useOpenSSL [true]
27-May-2026 10:19:49.482 INFO [main] org.apache.catalina.core.AprLifecycleListener.initializeSSL OpenSSL inicializado correctamente [OpenSSL 3.0.19 27 Jan 2026]
27-May-2026 10:19:50.370 INFO [main] org.apache.coyote.AbstractProtocol.init Inicializando el manejador de protocolo ["http-nio-8080"]

27-May-2026 10:19:50.411 INFO [main] org.apache.catalina.startup.Catalina.load Server initialization in [1707] milliseconds
27-May-2026 10:19:50.540 INFO [main] org.apache.catalina.core.StandardService.startInternal Arrancando servicio [Catalina]
27-May-2026 10:19:50.540 INFO [main] org.apache.catalina.core.StandardEngine.startInternal Starting Servlet engine: [Apache Tomcat/9.0.117]
27-May-2026 10:19:50.563 INFO [main] org.apache.catalina.startup.HostConfig.deployDescriptor Desplieque del descriptor de configuración [C:\Users\Juanm\IdeaProjects\eventosProyecto\webapps\conf\Catalina\localhost\eventosProyecto.xml]
27-May-2026 10:19:54.024 INFO [main] org.apache.jasper.servlet.TldScanner.scanJars Al menos un JAR, que se ha explorado buscando TLDs, aún no contenía TLDs. Activar historial de depuración para este historiador para una completa lista de los JARs que fueron explorados y de los que nos se halló TLDs. Saltarse JARs no necesarios durante la exploración puede dar lugar a una mejora de tiempo significativa en el arranque y compilación de JSP .
27-May-2026 10:19:54.321 INFO [main] org.apache.catalina.startup.HostConfig.deployDescriptor Deployment of deployment descriptor [C:\Users\Juanm\IdeaProjects\eventosProyecto\webapps\conf\Catalina\localhost\eventosProyecto.xml] has finished in [3.744] ms
27-May-2026 10:19:54.327 INFO [main] org.apache.coyote.AbstractProtocol.start Starting ProtocolHandler ["http-nio-8080"]
27-May-2026 10:19:54.371 INFO [main] org.apache.catalina.startup.Catalina.start Server startup in [3956] milliseconds
27-May-2026 10:21:02.669 INFO [Thread-1] org.apache.coyote.AbstractProtocol.pause Pausing ProtocolHandler ["http-nio-8080"]
27-May-2026 10:21:02.681 INFO [Thread-1] org.apache.catalina.core.StandardService.stopInternal Parando servicio [Catalina]
27-May-2026 10:21:02.694 WARNING [Thread-1] org.apache.catalina.loader.WebappClassLoaderBase.clearReferencesJdbc La aplicación web [eventosProyecto] registró el conductor JDBC [com.mysql.cj.jdbc.Driver] pero falló al anular el registro mientras la aplicación web estaba parada. Para prevenir un fallo de memoria, se ha anulado el registro del conductor JDBC por la fuerza.
27-May-2026 10:21:02.695 WARNING [Thread-1] org.apache.catalina.loader.WebappClassLoaderBase.clearReferencesThreads The web application [eventosProyecto] appears to have started a thread named [mysql-cj-abandoned-connection-cleanup] but has failed to stop it. This is very likely to create a memory leak. Stack trace of thread:
 java.base/java.lang.Object.wait0(Native Method)
 java.base/java.lang.Object.wait(Object.java:389)
 java.base/java.lang.ref.ReferenceQueue.remove0(ReferenceQueue.java:123)
 java.base/java.lang.ref.ReferenceQueue.remove(ReferenceQueue.java:201)
 com.mysql.cj.jdbc.AbandonedConnectionCleanupThread.run(AbandonedConnectionCleanupThread.java:91)
 java.base/java.util.concurrent.ThreadPoolExecutor.runWorker(ThreadPoolExecutor.java:1090)
 java.base/java.util.concurrent.ThreadPoolExecutor$Worker.run(ThreadPoolExecutor.java:614)
 java.base/java.lang.Thread.run(Thread.java:1474)
27-May-2026 10:21:02.706 INFO [Thread-1] org.apache.coyote.AbstractProtocol.stop Stopping ProtocolHandler ["http-nio-8080"]
27-May-2026 10:21:02.716 INFO [Thread-1] org.apache.coyote.AbstractProtocol.destroy Destroying ProtocolHandler ["http-nio-8080"]
27-May-2026 10:21:05.923 INFO [main] org.apache.catalina.startup.VersionLoggerListener.log Nombre de la versión del servidor: Apache Tomcat/9.0.117
27-May-2026 10:21:05.929 INFO [main] org.apache.catalina.startup.VersionLoggerListener.log Server built:                      Mar 30 2026 18:21:16 UTC
27-May-2026 10:21:05.929 INFO [main] org.apache.catalina.startup.VersionLoggerListener.log Número de versión de servidor:     9.0.117.0
27-May-2026 10:21:05.929 INFO [main] org.apache.catalina.startup.VersionLoggerListener.log OS Name:                           Windows 11
27-May-2026 10:21:05.930 INFO [main] org.apache.catalina.startup.VersionLoggerListener.log Versión de Systema Operativo:      10.0
27-May-2026 10:21:05.930 INFO [main] org.apache.catalina.startup.VersionLoggerListener.log Arquitectura:                      amd64
27-May-2026 10:21:05.930 INFO [main] org.apache.catalina.startup.VersionLoggerListener.log Java Home:                         C:\Users\Juanm\.jdks\openjdk-25.0.2
27-May-2026 10:21:05.930 INFO [main] org.apache.catalina.startup.VersionLoggerListener.log JVM Version:                       25.0.2+10-69
27-May-2026 10:21:05.930 INFO [main] org.apache.catalina.startup.VersionLoggerListener.log Vededor JVM:                       Oracle Corporation
27-May-2026 10:21:05.931 INFO [main] org.apache.catalina.startup.VersionLoggerListener.log CATALINA_BASE:                     C:\Users\Juanm\IdeaProjects\eventosProyecto\webapps
27-May-2026 10:21:05.931 INFO [main] org.apache.catalina.startup.VersionLoggerListener.log CATALINA_HOME:                     C:\apache-tomcat-9.0.117
27-May-2026 10:21:05.942 INFO [main] org.apache.catalina.startup.VersionLoggerListener.log Command line argument:             --add-opens=java.base/java.lang=ALL-UNNAMED
27-May-2026 10:21:05.942 INFO [main] org.apache.catalina.startup.VersionLoggerListener.log Command line argument:             --add-opens=java.base/java.io=ALL-UNNAMED
27-May-2026 10:21:05.942 INFO [main] org.apache.catalina.startup.VersionLoggerListener.log Command line argument:             --add-opens=java.base/java.util=ALL-UNNAMED
27-May-2026 10:21:05.942 INFO [main] org.apache.catalina.startup.VersionLoggerListener.log Command line argument:             --add-opens=java.base/java.util.concurrent=ALL-UNNAMED
27-May-2026 10:21:05.942 INFO [main] org.apache.catalina.startup.VersionLoggerListener.log Command line argument:             --add-opens=java.rmi/sun.rmi.transport=ALL-UNNAMED
27-May-2026 10:21:05.943 INFO [main] org.apache.catalina.startup.VersionLoggerListener.log Command line argument:             -Dcatalina.home=C:\apache-tomcat-9.0.117
27-May-2026 10:21:05.943 INFO [main] org.apache.catalina.startup.VersionLoggerListener.log Command line argument:             -Dcatalina.base=C:\Users\Juanm\IdeaProjects\eventosProyecto\webapps
27-May-2026 10:21:05.943 INFO [main] org.apache.catalina.startup.VersionLoggerListener.log Command line argument:             -Djava.io.tmpdir=C:\Users\Juanm\IdeaProjects\eventosProyecto\webapps\temp
27-May-2026 10:21:05.943 INFO [main] org.apache.catalina.startup.VersionLoggerListener.log Command line argument:             -Djava.util.logging.config.file=C:\Users\Juanm\IdeaProjects\eventosProyecto\webapps\conf\logging.properties
27-May-2026 10:21:05.943 INFO [main] org.apache.catalina.startup.VersionLoggerListener.log Command line argument:             -Djava.util.logging.manager=org.apache.juli.ClassLoaderLogManager
27-May-2026 10:21:05.943 INFO [main] org.apache.catalina.startup.VersionLoggerListener.log Command line argument:             -javaagent:C:\Program Files\JetBrains\IntelliJ IDEA 2025.3\lib\idea_rt.jar=53455
27-May-2026 10:21:05.943 INFO [main] org.apache.catalina.startup.VersionLoggerListener.log Command line argument:             -Dfile.encoding=UTF-8
27-May-2026 10:21:05.943 INFO [main] org.apache.catalina.startup.VersionLoggerListener.log Command line argument:             -Dsun.stdout.encoding=UTF-8
27-May-2026 10:21:05.943 INFO [main] org.apache.catalina.startup.VersionLoggerListener.log Command line argument:             -Dsun.stderr.encoding=UTF-8
27-May-2026 10:21:05.952 INFO [main] org.apache.catalina.core.AprLifecycleListener.lifecycleEvent Cargada la biblioteca nativa APR de Apache Tomcat [1.3.7] con la versión APR [1.7.6].
27-May-2026 10:21:05.952 INFO [main] org.apache.catalina.core.AprLifecycleListener.lifecycleEvent Capacidades APR: IPv6 [true], enviar fichero [true], aceptar filtros [false], aleatorio [true], UDS [true].
27-May-2026 10:21:05.952 INFO [main] org.apache.catalina.core.AprLifecycleListener.lifecycleEvent APR/OpenSSL configuration: useAprConnector [false], useOpenSSL [true]
27-May-2026 10:21:05.964 INFO [main] org.apache.catalina.core.AprLifecycleListener.initializeSSL OpenSSL inicializado correctamente [OpenSSL 3.0.19 27 Jan 2026]
27-May-2026 10:21:06.568 INFO [main] org.apache.coyote.AbstractProtocol.init Inicializando el manejador de protocolo ["http-nio-8080"]

27-May-2026 10:21:06.623 INFO [main] org.apache.catalina.startup.Catalina.load Server initialization in [1381] milliseconds
27-May-2026 10:21:06.780 INFO [main] org.apache.catalina.core.StandardService.startInternal Arrancando servicio [Catalina]
27-May-2026 10:21:06.781 INFO [main] org.apache.catalina.core.StandardEngine.startInternal Starting Servlet engine: [Apache Tomcat/9.0.117]
27-May-2026 10:21:06.816 INFO [main] org.apache.catalina.startup.HostConfig.deployDescriptor Desplieque del descriptor de configuración [C:\Users\Juanm\IdeaProjects\eventosProyecto\webapps\conf\Catalina\localhost\eventosProyecto.xml]
27-May-2026 10:21:09.444 INFO [main] org.apache.jasper.servlet.TldScanner.scanJars Al menos un JAR, que se ha explorado buscando TLDs, aún no contenía TLDs. Activar historial de depuración para este historiador para una completa lista de los JARs que fueron explorados y de los que nos se halló TLDs. Saltarse JARs no necesarios durante la exploración puede dar lugar a una mejora de tiempo significativa en el arranque y compilación de JSP .
27-May-2026 10:21:09.697 INFO [main] org.apache.catalina.startup.HostConfig.deployDescriptor Deployment of deployment descriptor [C:\Users\Juanm\IdeaProjects\eventosProyecto\webapps\conf\Catalina\localhost\eventosProyecto.xml] has finished in [2.871] ms
27-May-2026 10:21:09.708 INFO [main] org.apache.coyote.AbstractProtocol.start Starting ProtocolHandler ["http-nio-8080"]
27-May-2026 10:21:09.749 INFO [main] org.apache.catalina.startup.Catalina.start Server startup in [3120] milliseconds
27-May-2026 10:21:33.334 INFO [Thread-1] org.apache.coyote.AbstractProtocol.pause Pausing ProtocolHandler ["http-nio-8080"]
27-May-2026 10:21:33.346 INFO [Thread-1] org.apache.catalina.core.StandardService.stopInternal Parando servicio [Catalina]
27-May-2026 10:21:33.357 WARNING [Thread-1] org.apache.catalina.loader.WebappClassLoaderBase.clearReferencesJdbc La aplicación web [eventosProyecto] registró el conductor JDBC [com.mysql.cj.jdbc.Driver] pero falló al anular el registro mientras la aplicación web estaba parada. Para prevenir un fallo de memoria, se ha anulado el registro del conductor JDBC por la fuerza.
27-May-2026 10:21:33.358 WARNING [Thread-1] org.apache.catalina.loader.WebappClassLoaderBase.clearReferencesThreads The web application [eventosProyecto] appears to have started a thread named [mysql-cj-abandoned-connection-cleanup] but has failed to stop it. This is very likely to create a memory leak. Stack trace of thread:
 java.base/java.lang.Object.wait0(Native Method)
 java.base/java.lang.Object.wait(Object.java:389)
 java.base/java.lang.ref.ReferenceQueue.remove0(ReferenceQueue.java:123)
 java.base/java.lang.ref.ReferenceQueue.remove(ReferenceQueue.java:201)
 com.mysql.cj.jdbc.AbandonedConnectionCleanupThread.run(AbandonedConnectionCleanupThread.java:91)
 java.base/java.util.concurrent.ThreadPoolExecutor.runWorker(ThreadPoolExecutor.java:1090)
 java.base/java.util.concurrent.ThreadPoolExecutor$Worker.run(ThreadPoolExecutor.java:614)
 java.base/java.lang.Thread.run(Thread.java:1474)
27-May-2026 10:21:33.366 INFO [Thread-1] org.apache.coyote.AbstractProtocol.stop Stopping ProtocolHandler ["http-nio-8080"]
27-May-2026 10:21:33.373 INFO [Thread-1] org.apache.coyote.AbstractProtocol.destroy Destroying ProtocolHandler ["http-nio-8080"]
27-May-2026 10:21:36.524 INFO [main] org.apache.catalina.startup.VersionLoggerListener.log Nombre de la versión del servidor: Apache Tomcat/9.0.117
27-May-2026 10:21:36.528 INFO [main] org.apache.catalina.startup.VersionLoggerListener.log Server built:                      Mar 30 2026 18:21:16 UTC
27-May-2026 10:21:36.528 INFO [main] org.apache.catalina.startup.VersionLoggerListener.log Número de versión de servidor:     9.0.117.0
27-May-2026 10:21:36.530 INFO [main] org.apache.catalina.startup.VersionLoggerListener.log OS Name:                           Windows 11
27-May-2026 10:21:36.530 INFO [main] org.apache.catalina.startup.VersionLoggerListener.log Versión de Systema Operativo:      10.0
27-May-2026 10:21:36.530 INFO [main] org.apache.catalina.startup.VersionLoggerListener.log Arquitectura:                      amd64
27-May-2026 10:21:36.530 INFO [main] org.apache.catalina.startup.VersionLoggerListener.log Java Home:                         C:\Users\Juanm\.jdks\openjdk-25.0.2
27-May-2026 10:21:36.530 INFO [main] org.apache.catalina.startup.VersionLoggerListener.log JVM Version:                       25.0.2+10-69
27-May-2026 10:21:36.530 INFO [main] org.apache.catalina.startup.VersionLoggerListener.log Vededor JVM:                       Oracle Corporation
27-May-2026 10:21:36.530 INFO [main] org.apache.catalina.startup.VersionLoggerListener.log CATALINA_BASE:                     C:\Users\Juanm\IdeaProjects\eventosProyecto\webapps
27-May-2026 10:21:36.531 INFO [main] org.apache.catalina.startup.VersionLoggerListener.log CATALINA_HOME:                     C:\apache-tomcat-9.0.117
27-May-2026 10:21:36.550 INFO [main] org.apache.catalina.startup.VersionLoggerListener.log Command line argument:             --add-opens=java.base/java.lang=ALL-UNNAMED
27-May-2026 10:21:36.550 INFO [main] org.apache.catalina.startup.VersionLoggerListener.log Command line argument:             --add-opens=java.base/java.io=ALL-UNNAMED
27-May-2026 10:21:36.551 INFO [main] org.apache.catalina.startup.VersionLoggerListener.log Command line argument:             --add-opens=java.base/java.util=ALL-UNNAMED
27-May-2026 10:21:36.551 INFO [main] org.apache.catalina.startup.VersionLoggerListener.log Command line argument:             --add-opens=java.base/java.util.concurrent=ALL-UNNAMED
27-May-2026 10:21:36.551 INFO [main] org.apache.catalina.startup.VersionLoggerListener.log Command line argument:             --add-opens=java.rmi/sun.rmi.transport=ALL-UNNAMED
27-May-2026 10:21:36.551 INFO [main] org.apache.catalina.startup.VersionLoggerListener.log Command line argument:             -Dcatalina.home=C:\apache-tomcat-9.0.117
27-May-2026 10:21:36.552 INFO [main] org.apache.catalina.startup.VersionLoggerListener.log Command line argument:             -Dcatalina.base=C:\Users\Juanm\IdeaProjects\eventosProyecto\webapps
27-May-2026 10:21:36.552 INFO [main] org.apache.catalina.startup.VersionLoggerListener.log Command line argument:             -Djava.io.tmpdir=C:\Users\Juanm\IdeaProjects\eventosProyecto\webapps\temp
27-May-2026 10:21:36.552 INFO [main] org.apache.catalina.startup.VersionLoggerListener.log Command line argument:             -Djava.util.logging.config.file=C:\Users\Juanm\IdeaProjects\eventosProyecto\webapps\conf\logging.properties
27-May-2026 10:21:36.552 INFO [main] org.apache.catalina.startup.VersionLoggerListener.log Command line argument:             -Djava.util.logging.manager=org.apache.juli.ClassLoaderLogManager
27-May-2026 10:21:36.553 INFO [main] org.apache.catalina.startup.VersionLoggerListener.log Command line argument:             -javaagent:C:\Program Files\JetBrains\IntelliJ IDEA 2025.3\lib\idea_rt.jar=62009
27-May-2026 10:21:36.553 INFO [main] org.apache.catalina.startup.VersionLoggerListener.log Command line argument:             -Dfile.encoding=UTF-8
27-May-2026 10:21:36.553 INFO [main] org.apache.catalina.startup.VersionLoggerListener.log Command line argument:             -Dsun.stdout.encoding=UTF-8
27-May-2026 10:21:36.554 INFO [main] org.apache.catalina.startup.VersionLoggerListener.log Command line argument:             -Dsun.stderr.encoding=UTF-8
27-May-2026 10:21:36.567 INFO [main] org.apache.catalina.core.AprLifecycleListener.lifecycleEvent Cargada la biblioteca nativa APR de Apache Tomcat [1.3.7] con la versión APR [1.7.6].
27-May-2026 10:21:36.568 INFO [main] org.apache.catalina.core.AprLifecycleListener.lifecycleEvent Capacidades APR: IPv6 [true], enviar fichero [true], aceptar filtros [false], aleatorio [true], UDS [true].
27-May-2026 10:21:36.568 INFO [main] org.apache.catalina.core.AprLifecycleListener.lifecycleEvent APR/OpenSSL configuration: useAprConnector [false], useOpenSSL [true]
27-May-2026 10:21:36.588 INFO [main] org.apache.catalina.core.AprLifecycleListener.initializeSSL OpenSSL inicializado correctamente [OpenSSL 3.0.19 27 Jan 2026]
27-May-2026 10:21:37.313 INFO [main] org.apache.coyote.AbstractProtocol.init Inicializando el manejador de protocolo ["http-nio-8080"]

27-May-2026 10:21:37.367 INFO [main] org.apache.catalina.startup.Catalina.load Server initialization in [1382] milliseconds
27-May-2026 10:21:37.483 INFO [main] org.apache.catalina.core.StandardService.startInternal Arrancando servicio [Catalina]
27-May-2026 10:21:37.484 INFO [main] org.apache.catalina.core.StandardEngine.startInternal Starting Servlet engine: [Apache Tomcat/9.0.117]
27-May-2026 10:21:37.502 INFO [main] org.apache.catalina.startup.HostConfig.deployDescriptor Desplieque del descriptor de configuración [C:\Users\Juanm\IdeaProjects\eventosProyecto\webapps\conf\Catalina\localhost\eventosProyecto.xml]
27-May-2026 10:21:40.087 INFO [main] org.apache.jasper.servlet.TldScanner.scanJars Al menos un JAR, que se ha explorado buscando TLDs, aún no contenía TLDs. Activar historial de depuración para este historiador para una completa lista de los JARs que fueron explorados y de los que nos se halló TLDs. Saltarse JARs no necesarios durante la exploración puede dar lugar a una mejora de tiempo significativa en el arranque y compilación de JSP .
27-May-2026 10:21:40.364 INFO [main] org.apache.catalina.startup.HostConfig.deployDescriptor Deployment of deployment descriptor [C:\Users\Juanm\IdeaProjects\eventosProyecto\webapps\conf\Catalina\localhost\eventosProyecto.xml] has finished in [2.848] ms
27-May-2026 10:21:40.379 INFO [main] org.apache.coyote.AbstractProtocol.start Starting ProtocolHandler ["http-nio-8080"]
27-May-2026 10:21:40.419 INFO [main] org.apache.catalina.startup.Catalina.start Server startup in [3045] milliseconds
27-May-2026 10:22:22.647 INFO [Thread-1] org.apache.coyote.AbstractProtocol.pause Pausing ProtocolHandler ["http-nio-8080"]
27-May-2026 10:22:22.660 INFO [Thread-1] org.apache.catalina.core.StandardService.stopInternal Parando servicio [Catalina]
27-May-2026 10:22:22.669 WARNING [Thread-1] org.apache.catalina.loader.WebappClassLoaderBase.clearReferencesJdbc La aplicación web [eventosProyecto] registró el conductor JDBC [com.mysql.cj.jdbc.Driver] pero falló al anular el registro mientras la aplicación web estaba parada. Para prevenir un fallo de memoria, se ha anulado el registro del conductor JDBC por la fuerza.
27-May-2026 10:22:22.672 WARNING [Thread-1] org.apache.catalina.loader.WebappClassLoaderBase.clearReferencesThreads The web application [eventosProyecto] appears to have started a thread named [mysql-cj-abandoned-connection-cleanup] but has failed to stop it. This is very likely to create a memory leak. Stack trace of thread:
 java.base/java.lang.Object.wait0(Native Method)
 java.base/java.lang.Object.wait(Object.java:389)
 java.base/java.lang.ref.ReferenceQueue.remove0(ReferenceQueue.java:123)
 java.base/java.lang.ref.ReferenceQueue.remove(ReferenceQueue.java:201)
 com.mysql.cj.jdbc.AbandonedConnectionCleanupThread.run(AbandonedConnectionCleanupThread.java:91)
 java.base/java.util.concurrent.ThreadPoolExecutor.runWorker(ThreadPoolExecutor.java:1090)
 java.base/java.util.concurrent.ThreadPoolExecutor$Worker.run(ThreadPoolExecutor.java:614)
 java.base/java.lang.Thread.run(Thread.java:1474)
27-May-2026 10:22:22.681 INFO [Thread-1] org.apache.coyote.AbstractProtocol.stop Stopping ProtocolHandler ["http-nio-8080"]
27-May-2026 10:22:22.696 INFO [Thread-1] org.apache.coyote.AbstractProtocol.destroy Destroying ProtocolHandler ["http-nio-8080"]
27-May-2026 10:22:25.819 INFO [main] org.apache.catalina.startup.VersionLoggerListener.log Nombre de la versión del servidor: Apache Tomcat/9.0.117
27-May-2026 10:22:25.824 INFO [main] org.apache.catalina.startup.VersionLoggerListener.log Server built:                      Mar 30 2026 18:21:16 UTC
27-May-2026 10:22:25.825 INFO [main] org.apache.catalina.startup.VersionLoggerListener.log Número de versión de servidor:     9.0.117.0
27-May-2026 10:22:25.825 INFO [main] org.apache.catalina.startup.VersionLoggerListener.log OS Name:                           Windows 11
27-May-2026 10:22:25.826 INFO [main] org.apache.catalina.startup.VersionLoggerListener.log Versión de Systema Operativo:      10.0
27-May-2026 10:22:25.826 INFO [main] org.apache.catalina.startup.VersionLoggerListener.log Arquitectura:                      amd64
27-May-2026 10:22:25.826 INFO [main] org.apache.catalina.startup.VersionLoggerListener.log Java Home:                         C:\Users\Juanm\.jdks\openjdk-25.0.2
27-May-2026 10:22:25.827 INFO [main] org.apache.catalina.startup.VersionLoggerListener.log JVM Version:                       25.0.2+10-69
27-May-2026 10:22:25.827 INFO [main] org.apache.catalina.startup.VersionLoggerListener.log Vededor JVM:                       Oracle Corporation
27-May-2026 10:22:25.827 INFO [main] org.apache.catalina.startup.VersionLoggerListener.log CATALINA_BASE:                     C:\Users\Juanm\IdeaProjects\eventosProyecto\webapps
27-May-2026 10:22:25.828 INFO [main] org.apache.catalina.startup.VersionLoggerListener.log CATALINA_HOME:                     C:\apache-tomcat-9.0.117
27-May-2026 10:22:25.843 INFO [main] org.apache.catalina.startup.VersionLoggerListener.log Command line argument:             --add-opens=java.base/java.lang=ALL-UNNAMED
27-May-2026 10:22:25.843 INFO [main] org.apache.catalina.startup.VersionLoggerListener.log Command line argument:             --add-opens=java.base/java.io=ALL-UNNAMED
27-May-2026 10:22:25.843 INFO [main] org.apache.catalina.startup.VersionLoggerListener.log Command line argument:             --add-opens=java.base/java.util=ALL-UNNAMED
27-May-2026 10:22:25.843 INFO [main] org.apache.catalina.startup.VersionLoggerListener.log Command line argument:             --add-opens=java.base/java.util.concurrent=ALL-UNNAMED
27-May-2026 10:22:25.843 INFO [main] org.apache.catalina.startup.VersionLoggerListener.log Command line argument:             --add-opens=java.rmi/sun.rmi.transport=ALL-UNNAMED
27-May-2026 10:22:25.844 INFO [main] org.apache.catalina.startup.VersionLoggerListener.log Command line argument:             -Dcatalina.home=C:\apache-tomcat-9.0.117
27-May-2026 10:22:25.844 INFO [main] org.apache.catalina.startup.VersionLoggerListener.log Command line argument:             -Dcatalina.base=C:\Users\Juanm\IdeaProjects\eventosProyecto\webapps
27-May-2026 10:22:25.844 INFO [main] org.apache.catalina.startup.VersionLoggerListener.log Command line argument:             -Djava.io.tmpdir=C:\Users\Juanm\IdeaProjects\eventosProyecto\webapps\temp
27-May-2026 10:22:25.844 INFO [main] org.apache.catalina.startup.VersionLoggerListener.log Command line argument:             -Djava.util.logging.config.file=C:\Users\Juanm\IdeaProjects\eventosProyecto\webapps\conf\logging.properties
27-May-2026 10:22:25.844 INFO [main] org.apache.catalina.startup.VersionLoggerListener.log Command line argument:             -Djava.util.logging.manager=org.apache.juli.ClassLoaderLogManager
27-May-2026 10:22:25.844 INFO [main] org.apache.catalina.startup.VersionLoggerListener.log Command line argument:             -javaagent:C:\Program Files\JetBrains\IntelliJ IDEA 2025.3\lib\idea_rt.jar=52952
27-May-2026 10:22:25.844 INFO [main] org.apache.catalina.startup.VersionLoggerListener.log Command line argument:             -Dfile.encoding=UTF-8
27-May-2026 10:22:25.844 INFO [main] org.apache.catalina.startup.VersionLoggerListener.log Command line argument:             -Dsun.stdout.encoding=UTF-8
27-May-2026 10:22:25.844 INFO [main] org.apache.catalina.startup.VersionLoggerListener.log Command line argument:             -Dsun.stderr.encoding=UTF-8
27-May-2026 10:22:25.852 INFO [main] org.apache.catalina.core.AprLifecycleListener.lifecycleEvent Cargada la biblioteca nativa APR de Apache Tomcat [1.3.7] con la versión APR [1.7.6].
27-May-2026 10:22:25.852 INFO [main] org.apache.catalina.core.AprLifecycleListener.lifecycleEvent Capacidades APR: IPv6 [true], enviar fichero [true], aceptar filtros [false], aleatorio [true], UDS [true].
27-May-2026 10:22:25.852 INFO [main] org.apache.catalina.core.AprLifecycleListener.lifecycleEvent APR/OpenSSL configuration: useAprConnector [false], useOpenSSL [true]
27-May-2026 10:22:25.868 INFO [main] org.apache.catalina.core.AprLifecycleListener.initializeSSL OpenSSL inicializado correctamente [OpenSSL 3.0.19 27 Jan 2026]
27-May-2026 10:22:26.546 INFO [main] org.apache.coyote.AbstractProtocol.init Inicializando el manejador de protocolo ["http-nio-8080"]

27-May-2026 10:22:26.590 INFO [main] org.apache.catalina.startup.Catalina.load Server initialization in [1503] milliseconds
27-May-2026 10:22:26.716 INFO [main] org.apache.catalina.core.StandardService.startInternal Arrancando servicio [Catalina]
27-May-2026 10:22:26.717 INFO [main] org.apache.catalina.core.StandardEngine.startInternal Starting Servlet engine: [Apache Tomcat/9.0.117]
27-May-2026 10:22:26.743 INFO [main] org.apache.catalina.startup.HostConfig.deployDescriptor Desplieque del descriptor de configuración [C:\Users\Juanm\IdeaProjects\eventosProyecto\webapps\conf\Catalina\localhost\eventosProyecto.xml]
27-May-2026 10:22:29.723 INFO [main] org.apache.jasper.servlet.TldScanner.scanJars Al menos un JAR, que se ha explorado buscando TLDs, aún no contenía TLDs. Activar historial de depuración para este historiador para una completa lista de los JARs que fueron explorados y de los que nos se halló TLDs. Saltarse JARs no necesarios durante la exploración puede dar lugar a una mejora de tiempo significativa en el arranque y compilación de JSP .
27-May-2026 10:22:29.986 INFO [main] org.apache.catalina.startup.HostConfig.deployDescriptor Deployment of deployment descriptor [C:\Users\Juanm\IdeaProjects\eventosProyecto\webapps\conf\Catalina\localhost\eventosProyecto.xml] has finished in [3.232] ms
27-May-2026 10:22:29.999 INFO [main] org.apache.coyote.AbstractProtocol.start Starting ProtocolHandler ["http-nio-8080"]
27-May-2026 10:22:30.048 INFO [main] org.apache.catalina.startup.Catalina.start Server startup in [3454] milliseconds
27-May-2026 10:23:28.670 INFO [Thread-1] org.apache.coyote.AbstractProtocol.pause Pausing ProtocolHandler ["http-nio-8080"]
27-May-2026 10:23:28.681 INFO [Thread-1] org.apache.catalina.core.StandardService.stopInternal Parando servicio [Catalina]
27-May-2026 10:23:28.689 WARNING [Thread-1] org.apache.catalina.loader.WebappClassLoaderBase.clearReferencesJdbc La aplicación web [eventosProyecto] registró el conductor JDBC [com.mysql.cj.jdbc.Driver] pero falló al anular el registro mientras la aplicación web estaba parada. Para prevenir un fallo de memoria, se ha anulado el registro del conductor JDBC por la fuerza.
27-May-2026 10:23:28.690 WARNING [Thread-1] org.apache.catalina.loader.WebappClassLoaderBase.clearReferencesThreads The web application [eventosProyecto] appears to have started a thread named [mysql-cj-abandoned-connection-cleanup] but has failed to stop it. This is very likely to create a memory leak. Stack trace of thread:
 java.base/java.lang.Object.wait0(Native Method)
 java.base/java.lang.Object.wait(Object.java:389)
 java.base/java.lang.ref.ReferenceQueue.remove0(ReferenceQueue.java:123)
 java.base/java.lang.ref.ReferenceQueue.remove(ReferenceQueue.java:201)
 com.mysql.cj.jdbc.AbandonedConnectionCleanupThread.run(AbandonedConnectionCleanupThread.java:91)
 java.base/java.util.concurrent.ThreadPoolExecutor.runWorker(ThreadPoolExecutor.java:1090)
 java.base/java.util.concurrent.ThreadPoolExecutor$Worker.run(ThreadPoolExecutor.java:614)
 java.base/java.lang.Thread.run(Thread.java:1474)
27-May-2026 10:23:28.695 INFO [Thread-1] org.apache.coyote.AbstractProtocol.stop Stopping ProtocolHandler ["http-nio-8080"]
27-May-2026 10:23:28.706 INFO [Thread-1] org.apache.coyote.AbstractProtocol.destroy Destroying ProtocolHandler ["http-nio-8080"]
27-May-2026 10:23:32.325 INFO [main] org.apache.catalina.startup.VersionLoggerListener.log Nombre de la versión del servidor: Apache Tomcat/9.0.117
27-May-2026 10:23:32.330 INFO [main] org.apache.catalina.startup.VersionLoggerListener.log Server built:                      Mar 30 2026 18:21:16 UTC
27-May-2026 10:23:32.331 INFO [main] org.apache.catalina.startup.VersionLoggerListener.log Número de versión de servidor:     9.0.117.0
27-May-2026 10:23:32.332 INFO [main] org.apache.catalina.startup.VersionLoggerListener.log OS Name:                           Windows 11
27-May-2026 10:23:32.332 INFO [main] org.apache.catalina.startup.VersionLoggerListener.log Versión de Systema Operativo:      10.0
27-May-2026 10:23:32.333 INFO [main] org.apache.catalina.startup.VersionLoggerListener.log Arquitectura:                      amd64
27-May-2026 10:23:32.333 INFO [main] org.apache.catalina.startup.VersionLoggerListener.log Java Home:                         C:\Users\Juanm\.jdks\openjdk-25.0.2
27-May-2026 10:23:32.334 INFO [main] org.apache.catalina.startup.VersionLoggerListener.log JVM Version:                       25.0.2+10-69
27-May-2026 10:23:32.335 INFO [main] org.apache.catalina.startup.VersionLoggerListener.log Vededor JVM:                       Oracle Corporation
27-May-2026 10:23:32.335 INFO [main] org.apache.catalina.startup.VersionLoggerListener.log CATALINA_BASE:                     C:\Users\Juanm\IdeaProjects\eventosProyecto\webapps
27-May-2026 10:23:32.335 INFO [main] org.apache.catalina.startup.VersionLoggerListener.log CATALINA_HOME:                     C:\apache-tomcat-9.0.117
27-May-2026 10:23:32.354 INFO [main] org.apache.catalina.startup.VersionLoggerListener.log Command line argument:             --add-opens=java.base/java.lang=ALL-UNNAMED
27-May-2026 10:23:32.354 INFO [main] org.apache.catalina.startup.VersionLoggerListener.log Command line argument:             --add-opens=java.base/java.io=ALL-UNNAMED
27-May-2026 10:23:32.355 INFO [main] org.apache.catalina.startup.VersionLoggerListener.log Command line argument:             --add-opens=java.base/java.util=ALL-UNNAMED
27-May-2026 10:23:32.355 INFO [main] org.apache.catalina.startup.VersionLoggerListener.log Command line argument:             --add-opens=java.base/java.util.concurrent=ALL-UNNAMED
27-May-2026 10:23:32.355 INFO [main] org.apache.catalina.startup.VersionLoggerListener.log Command line argument:             --add-opens=java.rmi/sun.rmi.transport=ALL-UNNAMED
27-May-2026 10:23:32.356 INFO [main] org.apache.catalina.startup.VersionLoggerListener.log Command line argument:             -Dcatalina.home=C:\apache-tomcat-9.0.117
27-May-2026 10:23:32.356 INFO [main] org.apache.catalina.startup.VersionLoggerListener.log Command line argument:             -Dcatalina.base=C:\Users\Juanm\IdeaProjects\eventosProyecto\webapps
27-May-2026 10:23:32.356 INFO [main] org.apache.catalina.startup.VersionLoggerListener.log Command line argument:             -Djava.io.tmpdir=C:\Users\Juanm\IdeaProjects\eventosProyecto\webapps\temp
27-May-2026 10:23:32.357 INFO [main] org.apache.catalina.startup.VersionLoggerListener.log Command line argument:             -Djava.util.logging.config.file=C:\Users\Juanm\IdeaProjects\eventosProyecto\webapps\conf\logging.properties
27-May-2026 10:23:32.357 INFO [main] org.apache.catalina.startup.VersionLoggerListener.log Command line argument:             -Djava.util.logging.manager=org.apache.juli.ClassLoaderLogManager
27-May-2026 10:23:32.357 INFO [main] org.apache.catalina.startup.VersionLoggerListener.log Command line argument:             -javaagent:C:\Program Files\JetBrains\IntelliJ IDEA 2025.3\lib\idea_rt.jar=51415
27-May-2026 10:23:32.357 INFO [main] org.apache.catalina.startup.VersionLoggerListener.log Command line argument:             -Dfile.encoding=UTF-8
27-May-2026 10:23:32.358 INFO [main] org.apache.catalina.startup.VersionLoggerListener.log Command line argument:             -Dsun.stdout.encoding=UTF-8
27-May-2026 10:23:32.358 INFO [main] org.apache.catalina.startup.VersionLoggerListener.log Command line argument:             -Dsun.stderr.encoding=UTF-8
27-May-2026 10:23:32.368 INFO [main] org.apache.catalina.core.AprLifecycleListener.lifecycleEvent Cargada la biblioteca nativa APR de Apache Tomcat [1.3.7] con la versión APR [1.7.6].
27-May-2026 10:23:32.368 INFO [main] org.apache.catalina.core.AprLifecycleListener.lifecycleEvent Capacidades APR: IPv6 [true], enviar fichero [true], aceptar filtros [false], aleatorio [true], UDS [true].
27-May-2026 10:23:32.368 INFO [main] org.apache.catalina.core.AprLifecycleListener.lifecycleEvent APR/OpenSSL configuration: useAprConnector [false], useOpenSSL [true]
27-May-2026 10:23:32.385 INFO [main] org.apache.catalina.core.AprLifecycleListener.initializeSSL OpenSSL inicializado correctamente [OpenSSL 3.0.19 27 Jan 2026]
27-May-2026 10:23:33.083 INFO [main] org.apache.coyote.AbstractProtocol.init Inicializando el manejador de protocolo ["http-nio-8080"]

27-May-2026 10:23:33.126 INFO [main] org.apache.catalina.startup.Catalina.load Server initialization in [1513] milliseconds
27-May-2026 10:23:33.220 INFO [main] org.apache.catalina.core.StandardService.startInternal Arrancando servicio [Catalina]
27-May-2026 10:23:33.221 INFO [main] org.apache.catalina.core.StandardEngine.startInternal Starting Servlet engine: [Apache Tomcat/9.0.117]
27-May-2026 10:23:33.238 INFO [main] org.apache.catalina.startup.HostConfig.deployDescriptor Desplieque del descriptor de configuración [C:\Users\Juanm\IdeaProjects\eventosProyecto\webapps\conf\Catalina\localhost\eventosProyecto.xml]
27-May-2026 10:23:36.100 INFO [main] org.apache.jasper.servlet.TldScanner.scanJars Al menos un JAR, que se ha explorado buscando TLDs, aún no contenía TLDs. Activar historial de depuración para este historiador para una completa lista de los JARs que fueron explorados y de los que nos se halló TLDs. Saltarse JARs no necesarios durante la exploración puede dar lugar a una mejora de tiempo significativa en el arranque y compilación de JSP .
27-May-2026 10:23:36.358 INFO [main] org.apache.catalina.startup.HostConfig.deployDescriptor Deployment of deployment descriptor [C:\Users\Juanm\IdeaProjects\eventosProyecto\webapps\conf\Catalina\localhost\eventosProyecto.xml] has finished in [3.105] ms
27-May-2026 10:23:36.368 INFO [main] org.apache.coyote.AbstractProtocol.start Starting ProtocolHandler ["http-nio-8080"]
27-May-2026 10:23:36.409 INFO [main] org.apache.catalina.startup.Catalina.start Server startup in [3280] milliseconds
27-May-2026 10:26:33.901 INFO [Thread-1] org.apache.coyote.AbstractProtocol.pause Pausing ProtocolHandler ["http-nio-8080"]
27-May-2026 10:26:33.994 INFO [Thread-1] org.apache.catalina.core.StandardService.stopInternal Parando servicio [Catalina]
27-May-2026 10:26:34.061 WARNING [Thread-1] org.apache.catalina.loader.WebappClassLoaderBase.clearReferencesJdbc La aplicación web [eventosProyecto] registró el conductor JDBC [com.mysql.cj.jdbc.Driver] pero falló al anular el registro mientras la aplicación web estaba parada. Para prevenir un fallo de memoria, se ha anulado el registro del conductor JDBC por la fuerza.
27-May-2026 10:26:34.065 WARNING [Thread-1] org.apache.catalina.loader.WebappClassLoaderBase.clearReferencesThreads The web application [eventosProyecto] appears to have started a thread named [mysql-cj-abandoned-connection-cleanup] but has failed to stop it. This is very likely to create a memory leak. Stack trace of thread:
 java.base/java.lang.Object.wait0(Native Method)
 java.base/java.lang.Object.wait(Object.java:389)
 java.base/java.lang.ref.ReferenceQueue.remove0(ReferenceQueue.java:123)
 java.base/java.lang.ref.ReferenceQueue.remove(ReferenceQueue.java:201)
 com.mysql.cj.jdbc.AbandonedConnectionCleanupThread.run(AbandonedConnectionCleanupThread.java:91)
 java.base/java.util.concurrent.ThreadPoolExecutor.runWorker(ThreadPoolExecutor.java:1090)
 java.base/java.util.concurrent.ThreadPoolExecutor$Worker.run(ThreadPoolExecutor.java:614)
 java.base/java.lang.Thread.run(Thread.java:1474)
27-May-2026 10:26:34.110 INFO [Thread-1] org.apache.coyote.AbstractProtocol.stop Stopping ProtocolHandler ["http-nio-8080"]
27-May-2026 10:26:34.127 INFO [Thread-1] org.apache.coyote.AbstractProtocol.destroy Destroying ProtocolHandler ["http-nio-8080"]
27-May-2026 10:26:42.960 INFO [main] org.apache.catalina.startup.VersionLoggerListener.log Nombre de la versión del servidor: Apache Tomcat/9.0.117
27-May-2026 10:26:42.971 INFO [main] org.apache.catalina.startup.VersionLoggerListener.log Server built:                      Mar 30 2026 18:21:16 UTC
27-May-2026 10:26:42.972 INFO [main] org.apache.catalina.startup.VersionLoggerListener.log Número de versión de servidor:     9.0.117.0
27-May-2026 10:26:42.972 INFO [main] org.apache.catalina.startup.VersionLoggerListener.log OS Name:                           Windows 11
27-May-2026 10:26:42.973 INFO [main] org.apache.catalina.startup.VersionLoggerListener.log Versión de Systema Operativo:      10.0
27-May-2026 10:26:42.973 INFO [main] org.apache.catalina.startup.VersionLoggerListener.log Arquitectura:                      amd64
27-May-2026 10:26:42.974 INFO [main] org.apache.catalina.startup.VersionLoggerListener.log Java Home:                         C:\Users\Juanm\.jdks\openjdk-25.0.2
27-May-2026 10:26:42.974 INFO [main] org.apache.catalina.startup.VersionLoggerListener.log JVM Version:                       25.0.2+10-69
27-May-2026 10:26:42.975 INFO [main] org.apache.catalina.startup.VersionLoggerListener.log Vededor JVM:                       Oracle Corporation
27-May-2026 10:26:42.975 INFO [main] org.apache.catalina.startup.VersionLoggerListener.log CATALINA_BASE:                     C:\Users\Juanm\IdeaProjects\eventosProyecto\webapps
27-May-2026 10:26:42.976 INFO [main] org.apache.catalina.startup.VersionLoggerListener.log CATALINA_HOME:                     C:\apache-tomcat-9.0.117
27-May-2026 10:26:43.019 INFO [main] org.apache.catalina.startup.VersionLoggerListener.log Command line argument:             --add-opens=java.base/java.lang=ALL-UNNAMED
27-May-2026 10:26:43.020 INFO [main] org.apache.catalina.startup.VersionLoggerListener.log Command line argument:             --add-opens=java.base/java.io=ALL-UNNAMED
27-May-2026 10:26:43.020 INFO [main] org.apache.catalina.startup.VersionLoggerListener.log Command line argument:             --add-opens=java.base/java.util=ALL-UNNAMED
27-May-2026 10:26:43.021 INFO [main] org.apache.catalina.startup.VersionLoggerListener.log Command line argument:             --add-opens=java.base/java.util.concurrent=ALL-UNNAMED
27-May-2026 10:26:43.021 INFO [main] org.apache.catalina.startup.VersionLoggerListener.log Command line argument:             --add-opens=java.rmi/sun.rmi.transport=ALL-UNNAMED
27-May-2026 10:26:43.021 INFO [main] org.apache.catalina.startup.VersionLoggerListener.log Command line argument:             -Dcatalina.home=C:\apache-tomcat-9.0.117
27-May-2026 10:26:43.022 INFO [main] org.apache.catalina.startup.VersionLoggerListener.log Command line argument:             -Dcatalina.base=C:\Users\Juanm\IdeaProjects\eventosProyecto\webapps
27-May-2026 10:26:43.022 INFO [main] org.apache.catalina.startup.VersionLoggerListener.log Command line argument:             -Djava.io.tmpdir=C:\Users\Juanm\IdeaProjects\eventosProyecto\webapps\temp
27-May-2026 10:26:43.022 INFO [main] org.apache.catalina.startup.VersionLoggerListener.log Command line argument:             -Djava.util.logging.config.file=C:\Users\Juanm\IdeaProjects\eventosProyecto\webapps\conf\logging.properties
27-May-2026 10:26:43.023 INFO [main] org.apache.catalina.startup.VersionLoggerListener.log Command line argument:             -Djava.util.logging.manager=org.apache.juli.ClassLoaderLogManager
27-May-2026 10:26:43.023 INFO [main] org.apache.catalina.startup.VersionLoggerListener.log Command line argument:             -javaagent:C:\Program Files\JetBrains\IntelliJ IDEA 2025.3\lib\idea_rt.jar=54735
27-May-2026 10:26:43.023 INFO [main] org.apache.catalina.startup.VersionLoggerListener.log Command line argument:             -Dfile.encoding=UTF-8
27-May-2026 10:26:43.023 INFO [main] org.apache.catalina.startup.VersionLoggerListener.log Command line argument:             -Dsun.stdout.encoding=UTF-8
27-May-2026 10:26:43.024 INFO [main] org.apache.catalina.startup.VersionLoggerListener.log Command line argument:             -Dsun.stderr.encoding=UTF-8
27-May-2026 10:26:43.050 INFO [main] org.apache.catalina.core.AprLifecycleListener.lifecycleEvent Cargada la biblioteca nativa APR de Apache Tomcat [1.3.7] con la versión APR [1.7.6].
27-May-2026 10:26:43.051 INFO [main] org.apache.catalina.core.AprLifecycleListener.lifecycleEvent Capacidades APR: IPv6 [true], enviar fichero [true], aceptar filtros [false], aleatorio [true], UDS [true].
27-May-2026 10:26:43.052 INFO [main] org.apache.catalina.core.AprLifecycleListener.lifecycleEvent APR/OpenSSL configuration: useAprConnector [false], useOpenSSL [true]
27-May-2026 10:26:43.122 INFO [main] org.apache.catalina.core.AprLifecycleListener.initializeSSL OpenSSL inicializado correctamente [OpenSSL 3.0.19 27 Jan 2026]
27-May-2026 10:26:44.703 INFO [main] org.apache.coyote.AbstractProtocol.init Inicializando el manejador de protocolo ["http-nio-8080"]

27-May-2026 10:26:44.752 INFO [main] org.apache.catalina.startup.Catalina.load Server initialization in [2829] milliseconds
27-May-2026 10:26:44.908 INFO [main] org.apache.catalina.core.StandardService.startInternal Arrancando servicio [Catalina]
27-May-2026 10:26:44.909 INFO [main] org.apache.catalina.core.StandardEngine.startInternal Starting Servlet engine: [Apache Tomcat/9.0.117]
27-May-2026 10:26:44.945 INFO [main] org.apache.catalina.startup.HostConfig.deployDescriptor Desplieque del descriptor de configuración [C:\Users\Juanm\IdeaProjects\eventosProyecto\webapps\conf\Catalina\localhost\eventosProyecto.xml]
27-May-2026 10:26:49.984 INFO [main] org.apache.jasper.servlet.TldScanner.scanJars Al menos un JAR, que se ha explorado buscando TLDs, aún no contenía TLDs. Activar historial de depuración para este historiador para una completa lista de los JARs que fueron explorados y de los que nos se halló TLDs. Saltarse JARs no necesarios durante la exploración puede dar lugar a una mejora de tiempo significativa en el arranque y compilación de JSP .
27-May-2026 10:26:50.349 INFO [main] org.apache.catalina.startup.HostConfig.deployDescriptor Deployment of deployment descriptor [C:\Users\Juanm\IdeaProjects\eventosProyecto\webapps\conf\Catalina\localhost\eventosProyecto.xml] has finished in [5.393] ms
27-May-2026 10:26:50.355 INFO [main] org.apache.coyote.AbstractProtocol.start Starting ProtocolHandler ["http-nio-8080"]
27-May-2026 10:26:50.401 INFO [main] org.apache.catalina.startup.Catalina.start Server startup in [5644] milliseconds
27-May-2026 10:33:01.371 INFO [Thread-1] org.apache.coyote.AbstractProtocol.pause Pausing ProtocolHandler ["http-nio-8080"]
27-May-2026 10:33:01.497 INFO [Thread-1] org.apache.catalina.core.StandardService.stopInternal Parando servicio [Catalina]
27-May-2026 10:33:01.633 WARNING [Thread-1] org.apache.catalina.loader.WebappClassLoaderBase.clearReferencesJdbc La aplicación web [eventosProyecto] registró el conductor JDBC [com.mysql.cj.jdbc.Driver] pero falló al anular el registro mientras la aplicación web estaba parada. Para prevenir un fallo de memoria, se ha anulado el registro del conductor JDBC por la fuerza.
27-May-2026 10:33:01.644 WARNING [Thread-1] org.apache.catalina.loader.WebappClassLoaderBase.clearReferencesThreads The web application [eventosProyecto] appears to have started a thread named [mysql-cj-abandoned-connection-cleanup] but has failed to stop it. This is very likely to create a memory leak. Stack trace of thread:
 java.base/java.lang.Object.wait0(Native Method)
 java.base/java.lang.Object.wait(Object.java:389)
 java.base/java.lang.ref.ReferenceQueue.remove0(ReferenceQueue.java:123)
 java.base/java.lang.ref.ReferenceQueue.remove(ReferenceQueue.java:201)
 com.mysql.cj.jdbc.AbandonedConnectionCleanupThread.run(AbandonedConnectionCleanupThread.java:91)
 java.base/java.util.concurrent.ThreadPoolExecutor.runWorker(ThreadPoolExecutor.java:1090)
 java.base/java.util.concurrent.ThreadPoolExecutor$Worker.run(ThreadPoolExecutor.java:614)
 java.base/java.lang.Thread.run(Thread.java:1474)
27-May-2026 10:33:01.701 INFO [Thread-1] org.apache.coyote.AbstractProtocol.stop Stopping ProtocolHandler ["http-nio-8080"]
27-May-2026 10:33:01.720 INFO [Thread-1] org.apache.coyote.AbstractProtocol.destroy Destroying ProtocolHandler ["http-nio-8080"]
27-May-2026 10:33:06.359 INFO [main] org.apache.catalina.startup.VersionLoggerListener.log Nombre de la versión del servidor: Apache Tomcat/9.0.117
27-May-2026 10:33:06.366 INFO [main] org.apache.catalina.startup.VersionLoggerListener.log Server built:                      Mar 30 2026 18:21:16 UTC
27-May-2026 10:33:06.366 INFO [main] org.apache.catalina.startup.VersionLoggerListener.log Número de versión de servidor:     9.0.117.0
27-May-2026 10:33:06.367 INFO [main] org.apache.catalina.startup.VersionLoggerListener.log OS Name:                           Windows 11
27-May-2026 10:33:06.367 INFO [main] org.apache.catalina.startup.VersionLoggerListener.log Versión de Systema Operativo:      10.0
27-May-2026 10:33:06.367 INFO [main] org.apache.catalina.startup.VersionLoggerListener.log Arquitectura:                      amd64
27-May-2026 10:33:06.369 INFO [main] org.apache.catalina.startup.VersionLoggerListener.log Java Home:                         C:\Users\Juanm\.jdks\openjdk-25.0.2
27-May-2026 10:33:06.369 INFO [main] org.apache.catalina.startup.VersionLoggerListener.log JVM Version:                       25.0.2+10-69
27-May-2026 10:33:06.369 INFO [main] org.apache.catalina.startup.VersionLoggerListener.log Vededor JVM:                       Oracle Corporation
27-May-2026 10:33:06.369 INFO [main] org.apache.catalina.startup.VersionLoggerListener.log CATALINA_BASE:                     C:\Users\Juanm\IdeaProjects\eventosProyecto\webapps
27-May-2026 10:33:06.370 INFO [main] org.apache.catalina.startup.VersionLoggerListener.log CATALINA_HOME:                     C:\apache-tomcat-9.0.117
27-May-2026 10:33:06.396 INFO [main] org.apache.catalina.startup.VersionLoggerListener.log Command line argument:             --add-opens=java.base/java.lang=ALL-UNNAMED
27-May-2026 10:33:06.396 INFO [main] org.apache.catalina.startup.VersionLoggerListener.log Command line argument:             --add-opens=java.base/java.io=ALL-UNNAMED
27-May-2026 10:33:06.396 INFO [main] org.apache.catalina.startup.VersionLoggerListener.log Command line argument:             --add-opens=java.base/java.util=ALL-UNNAMED
27-May-2026 10:33:06.396 INFO [main] org.apache.catalina.startup.VersionLoggerListener.log Command line argument:             --add-opens=java.base/java.util.concurrent=ALL-UNNAMED
27-May-2026 10:33:06.396 INFO [main] org.apache.catalina.startup.VersionLoggerListener.log Command line argument:             --add-opens=java.rmi/sun.rmi.transport=ALL-UNNAMED
27-May-2026 10:33:06.397 INFO [main] org.apache.catalina.startup.VersionLoggerListener.log Command line argument:             -Dcatalina.home=C:\apache-tomcat-9.0.117
27-May-2026 10:33:06.397 INFO [main] org.apache.catalina.startup.VersionLoggerListener.log Command line argument:             -Dcatalina.base=C:\Users\Juanm\IdeaProjects\eventosProyecto\webapps
27-May-2026 10:33:06.397 INFO [main] org.apache.catalina.startup.VersionLoggerListener.log Command line argument:             -Djava.io.tmpdir=C:\Users\Juanm\IdeaProjects\eventosProyecto\webapps\temp
27-May-2026 10:33:06.397 INFO [main] org.apache.catalina.startup.VersionLoggerListener.log Command line argument:             -Djava.util.logging.config.file=C:\Users\Juanm\IdeaProjects\eventosProyecto\webapps\conf\logging.properties
27-May-2026 10:33:06.397 INFO [main] org.apache.catalina.startup.VersionLoggerListener.log Command line argument:             -Djava.util.logging.manager=org.apache.juli.ClassLoaderLogManager
27-May-2026 10:33:06.397 INFO [main] org.apache.catalina.startup.VersionLoggerListener.log Command line argument:             -javaagent:C:\Program Files\JetBrains\IntelliJ IDEA 2025.3\lib\idea_rt.jar=51717
27-May-2026 10:33:06.397 INFO [main] org.apache.catalina.startup.VersionLoggerListener.log Command line argument:             -Dfile.encoding=UTF-8
27-May-2026 10:33:06.397 INFO [main] org.apache.catalina.startup.VersionLoggerListener.log Command line argument:             -Dsun.stdout.encoding=UTF-8
27-May-2026 10:33:06.397 INFO [main] org.apache.catalina.startup.VersionLoggerListener.log Command line argument:             -Dsun.stderr.encoding=UTF-8
27-May-2026 10:33:06.412 INFO [main] org.apache.catalina.core.AprLifecycleListener.lifecycleEvent Cargada la biblioteca nativa APR de Apache Tomcat [1.3.7] con la versión APR [1.7.6].
27-May-2026 10:33:06.413 INFO [main] org.apache.catalina.core.AprLifecycleListener.lifecycleEvent Capacidades APR: IPv6 [true], enviar fichero [true], aceptar filtros [false], aleatorio [true], UDS [true].
27-May-2026 10:33:06.413 INFO [main] org.apache.catalina.core.AprLifecycleListener.lifecycleEvent APR/OpenSSL configuration: useAprConnector [false], useOpenSSL [true]
27-May-2026 10:33:06.445 INFO [main] org.apache.catalina.core.AprLifecycleListener.initializeSSL OpenSSL inicializado correctamente [OpenSSL 3.0.19 27 Jan 2026]
27-May-2026 10:33:07.322 INFO [main] org.apache.coyote.AbstractProtocol.init Inicializando el manejador de protocolo ["http-nio-8080"]

27-May-2026 10:33:07.361 INFO [main] org.apache.catalina.startup.Catalina.load Server initialization in [2000] milliseconds
27-May-2026 10:33:07.466 INFO [main] org.apache.catalina.core.StandardService.startInternal Arrancando servicio [Catalina]
27-May-2026 10:33:07.467 INFO [main] org.apache.catalina.core.StandardEngine.startInternal Starting Servlet engine: [Apache Tomcat/9.0.117]
27-May-2026 10:33:07.494 INFO [main] org.apache.catalina.startup.HostConfig.deployDescriptor Desplieque del descriptor de configuración [C:\Users\Juanm\IdeaProjects\eventosProyecto\webapps\conf\Catalina\localhost\eventosProyecto.xml]
27-May-2026 10:33:10.987 INFO [main] org.apache.jasper.servlet.TldScanner.scanJars Al menos un JAR, que se ha explorado buscando TLDs, aún no contenía TLDs. Activar historial de depuración para este historiador para una completa lista de los JARs que fueron explorados y de los que nos se halló TLDs. Saltarse JARs no necesarios durante la exploración puede dar lugar a una mejora de tiempo significativa en el arranque y compilación de JSP .
27-May-2026 10:33:11.246 INFO [main] org.apache.catalina.startup.HostConfig.deployDescriptor Deployment of deployment descriptor [C:\Users\Juanm\IdeaProjects\eventosProyecto\webapps\conf\Catalina\localhost\eventosProyecto.xml] has finished in [3.735] ms
27-May-2026 10:33:11.260 INFO [main] org.apache.coyote.AbstractProtocol.start Starting ProtocolHandler ["http-nio-8080"]
27-May-2026 10:33:11.310 INFO [main] org.apache.catalina.startup.Catalina.start Server startup in [3944] milliseconds
27-May-2026 10:33:53.567 INFO [Thread-1] org.apache.coyote.AbstractProtocol.pause Pausing ProtocolHandler ["http-nio-8080"]
27-May-2026 10:33:53.579 INFO [Thread-1] org.apache.catalina.core.StandardService.stopInternal Parando servicio [Catalina]
27-May-2026 10:33:53.588 WARNING [Thread-1] org.apache.catalina.loader.WebappClassLoaderBase.clearReferencesJdbc La aplicación web [eventosProyecto] registró el conductor JDBC [com.mysql.cj.jdbc.Driver] pero falló al anular el registro mientras la aplicación web estaba parada. Para prevenir un fallo de memoria, se ha anulado el registro del conductor JDBC por la fuerza.
27-May-2026 10:33:53.589 WARNING [Thread-1] org.apache.catalina.loader.WebappClassLoaderBase.clearReferencesThreads The web application [eventosProyecto] appears to have started a thread named [mysql-cj-abandoned-connection-cleanup] but has failed to stop it. This is very likely to create a memory leak. Stack trace of thread:
 java.base/java.lang.Object.wait0(Native Method)
 java.base/java.lang.Object.wait(Object.java:389)
 java.base/java.lang.ref.ReferenceQueue.remove0(ReferenceQueue.java:123)
 java.base/java.lang.ref.ReferenceQueue.remove(ReferenceQueue.java:201)
 com.mysql.cj.jdbc.AbandonedConnectionCleanupThread.run(AbandonedConnectionCleanupThread.java:91)
 java.base/java.util.concurrent.ThreadPoolExecutor.runWorker(ThreadPoolExecutor.java:1090)
 java.base/java.util.concurrent.ThreadPoolExecutor$Worker.run(ThreadPoolExecutor.java:614)
 java.base/java.lang.Thread.run(Thread.java:1474)
27-May-2026 10:33:53.600 INFO [Thread-1] org.apache.coyote.AbstractProtocol.stop Stopping ProtocolHandler ["http-nio-8080"]
27-May-2026 10:33:53.614 INFO [Thread-1] org.apache.coyote.AbstractProtocol.destroy Destroying ProtocolHandler ["http-nio-8080"]
27-May-2026 10:33:56.756 INFO [main] org.apache.catalina.startup.VersionLoggerListener.log Nombre de la versión del servidor: Apache Tomcat/9.0.117
27-May-2026 10:33:56.763 INFO [main] org.apache.catalina.startup.VersionLoggerListener.log Server built:                      Mar 30 2026 18:21:16 UTC
27-May-2026 10:33:56.764 INFO [main] org.apache.catalina.startup.VersionLoggerListener.log Número de versión de servidor:     9.0.117.0
27-May-2026 10:33:56.764 INFO [main] org.apache.catalina.startup.VersionLoggerListener.log OS Name:                           Windows 11
27-May-2026 10:33:56.765 INFO [main] org.apache.catalina.startup.VersionLoggerListener.log Versión de Systema Operativo:      10.0
27-May-2026 10:33:56.765 INFO [main] org.apache.catalina.startup.VersionLoggerListener.log Arquitectura:                      amd64
27-May-2026 10:33:56.765 INFO [main] org.apache.catalina.startup.VersionLoggerListener.log Java Home:                         C:\Users\Juanm\.jdks\openjdk-25.0.2
27-May-2026 10:33:56.766 INFO [main] org.apache.catalina.startup.VersionLoggerListener.log JVM Version:                       25.0.2+10-69
27-May-2026 10:33:56.766 INFO [main] org.apache.catalina.startup.VersionLoggerListener.log Vededor JVM:                       Oracle Corporation
27-May-2026 10:33:56.766 INFO [main] org.apache.catalina.startup.VersionLoggerListener.log CATALINA_BASE:                     C:\Users\Juanm\IdeaProjects\eventosProyecto\webapps
27-May-2026 10:33:56.766 INFO [main] org.apache.catalina.startup.VersionLoggerListener.log CATALINA_HOME:                     C:\apache-tomcat-9.0.117
27-May-2026 10:33:56.784 INFO [main] org.apache.catalina.startup.VersionLoggerListener.log Command line argument:             --add-opens=java.base/java.lang=ALL-UNNAMED
27-May-2026 10:33:56.784 INFO [main] org.apache.catalina.startup.VersionLoggerListener.log Command line argument:             --add-opens=java.base/java.io=ALL-UNNAMED
27-May-2026 10:33:56.784 INFO [main] org.apache.catalina.startup.VersionLoggerListener.log Command line argument:             --add-opens=java.base/java.util=ALL-UNNAMED
27-May-2026 10:33:56.785 INFO [main] org.apache.catalina.startup.VersionLoggerListener.log Command line argument:             --add-opens=java.base/java.util.concurrent=ALL-UNNAMED
27-May-2026 10:33:56.785 INFO [main] org.apache.catalina.startup.VersionLoggerListener.log Command line argument:             --add-opens=java.rmi/sun.rmi.transport=ALL-UNNAMED
27-May-2026 10:33:56.785 INFO [main] org.apache.catalina.startup.VersionLoggerListener.log Command line argument:             -Dcatalina.home=C:\apache-tomcat-9.0.117
27-May-2026 10:33:56.785 INFO [main] org.apache.catalina.startup.VersionLoggerListener.log Command line argument:             -Dcatalina.base=C:\Users\Juanm\IdeaProjects\eventosProyecto\webapps
27-May-2026 10:33:56.785 INFO [main] org.apache.catalina.startup.VersionLoggerListener.log Command line argument:             -Djava.io.tmpdir=C:\Users\Juanm\IdeaProjects\eventosProyecto\webapps\temp
27-May-2026 10:33:56.786 INFO [main] org.apache.catalina.startup.VersionLoggerListener.log Command line argument:             -Djava.util.logging.config.file=C:\Users\Juanm\IdeaProjects\eventosProyecto\webapps\conf\logging.properties
27-May-2026 10:33:56.787 INFO [main] org.apache.catalina.startup.VersionLoggerListener.log Command line argument:             -Djava.util.logging.manager=org.apache.juli.ClassLoaderLogManager
27-May-2026 10:33:56.787 INFO [main] org.apache.catalina.startup.VersionLoggerListener.log Command line argument:             -javaagent:C:\Program Files\JetBrains\IntelliJ IDEA 2025.3\lib\idea_rt.jar=50362
27-May-2026 10:33:56.787 INFO [main] org.apache.catalina.startup.VersionLoggerListener.log Command line argument:             -Dfile.encoding=UTF-8
27-May-2026 10:33:56.787 INFO [main] org.apache.catalina.startup.VersionLoggerListener.log Command line argument:             -Dsun.stdout.encoding=UTF-8
27-May-2026 10:33:56.788 INFO [main] org.apache.catalina.startup.VersionLoggerListener.log Command line argument:             -Dsun.stderr.encoding=UTF-8
27-May-2026 10:33:56.798 INFO [main] org.apache.catalina.core.AprLifecycleListener.lifecycleEvent Cargada la biblioteca nativa APR de Apache Tomcat [1.3.7] con la versión APR [1.7.6].
27-May-2026 10:33:56.798 INFO [main] org.apache.catalina.core.AprLifecycleListener.lifecycleEvent Capacidades APR: IPv6 [true], enviar fichero [true], aceptar filtros [false], aleatorio [true], UDS [true].
27-May-2026 10:33:56.798 INFO [main] org.apache.catalina.core.AprLifecycleListener.lifecycleEvent APR/OpenSSL configuration: useAprConnector [false], useOpenSSL [true]
27-May-2026 10:33:56.813 INFO [main] org.apache.catalina.core.AprLifecycleListener.initializeSSL OpenSSL inicializado correctamente [OpenSSL 3.0.19 27 Jan 2026]
27-May-2026 10:33:57.580 INFO [main] org.apache.coyote.AbstractProtocol.init Inicializando el manejador de protocolo ["http-nio-8080"]

27-May-2026 10:33:57.634 INFO [main] org.apache.catalina.startup.Catalina.load Server initialization in [1498] milliseconds
27-May-2026 10:33:57.750 INFO [main] org.apache.catalina.core.StandardService.startInternal Arrancando servicio [Catalina]
27-May-2026 10:33:57.750 INFO [main] org.apache.catalina.core.StandardEngine.startInternal Starting Servlet engine: [Apache Tomcat/9.0.117]
27-May-2026 10:33:57.768 INFO [main] org.apache.catalina.startup.HostConfig.deployDescriptor Desplieque del descriptor de configuración [C:\Users\Juanm\IdeaProjects\eventosProyecto\webapps\conf\Catalina\localhost\eventosProyecto.xml]
27-May-2026 10:34:00.791 INFO [main] org.apache.jasper.servlet.TldScanner.scanJars Al menos un JAR, que se ha explorado buscando TLDs, aún no contenía TLDs. Activar historial de depuración para este historiador para una completa lista de los JARs que fueron explorados y de los que nos se halló TLDs. Saltarse JARs no necesarios durante la exploración puede dar lugar a una mejora de tiempo significativa en el arranque y compilación de JSP .
27-May-2026 10:34:01.032 INFO [main] org.apache.catalina.startup.HostConfig.deployDescriptor Deployment of deployment descriptor [C:\Users\Juanm\IdeaProjects\eventosProyecto\webapps\conf\Catalina\localhost\eventosProyecto.xml] has finished in [3.249] ms
27-May-2026 10:34:01.041 INFO [main] org.apache.coyote.AbstractProtocol.start Starting ProtocolHandler ["http-nio-8080"]
27-May-2026 10:34:01.095 INFO [main] org.apache.catalina.startup.Catalina.start Server startup in [3457] milliseconds
27-May-2026 10:35:54.904 INFO [Thread-1] org.apache.coyote.AbstractProtocol.pause Pausing ProtocolHandler ["http-nio-8080"]
27-May-2026 10:35:54.930 INFO [Thread-1] org.apache.catalina.core.StandardService.stopInternal Parando servicio [Catalina]
27-May-2026 10:35:54.946 WARNING [Thread-1] org.apache.catalina.loader.WebappClassLoaderBase.clearReferencesJdbc La aplicación web [eventosProyecto] registró el conductor JDBC [com.mysql.cj.jdbc.Driver] pero falló al anular el registro mientras la aplicación web estaba parada. Para prevenir un fallo de memoria, se ha anulado el registro del conductor JDBC por la fuerza.
27-May-2026 10:35:54.947 WARNING [Thread-1] org.apache.catalina.loader.WebappClassLoaderBase.clearReferencesThreads The web application [eventosProyecto] appears to have started a thread named [mysql-cj-abandoned-connection-cleanup] but has failed to stop it. This is very likely to create a memory leak. Stack trace of thread:
 java.base/java.lang.Object.wait0(Native Method)
 java.base/java.lang.Object.wait(Object.java:389)
 java.base/java.lang.ref.ReferenceQueue.remove0(ReferenceQueue.java:123)
 java.base/java.lang.ref.ReferenceQueue.remove(ReferenceQueue.java:201)
 com.mysql.cj.jdbc.AbandonedConnectionCleanupThread.run(AbandonedConnectionCleanupThread.java:91)
 java.base/java.util.concurrent.ThreadPoolExecutor.runWorker(ThreadPoolExecutor.java:1090)
 java.base/java.util.concurrent.ThreadPoolExecutor$Worker.run(ThreadPoolExecutor.java:614)
 java.base/java.lang.Thread.run(Thread.java:1474)
27-May-2026 10:35:54.959 INFO [Thread-1] org.apache.coyote.AbstractProtocol.stop Stopping ProtocolHandler ["http-nio-8080"]
27-May-2026 10:35:54.965 INFO [Thread-1] org.apache.coyote.AbstractProtocol.destroy Destroying ProtocolHandler ["http-nio-8080"]
27-May-2026 10:35:58.537 INFO [main] org.apache.catalina.startup.VersionLoggerListener.log Nombre de la versión del servidor: Apache Tomcat/9.0.117
27-May-2026 10:35:58.543 INFO [main] org.apache.catalina.startup.VersionLoggerListener.log Server built:                      Mar 30 2026 18:21:16 UTC
27-May-2026 10:35:58.544 INFO [main] org.apache.catalina.startup.VersionLoggerListener.log Número de versión de servidor:     9.0.117.0
27-May-2026 10:35:58.544 INFO [main] org.apache.catalina.startup.VersionLoggerListener.log OS Name:                           Windows 11
27-May-2026 10:35:58.544 INFO [main] org.apache.catalina.startup.VersionLoggerListener.log Versión de Systema Operativo:      10.0
27-May-2026 10:35:58.545 INFO [main] org.apache.catalina.startup.VersionLoggerListener.log Arquitectura:                      amd64
27-May-2026 10:35:58.545 INFO [main] org.apache.catalina.startup.VersionLoggerListener.log Java Home:                         C:\Users\Juanm\.jdks\openjdk-25.0.2
27-May-2026 10:35:58.545 INFO [main] org.apache.catalina.startup.VersionLoggerListener.log JVM Version:                       25.0.2+10-69
27-May-2026 10:35:58.545 INFO [main] org.apache.catalina.startup.VersionLoggerListener.log Vededor JVM:                       Oracle Corporation
27-May-2026 10:35:58.546 INFO [main] org.apache.catalina.startup.VersionLoggerListener.log CATALINA_BASE:                     C:\Users\Juanm\IdeaProjects\eventosProyecto\webapps
27-May-2026 10:35:58.546 INFO [main] org.apache.catalina.startup.VersionLoggerListener.log CATALINA_HOME:                     C:\apache-tomcat-9.0.117
27-May-2026 10:35:58.564 INFO [main] org.apache.catalina.startup.VersionLoggerListener.log Command line argument:             --add-opens=java.base/java.lang=ALL-UNNAMED
27-May-2026 10:35:58.565 INFO [main] org.apache.catalina.startup.VersionLoggerListener.log Command line argument:             --add-opens=java.base/java.io=ALL-UNNAMED
27-May-2026 10:35:58.565 INFO [main] org.apache.catalina.startup.VersionLoggerListener.log Command line argument:             --add-opens=java.base/java.util=ALL-UNNAMED
27-May-2026 10:35:58.565 INFO [main] org.apache.catalina.startup.VersionLoggerListener.log Command line argument:             --add-opens=java.base/java.util.concurrent=ALL-UNNAMED
27-May-2026 10:35:58.565 INFO [main] org.apache.catalina.startup.VersionLoggerListener.log Command line argument:             --add-opens=java.rmi/sun.rmi.transport=ALL-UNNAMED
27-May-2026 10:35:58.565 INFO [main] org.apache.catalina.startup.VersionLoggerListener.log Command line argument:             -Dcatalina.home=C:\apache-tomcat-9.0.117
27-May-2026 10:35:58.566 INFO [main] org.apache.catalina.startup.VersionLoggerListener.log Command line argument:             -Dcatalina.base=C:\Users\Juanm\IdeaProjects\eventosProyecto\webapps
27-May-2026 10:35:58.566 INFO [main] org.apache.catalina.startup.VersionLoggerListener.log Command line argument:             -Djava.io.tmpdir=C:\Users\Juanm\IdeaProjects\eventosProyecto\webapps\temp
27-May-2026 10:35:58.566 INFO [main] org.apache.catalina.startup.VersionLoggerListener.log Command line argument:             -Djava.util.logging.config.file=C:\Users\Juanm\IdeaProjects\eventosProyecto\webapps\conf\logging.properties
27-May-2026 10:35:58.566 INFO [main] org.apache.catalina.startup.VersionLoggerListener.log Command line argument:             -Djava.util.logging.manager=org.apache.juli.ClassLoaderLogManager
27-May-2026 10:35:58.566 INFO [main] org.apache.catalina.startup.VersionLoggerListener.log Command line argument:             -javaagent:C:\Program Files\JetBrains\IntelliJ IDEA 2025.3\lib\idea_rt.jar=65102
27-May-2026 10:35:58.567 INFO [main] org.apache.catalina.startup.VersionLoggerListener.log Command line argument:             -Dfile.encoding=UTF-8
27-May-2026 10:35:58.567 INFO [main] org.apache.catalina.startup.VersionLoggerListener.log Command line argument:             -Dsun.stdout.encoding=UTF-8
27-May-2026 10:35:58.567 INFO [main] org.apache.catalina.startup.VersionLoggerListener.log Command line argument:             -Dsun.stderr.encoding=UTF-8
27-May-2026 10:35:58.578 INFO [main] org.apache.catalina.core.AprLifecycleListener.lifecycleEvent Cargada la biblioteca nativa APR de Apache Tomcat [1.3.7] con la versión APR [1.7.6].
27-May-2026 10:35:58.578 INFO [main] org.apache.catalina.core.AprLifecycleListener.lifecycleEvent Capacidades APR: IPv6 [true], enviar fichero [true], aceptar filtros [false], aleatorio [true], UDS [true].
27-May-2026 10:35:58.578 INFO [main] org.apache.catalina.core.AprLifecycleListener.lifecycleEvent APR/OpenSSL configuration: useAprConnector [false], useOpenSSL [true]
27-May-2026 10:35:58.592 INFO [main] org.apache.catalina.core.AprLifecycleListener.initializeSSL OpenSSL inicializado correctamente [OpenSSL 3.0.19 27 Jan 2026]
27-May-2026 10:35:59.273 INFO [main] org.apache.coyote.AbstractProtocol.init Inicializando el manejador de protocolo ["http-nio-8080"]

27-May-2026 10:35:59.314 INFO [main] org.apache.catalina.startup.Catalina.load Server initialization in [1452] milliseconds
27-May-2026 10:35:59.443 INFO [main] org.apache.catalina.core.StandardService.startInternal Arrancando servicio [Catalina]
27-May-2026 10:35:59.444 INFO [main] org.apache.catalina.core.StandardEngine.startInternal Starting Servlet engine: [Apache Tomcat/9.0.117]
27-May-2026 10:35:59.478 INFO [main] org.apache.catalina.startup.HostConfig.deployDescriptor Desplieque del descriptor de configuración [C:\Users\Juanm\IdeaProjects\eventosProyecto\webapps\conf\Catalina\localhost\eventosProyecto.xml]
27-May-2026 10:36:02.439 INFO [main] org.apache.jasper.servlet.TldScanner.scanJars Al menos un JAR, que se ha explorado buscando TLDs, aún no contenía TLDs. Activar historial de depuración para este historiador para una completa lista de los JARs que fueron explorados y de los que nos se halló TLDs. Saltarse JARs no necesarios durante la exploración puede dar lugar a una mejora de tiempo significativa en el arranque y compilación de JSP .
27-May-2026 10:36:02.665 INFO [main] org.apache.catalina.startup.HostConfig.deployDescriptor Deployment of deployment descriptor [C:\Users\Juanm\IdeaProjects\eventosProyecto\webapps\conf\Catalina\localhost\eventosProyecto.xml] has finished in [3.176] ms
27-May-2026 10:36:02.673 INFO [main] org.apache.coyote.AbstractProtocol.start Starting ProtocolHandler ["http-nio-8080"]
27-May-2026 10:36:02.718 INFO [main] org.apache.catalina.startup.Catalina.start Server startup in [3400] milliseconds
27-May-2026 10:37:41.357 INFO [Thread-1] org.apache.coyote.AbstractProtocol.pause Pausing ProtocolHandler ["http-nio-8080"]
27-May-2026 10:37:41.396 INFO [Thread-1] org.apache.catalina.core.StandardService.stopInternal Parando servicio [Catalina]
27-May-2026 10:37:41.440 WARNING [Thread-1] org.apache.catalina.loader.WebappClassLoaderBase.clearReferencesJdbc La aplicación web [eventosProyecto] registró el conductor JDBC [com.mysql.cj.jdbc.Driver] pero falló al anular el registro mientras la aplicación web estaba parada. Para prevenir un fallo de memoria, se ha anulado el registro del conductor JDBC por la fuerza.
27-May-2026 10:37:41.441 WARNING [Thread-1] org.apache.catalina.loader.WebappClassLoaderBase.clearReferencesThreads The web application [eventosProyecto] appears to have started a thread named [mysql-cj-abandoned-connection-cleanup] but has failed to stop it. This is very likely to create a memory leak. Stack trace of thread:
 java.base/java.lang.Object.wait0(Native Method)
 java.base/java.lang.Object.wait(Object.java:389)
 java.base/java.lang.ref.ReferenceQueue.remove0(ReferenceQueue.java:123)
 java.base/java.lang.ref.ReferenceQueue.remove(ReferenceQueue.java:201)
 com.mysql.cj.jdbc.AbandonedConnectionCleanupThread.run(AbandonedConnectionCleanupThread.java:91)
 java.base/java.util.concurrent.ThreadPoolExecutor.runWorker(ThreadPoolExecutor.java:1090)
 java.base/java.util.concurrent.ThreadPoolExecutor$Worker.run(ThreadPoolExecutor.java:614)
 java.base/java.lang.Thread.run(Thread.java:1474)
27-May-2026 10:37:41.467 INFO [Thread-1] org.apache.coyote.AbstractProtocol.stop Stopping ProtocolHandler ["http-nio-8080"]
27-May-2026 10:37:41.480 INFO [Thread-1] org.apache.coyote.AbstractProtocol.destroy Destroying ProtocolHandler ["http-nio-8080"]
27-May-2026 10:37:41.541 INFO [mysql-cj-abandoned-connection-cleanup] org.apache.catalina.loader.WebappClassLoaderBase.checkStateForResourceLoading Acceso ilegal: esta instancia de aplicación web ya ha sido parada.  Could not load [].  La eventual traza de pila que sigue ha sido motivada por un error lanzado con motivos de depuración así como para intentar terminar el hilo que motivó el acceso ilegal y no tiene impacto funcional.
	java.lang.IllegalStateException: Acceso ilegal: esta instancia de aplicación web ya ha sido parada.  Could not load [].  La eventual traza de pila que sigue ha sido motivada por un error lanzado con motivos de depuración así como para intentar terminar el hilo que motivó el acceso ilegal y no tiene impacto funcional.
		at org.apache.catalina.loader.WebappClassLoaderBase.checkStateForResourceLoading(WebappClassLoaderBase.java:1370)
		at org.apache.catalina.loader.WebappClassLoaderBase.getResource(WebappClassLoaderBase.java:994)
		at com.mysql.cj.jdbc.AbandonedConnectionCleanupThread.checkThreadContextClassLoader(AbandonedConnectionCleanupThread.java:123)
		at com.mysql.cj.jdbc.AbandonedConnectionCleanupThread.run(AbandonedConnectionCleanupThread.java:90)
		at java.base/java.util.concurrent.ThreadPoolExecutor.runWorker(ThreadPoolExecutor.java:1090)
		at java.base/java.util.concurrent.ThreadPoolExecutor$Worker.run(ThreadPoolExecutor.java:614)
		at java.base/java.lang.Thread.run(Thread.java:1474)
27-May-2026 10:37:41.543 INFO [mysql-cj-abandoned-connection-cleanup] org.apache.catalina.loader.WebappClassLoaderBase.checkStateForResourceLoading Acceso ilegal: esta instancia de aplicación web ya ha sido parada.  Could not load [].  La eventual traza de pila que sigue ha sido motivada por un error lanzado con motivos de depuración así como para intentar terminar el hilo que motivó el acceso ilegal y no tiene impacto funcional.
	java.lang.IllegalStateException: Acceso ilegal: esta instancia de aplicación web ya ha sido parada.  Could not load [].  La eventual traza de pila que sigue ha sido motivada por un error lanzado con motivos de depuración así como para intentar terminar el hilo que motivó el acceso ilegal y no tiene impacto funcional.
		at org.apache.catalina.loader.WebappClassLoaderBase.checkStateForResourceLoading(WebappClassLoaderBase.java:1370)
		at org.apache.catalina.loader.WebappClassLoaderBase.getResource(WebappClassLoaderBase.java:994)
		at com.mysql.cj.jdbc.AbandonedConnectionCleanupThread.checkThreadContextClassLoader(AbandonedConnectionCleanupThread.java:123)
		at com.mysql.cj.jdbc.AbandonedConnectionCleanupThread.run(AbandonedConnectionCleanupThread.java:90)
		at java.base/java.util.concurrent.ThreadPoolExecutor.runWorker(ThreadPoolExecutor.java:1090)
		at java.base/java.util.concurrent.ThreadPoolExecutor$Worker.run(ThreadPoolExecutor.java:614)
		at java.base/java.lang.Thread.run(Thread.java:1474)
27-May-2026 10:37:48.645 INFO [main] org.apache.catalina.startup.VersionLoggerListener.log Nombre de la versión del servidor: Apache Tomcat/9.0.117
27-May-2026 10:37:48.652 INFO [main] org.apache.catalina.startup.VersionLoggerListener.log Server built:                      Mar 30 2026 18:21:16 UTC
27-May-2026 10:37:48.653 INFO [main] org.apache.catalina.startup.VersionLoggerListener.log Número de versión de servidor:     9.0.117.0
27-May-2026 10:37:48.653 INFO [main] org.apache.catalina.startup.VersionLoggerListener.log OS Name:                           Windows 11
27-May-2026 10:37:48.653 INFO [main] org.apache.catalina.startup.VersionLoggerListener.log Versión de Systema Operativo:      10.0
27-May-2026 10:37:48.654 INFO [main] org.apache.catalina.startup.VersionLoggerListener.log Arquitectura:                      amd64
27-May-2026 10:37:48.654 INFO [main] org.apache.catalina.startup.VersionLoggerListener.log Java Home:                         C:\Users\Juanm\.jdks\openjdk-25.0.2
27-May-2026 10:37:48.654 INFO [main] org.apache.catalina.startup.VersionLoggerListener.log JVM Version:                       25.0.2+10-69
27-May-2026 10:37:48.654 INFO [main] org.apache.catalina.startup.VersionLoggerListener.log Vededor JVM:                       Oracle Corporation
27-May-2026 10:37:48.654 INFO [main] org.apache.catalina.startup.VersionLoggerListener.log CATALINA_BASE:                     C:\Users\Juanm\IdeaProjects\eventosProyecto\webapps
27-May-2026 10:37:48.655 INFO [main] org.apache.catalina.startup.VersionLoggerListener.log CATALINA_HOME:                     C:\apache-tomcat-9.0.117
27-May-2026 10:37:48.674 INFO [main] org.apache.catalina.startup.VersionLoggerListener.log Command line argument:             --add-opens=java.base/java.lang=ALL-UNNAMED
27-May-2026 10:37:48.675 INFO [main] org.apache.catalina.startup.VersionLoggerListener.log Command line argument:             --add-opens=java.base/java.io=ALL-UNNAMED
27-May-2026 10:37:48.675 INFO [main] org.apache.catalina.startup.VersionLoggerListener.log Command line argument:             --add-opens=java.base/java.util=ALL-UNNAMED
27-May-2026 10:37:48.675 INFO [main] org.apache.catalina.startup.VersionLoggerListener.log Command line argument:             --add-opens=java.base/java.util.concurrent=ALL-UNNAMED
27-May-2026 10:37:48.675 INFO [main] org.apache.catalina.startup.VersionLoggerListener.log Command line argument:             --add-opens=java.rmi/sun.rmi.transport=ALL-UNNAMED
27-May-2026 10:37:48.676 INFO [main] org.apache.catalina.startup.VersionLoggerListener.log Command line argument:             -Dcatalina.home=C:\apache-tomcat-9.0.117
27-May-2026 10:37:48.676 INFO [main] org.apache.catalina.startup.VersionLoggerListener.log Command line argument:             -Dcatalina.base=C:\Users\Juanm\IdeaProjects\eventosProyecto\webapps
27-May-2026 10:37:48.676 INFO [main] org.apache.catalina.startup.VersionLoggerListener.log Command line argument:             -Djava.io.tmpdir=C:\Users\Juanm\IdeaProjects\eventosProyecto\webapps\temp
27-May-2026 10:37:48.676 INFO [main] org.apache.catalina.startup.VersionLoggerListener.log Command line argument:             -Djava.util.logging.config.file=C:\Users\Juanm\IdeaProjects\eventosProyecto\webapps\conf\logging.properties
27-May-2026 10:37:48.677 INFO [main] org.apache.catalina.startup.VersionLoggerListener.log Command line argument:             -Djava.util.logging.manager=org.apache.juli.ClassLoaderLogManager
27-May-2026 10:37:48.677 INFO [main] org.apache.catalina.startup.VersionLoggerListener.log Command line argument:             -javaagent:C:\Program Files\JetBrains\IntelliJ IDEA 2025.3\lib\idea_rt.jar=51056
27-May-2026 10:37:48.677 INFO [main] org.apache.catalina.startup.VersionLoggerListener.log Command line argument:             -Dfile.encoding=UTF-8
27-May-2026 10:37:48.677 INFO [main] org.apache.catalina.startup.VersionLoggerListener.log Command line argument:             -Dsun.stdout.encoding=UTF-8
27-May-2026 10:37:48.677 INFO [main] org.apache.catalina.startup.VersionLoggerListener.log Command line argument:             -Dsun.stderr.encoding=UTF-8
27-May-2026 10:37:48.692 INFO [main] org.apache.catalina.core.AprLifecycleListener.lifecycleEvent Cargada la biblioteca nativa APR de Apache Tomcat [1.3.7] con la versión APR [1.7.6].
27-May-2026 10:37:48.693 INFO [main] org.apache.catalina.core.AprLifecycleListener.lifecycleEvent Capacidades APR: IPv6 [true], enviar fichero [true], aceptar filtros [false], aleatorio [true], UDS [true].
27-May-2026 10:37:48.693 INFO [main] org.apache.catalina.core.AprLifecycleListener.lifecycleEvent APR/OpenSSL configuration: useAprConnector [false], useOpenSSL [true]
27-May-2026 10:37:48.730 INFO [main] org.apache.catalina.core.AprLifecycleListener.initializeSSL OpenSSL inicializado correctamente [OpenSSL 3.0.19 27 Jan 2026]
27-May-2026 10:37:49.828 INFO [main] org.apache.coyote.AbstractProtocol.init Inicializando el manejador de protocolo ["http-nio-8080"]

27-May-2026 10:37:49.892 INFO [main] org.apache.catalina.startup.Catalina.load Server initialization in [2322] milliseconds
27-May-2026 10:37:50.059 INFO [main] org.apache.catalina.core.StandardService.startInternal Arrancando servicio [Catalina]
27-May-2026 10:37:50.059 INFO [main] org.apache.catalina.core.StandardEngine.startInternal Starting Servlet engine: [Apache Tomcat/9.0.117]
27-May-2026 10:37:50.092 INFO [main] org.apache.catalina.startup.HostConfig.deployDescriptor Desplieque del descriptor de configuración [C:\Users\Juanm\IdeaProjects\eventosProyecto\webapps\conf\Catalina\localhost\eventosProyecto.xml]
27-May-2026 10:37:54.324 INFO [main] org.apache.jasper.servlet.TldScanner.scanJars Al menos un JAR, que se ha explorado buscando TLDs, aún no contenía TLDs. Activar historial de depuración para este historiador para una completa lista de los JARs que fueron explorados y de los que nos se halló TLDs. Saltarse JARs no necesarios durante la exploración puede dar lugar a una mejora de tiempo significativa en el arranque y compilación de JSP .
27-May-2026 10:37:54.619 INFO [main] org.apache.catalina.startup.HostConfig.deployDescriptor Deployment of deployment descriptor [C:\Users\Juanm\IdeaProjects\eventosProyecto\webapps\conf\Catalina\localhost\eventosProyecto.xml] has finished in [4.514] ms
27-May-2026 10:37:54.625 INFO [main] org.apache.coyote.AbstractProtocol.start Starting ProtocolHandler ["http-nio-8080"]
27-May-2026 10:37:54.668 INFO [main] org.apache.catalina.startup.Catalina.start Server startup in [4771] milliseconds
27-May-2026 10:40:23.573 INFO [Thread-1] org.apache.coyote.AbstractProtocol.pause Pausing ProtocolHandler ["http-nio-8080"]
27-May-2026 10:40:23.685 INFO [Thread-1] org.apache.catalina.core.StandardService.stopInternal Parando servicio [Catalina]
27-May-2026 10:40:23.769 WARNING [Thread-1] org.apache.catalina.loader.WebappClassLoaderBase.clearReferencesJdbc La aplicación web [eventosProyecto] registró el conductor JDBC [com.mysql.cj.jdbc.Driver] pero falló al anular el registro mientras la aplicación web estaba parada. Para prevenir un fallo de memoria, se ha anulado el registro del conductor JDBC por la fuerza.
27-May-2026 10:40:23.775 WARNING [Thread-1] org.apache.catalina.loader.WebappClassLoaderBase.clearReferencesThreads The web application [eventosProyecto] appears to have started a thread named [mysql-cj-abandoned-connection-cleanup] but has failed to stop it. This is very likely to create a memory leak. Stack trace of thread:
 java.base/java.lang.Object.wait0(Native Method)
 java.base/java.lang.Object.wait(Object.java:389)
 java.base/java.lang.ref.ReferenceQueue.remove0(ReferenceQueue.java:123)
 java.base/java.lang.ref.ReferenceQueue.remove(ReferenceQueue.java:201)
 com.mysql.cj.jdbc.AbandonedConnectionCleanupThread.run(AbandonedConnectionCleanupThread.java:91)
 java.base/java.util.concurrent.ThreadPoolExecutor.runWorker(ThreadPoolExecutor.java:1090)
 java.base/java.util.concurrent.ThreadPoolExecutor$Worker.run(ThreadPoolExecutor.java:614)
 java.base/java.lang.Thread.run(Thread.java:1474)
27-May-2026 10:40:23.834 INFO [Thread-1] org.apache.coyote.AbstractProtocol.stop Stopping ProtocolHandler ["http-nio-8080"]
27-May-2026 10:40:23.856 INFO [Thread-1] org.apache.coyote.AbstractProtocol.destroy Destroying ProtocolHandler ["http-nio-8080"]
27-May-2026 10:40:28.845 INFO [main] org.apache.catalina.startup.VersionLoggerListener.log Nombre de la versión del servidor: Apache Tomcat/9.0.117
27-May-2026 10:40:28.852 INFO [main] org.apache.catalina.startup.VersionLoggerListener.log Server built:                      Mar 30 2026 18:21:16 UTC
27-May-2026 10:40:28.853 INFO [main] org.apache.catalina.startup.VersionLoggerListener.log Número de versión de servidor:     9.0.117.0
27-May-2026 10:40:28.854 INFO [main] org.apache.catalina.startup.VersionLoggerListener.log OS Name:                           Windows 11
27-May-2026 10:40:28.854 INFO [main] org.apache.catalina.startup.VersionLoggerListener.log Versión de Systema Operativo:      10.0
27-May-2026 10:40:28.855 INFO [main] org.apache.catalina.startup.VersionLoggerListener.log Arquitectura:                      amd64
27-May-2026 10:40:28.855 INFO [main] org.apache.catalina.startup.VersionLoggerListener.log Java Home:                         C:\Users\Juanm\.jdks\openjdk-25.0.2
27-May-2026 10:40:28.855 INFO [main] org.apache.catalina.startup.VersionLoggerListener.log JVM Version:                       25.0.2+10-69
27-May-2026 10:40:28.856 INFO [main] org.apache.catalina.startup.VersionLoggerListener.log Vededor JVM:                       Oracle Corporation
27-May-2026 10:40:28.856 INFO [main] org.apache.catalina.startup.VersionLoggerListener.log CATALINA_BASE:                     C:\Users\Juanm\IdeaProjects\eventosProyecto\webapps
27-May-2026 10:40:28.857 INFO [main] org.apache.catalina.startup.VersionLoggerListener.log CATALINA_HOME:                     C:\apache-tomcat-9.0.117
27-May-2026 10:40:28.877 INFO [main] org.apache.catalina.startup.VersionLoggerListener.log Command line argument:             --add-opens=java.base/java.lang=ALL-UNNAMED
27-May-2026 10:40:28.877 INFO [main] org.apache.catalina.startup.VersionLoggerListener.log Command line argument:             --add-opens=java.base/java.io=ALL-UNNAMED
27-May-2026 10:40:28.878 INFO [main] org.apache.catalina.startup.VersionLoggerListener.log Command line argument:             --add-opens=java.base/java.util=ALL-UNNAMED
27-May-2026 10:40:28.878 INFO [main] org.apache.catalina.startup.VersionLoggerListener.log Command line argument:             --add-opens=java.base/java.util.concurrent=ALL-UNNAMED
27-May-2026 10:40:28.878 INFO [main] org.apache.catalina.startup.VersionLoggerListener.log Command line argument:             --add-opens=java.rmi/sun.rmi.transport=ALL-UNNAMED
27-May-2026 10:40:28.878 INFO [main] org.apache.catalina.startup.VersionLoggerListener.log Command line argument:             -Dcatalina.home=C:\apache-tomcat-9.0.117
27-May-2026 10:40:28.878 INFO [main] org.apache.catalina.startup.VersionLoggerListener.log Command line argument:             -Dcatalina.base=C:\Users\Juanm\IdeaProjects\eventosProyecto\webapps
27-May-2026 10:40:28.879 INFO [main] org.apache.catalina.startup.VersionLoggerListener.log Command line argument:             -Djava.io.tmpdir=C:\Users\Juanm\IdeaProjects\eventosProyecto\webapps\temp
27-May-2026 10:40:28.879 INFO [main] org.apache.catalina.startup.VersionLoggerListener.log Command line argument:             -Djava.util.logging.config.file=C:\Users\Juanm\IdeaProjects\eventosProyecto\webapps\conf\logging.properties
27-May-2026 10:40:28.879 INFO [main] org.apache.catalina.startup.VersionLoggerListener.log Command line argument:             -Djava.util.logging.manager=org.apache.juli.ClassLoaderLogManager
27-May-2026 10:40:28.879 INFO [main] org.apache.catalina.startup.VersionLoggerListener.log Command line argument:             -javaagent:C:\Program Files\JetBrains\IntelliJ IDEA 2025.3\lib\idea_rt.jar=50577
27-May-2026 10:40:28.879 INFO [main] org.apache.catalina.startup.VersionLoggerListener.log Command line argument:             -Dfile.encoding=UTF-8
27-May-2026 10:40:28.879 INFO [main] org.apache.catalina.startup.VersionLoggerListener.log Command line argument:             -Dsun.stdout.encoding=UTF-8
27-May-2026 10:40:28.880 INFO [main] org.apache.catalina.startup.VersionLoggerListener.log Command line argument:             -Dsun.stderr.encoding=UTF-8
27-May-2026 10:40:28.893 INFO [main] org.apache.catalina.core.AprLifecycleListener.lifecycleEvent Cargada la biblioteca nativa APR de Apache Tomcat [1.3.7] con la versión APR [1.7.6].
27-May-2026 10:40:28.893 INFO [main] org.apache.catalina.core.AprLifecycleListener.lifecycleEvent Capacidades APR: IPv6 [true], enviar fichero [true], aceptar filtros [false], aleatorio [true], UDS [true].
27-May-2026 10:40:28.893 INFO [main] org.apache.catalina.core.AprLifecycleListener.lifecycleEvent APR/OpenSSL configuration: useAprConnector [false], useOpenSSL [true]
27-May-2026 10:40:28.922 INFO [main] org.apache.catalina.core.AprLifecycleListener.initializeSSL OpenSSL inicializado correctamente [OpenSSL 3.0.19 27 Jan 2026]
27-May-2026 10:40:29.907 INFO [main] org.apache.coyote.AbstractProtocol.init Inicializando el manejador de protocolo ["http-nio-8080"]

27-May-2026 10:40:29.965 INFO [main] org.apache.catalina.startup.Catalina.load Server initialization in [2061] milliseconds
27-May-2026 10:40:30.094 INFO [main] org.apache.catalina.core.StandardService.startInternal Arrancando servicio [Catalina]
27-May-2026 10:40:30.094 INFO [main] org.apache.catalina.core.StandardEngine.startInternal Starting Servlet engine: [Apache Tomcat/9.0.117]
27-May-2026 10:40:30.122 INFO [main] org.apache.catalina.startup.HostConfig.deployDescriptor Desplieque del descriptor de configuración [C:\Users\Juanm\IdeaProjects\eventosProyecto\webapps\conf\Catalina\localhost\eventosProyecto.xml]
27-May-2026 10:40:33.529 INFO [main] org.apache.jasper.servlet.TldScanner.scanJars Al menos un JAR, que se ha explorado buscando TLDs, aún no contenía TLDs. Activar historial de depuración para este historiador para una completa lista de los JARs que fueron explorados y de los que nos se halló TLDs. Saltarse JARs no necesarios durante la exploración puede dar lugar a una mejora de tiempo significativa en el arranque y compilación de JSP .
27-May-2026 10:40:33.833 INFO [main] org.apache.catalina.startup.HostConfig.deployDescriptor Deployment of deployment descriptor [C:\Users\Juanm\IdeaProjects\eventosProyecto\webapps\conf\Catalina\localhost\eventosProyecto.xml] has finished in [3.702] ms
27-May-2026 10:40:33.840 INFO [main] org.apache.coyote.AbstractProtocol.start Starting ProtocolHandler ["http-nio-8080"]
27-May-2026 10:40:33.878 INFO [main] org.apache.catalina.startup.Catalina.start Server startup in [3908] milliseconds
27-May-2026 10:43:29.611 INFO [Thread-1] org.apache.coyote.AbstractProtocol.pause Pausing ProtocolHandler ["http-nio-8080"]
27-May-2026 10:43:29.661 INFO [Thread-1] org.apache.catalina.core.StandardService.stopInternal Parando servicio [Catalina]
27-May-2026 10:43:29.695 WARNING [Thread-1] org.apache.catalina.loader.WebappClassLoaderBase.clearReferencesJdbc La aplicación web [eventosProyecto] registró el conductor JDBC [com.mysql.cj.jdbc.Driver] pero falló al anular el registro mientras la aplicación web estaba parada. Para prevenir un fallo de memoria, se ha anulado el registro del conductor JDBC por la fuerza.
27-May-2026 10:43:29.697 WARNING [Thread-1] org.apache.catalina.loader.WebappClassLoaderBase.clearReferencesThreads The web application [eventosProyecto] appears to have started a thread named [mysql-cj-abandoned-connection-cleanup] but has failed to stop it. This is very likely to create a memory leak. Stack trace of thread:
 java.base/java.lang.Object.wait0(Native Method)
 java.base/java.lang.Object.wait(Object.java:389)
 java.base/java.lang.ref.ReferenceQueue.remove0(ReferenceQueue.java:123)
 java.base/java.lang.ref.ReferenceQueue.remove(ReferenceQueue.java:201)
 com.mysql.cj.jdbc.AbandonedConnectionCleanupThread.run(AbandonedConnectionCleanupThread.java:91)
 java.base/java.util.concurrent.ThreadPoolExecutor.runWorker(ThreadPoolExecutor.java:1090)
 java.base/java.util.concurrent.ThreadPoolExecutor$Worker.run(ThreadPoolExecutor.java:614)
 java.base/java.lang.Thread.run(Thread.java:1474)
27-May-2026 10:43:29.721 INFO [Thread-1] org.apache.coyote.AbstractProtocol.stop Stopping ProtocolHandler ["http-nio-8080"]
27-May-2026 10:43:29.728 INFO [Thread-1] org.apache.coyote.AbstractProtocol.destroy Destroying ProtocolHandler ["http-nio-8080"]
27-May-2026 10:43:29.796 INFO [mysql-cj-abandoned-connection-cleanup] org.apache.catalina.loader.WebappClassLoaderBase.checkStateForResourceLoading Acceso ilegal: esta instancia de aplicación web ya ha sido parada.  Could not load [].  La eventual traza de pila que sigue ha sido motivada por un error lanzado con motivos de depuración así como para intentar terminar el hilo que motivó el acceso ilegal y no tiene impacto funcional.
	java.lang.IllegalStateException: Acceso ilegal: esta instancia de aplicación web ya ha sido parada.  Could not load [].  La eventual traza de pila que sigue ha sido motivada por un error lanzado con motivos de depuración así como para intentar terminar el hilo que motivó el acceso ilegal y no tiene impacto funcional.
		at org.apache.catalina.loader.WebappClassLoaderBase.checkStateForResourceLoading(WebappClassLoaderBase.java:1370)
		at org.apache.catalina.loader.WebappClassLoaderBase.getResource(WebappClassLoaderBase.java:994)
		at com.mysql.cj.jdbc.AbandonedConnectionCleanupThread.checkThreadContextClassLoader(AbandonedConnectionCleanupThread.java:123)
		at com.mysql.cj.jdbc.AbandonedConnectionCleanupThread.run(AbandonedConnectionCleanupThread.java:90)
		at java.base/java.util.concurrent.ThreadPoolExecutor.runWorker(ThreadPoolExecutor.java:1090)
		at java.base/java.util.concurrent.ThreadPoolExecutor$Worker.run(ThreadPoolExecutor.java:614)
		at java.base/java.lang.Thread.run(Thread.java:1474)
27-May-2026 10:43:33.055 INFO [main] org.apache.catalina.startup.VersionLoggerListener.log Nombre de la versión del servidor: Apache Tomcat/9.0.117
27-May-2026 10:43:33.062 INFO [main] org.apache.catalina.startup.VersionLoggerListener.log Server built:                      Mar 30 2026 18:21:16 UTC
27-May-2026 10:43:33.063 INFO [main] org.apache.catalina.startup.VersionLoggerListener.log Número de versión de servidor:     9.0.117.0
27-May-2026 10:43:33.064 INFO [main] org.apache.catalina.startup.VersionLoggerListener.log OS Name:                           Windows 11
27-May-2026 10:43:33.064 INFO [main] org.apache.catalina.startup.VersionLoggerListener.log Versión de Systema Operativo:      10.0
27-May-2026 10:43:33.065 INFO [main] org.apache.catalina.startup.VersionLoggerListener.log Arquitectura:                      amd64
27-May-2026 10:43:33.065 INFO [main] org.apache.catalina.startup.VersionLoggerListener.log Java Home:                         C:\Users\Juanm\.jdks\openjdk-25.0.2
27-May-2026 10:43:33.065 INFO [main] org.apache.catalina.startup.VersionLoggerListener.log JVM Version:                       25.0.2+10-69
27-May-2026 10:43:33.065 INFO [main] org.apache.catalina.startup.VersionLoggerListener.log Vededor JVM:                       Oracle Corporation
27-May-2026 10:43:33.067 INFO [main] org.apache.catalina.startup.VersionLoggerListener.log CATALINA_BASE:                     C:\Users\Juanm\IdeaProjects\eventosProyecto\webapps
27-May-2026 10:43:33.067 INFO [main] org.apache.catalina.startup.VersionLoggerListener.log CATALINA_HOME:                     C:\apache-tomcat-9.0.117
27-May-2026 10:43:33.081 INFO [main] org.apache.catalina.startup.VersionLoggerListener.log Command line argument:             --add-opens=java.base/java.lang=ALL-UNNAMED
27-May-2026 10:43:33.081 INFO [main] org.apache.catalina.startup.VersionLoggerListener.log Command line argument:             --add-opens=java.base/java.io=ALL-UNNAMED
27-May-2026 10:43:33.081 INFO [main] org.apache.catalina.startup.VersionLoggerListener.log Command line argument:             --add-opens=java.base/java.util=ALL-UNNAMED
27-May-2026 10:43:33.082 INFO [main] org.apache.catalina.startup.VersionLoggerListener.log Command line argument:             --add-opens=java.base/java.util.concurrent=ALL-UNNAMED
27-May-2026 10:43:33.082 INFO [main] org.apache.catalina.startup.VersionLoggerListener.log Command line argument:             --add-opens=java.rmi/sun.rmi.transport=ALL-UNNAMED
27-May-2026 10:43:33.082 INFO [main] org.apache.catalina.startup.VersionLoggerListener.log Command line argument:             -Dcatalina.home=C:\apache-tomcat-9.0.117
27-May-2026 10:43:33.082 INFO [main] org.apache.catalina.startup.VersionLoggerListener.log Command line argument:             -Dcatalina.base=C:\Users\Juanm\IdeaProjects\eventosProyecto\webapps
27-May-2026 10:43:33.082 INFO [main] org.apache.catalina.startup.VersionLoggerListener.log Command line argument:             -Djava.io.tmpdir=C:\Users\Juanm\IdeaProjects\eventosProyecto\webapps\temp
27-May-2026 10:43:33.082 INFO [main] org.apache.catalina.startup.VersionLoggerListener.log Command line argument:             -Djava.util.logging.config.file=C:\Users\Juanm\IdeaProjects\eventosProyecto\webapps\conf\logging.properties
27-May-2026 10:43:33.082 INFO [main] org.apache.catalina.startup.VersionLoggerListener.log Command line argument:             -Djava.util.logging.manager=org.apache.juli.ClassLoaderLogManager
27-May-2026 10:43:33.082 INFO [main] org.apache.catalina.startup.VersionLoggerListener.log Command line argument:             -javaagent:C:\Program Files\JetBrains\IntelliJ IDEA 2025.3\lib\idea_rt.jar=65200
27-May-2026 10:43:33.082 INFO [main] org.apache.catalina.startup.VersionLoggerListener.log Command line argument:             -Dfile.encoding=UTF-8
27-May-2026 10:43:33.083 INFO [main] org.apache.catalina.startup.VersionLoggerListener.log Command line argument:             -Dsun.stdout.encoding=UTF-8
27-May-2026 10:43:33.083 INFO [main] org.apache.catalina.startup.VersionLoggerListener.log Command line argument:             -Dsun.stderr.encoding=UTF-8
27-May-2026 10:43:33.094 INFO [main] org.apache.catalina.core.AprLifecycleListener.lifecycleEvent Cargada la biblioteca nativa APR de Apache Tomcat [1.3.7] con la versión APR [1.7.6].
27-May-2026 10:43:33.094 INFO [main] org.apache.catalina.core.AprLifecycleListener.lifecycleEvent Capacidades APR: IPv6 [true], enviar fichero [true], aceptar filtros [false], aleatorio [true], UDS [true].
27-May-2026 10:43:33.094 INFO [main] org.apache.catalina.core.AprLifecycleListener.lifecycleEvent APR/OpenSSL configuration: useAprConnector [false], useOpenSSL [true]
27-May-2026 10:43:33.124 INFO [main] org.apache.catalina.core.AprLifecycleListener.initializeSSL OpenSSL inicializado correctamente [OpenSSL 3.0.19 27 Jan 2026]
27-May-2026 10:43:33.826 INFO [main] org.apache.coyote.AbstractProtocol.init Inicializando el manejador de protocolo ["http-nio-8080"]

27-May-2026 10:43:33.868 INFO [main] org.apache.catalina.startup.Catalina.load Server initialization in [1473] milliseconds
27-May-2026 10:43:34.003 INFO [main] org.apache.catalina.core.StandardService.startInternal Arrancando servicio [Catalina]
27-May-2026 10:43:34.003 INFO [main] org.apache.catalina.core.StandardEngine.startInternal Starting Servlet engine: [Apache Tomcat/9.0.117]
27-May-2026 10:43:34.035 INFO [main] org.apache.catalina.startup.HostConfig.deployDescriptor Desplieque del descriptor de configuración [C:\Users\Juanm\IdeaProjects\eventosProyecto\webapps\conf\Catalina\localhost\eventosProyecto.xml]
27-May-2026 10:43:37.151 INFO [main] org.apache.jasper.servlet.TldScanner.scanJars Al menos un JAR, que se ha explorado buscando TLDs, aún no contenía TLDs. Activar historial de depuración para este historiador para una completa lista de los JARs que fueron explorados y de los que nos se halló TLDs. Saltarse JARs no necesarios durante la exploración puede dar lugar a una mejora de tiempo significativa en el arranque y compilación de JSP .
27-May-2026 10:43:37.401 INFO [main] org.apache.catalina.startup.HostConfig.deployDescriptor Deployment of deployment descriptor [C:\Users\Juanm\IdeaProjects\eventosProyecto\webapps\conf\Catalina\localhost\eventosProyecto.xml] has finished in [3.352] ms
27-May-2026 10:43:37.412 INFO [main] org.apache.coyote.AbstractProtocol.start Starting ProtocolHandler ["http-nio-8080"]
27-May-2026 10:43:37.455 INFO [main] org.apache.catalina.startup.Catalina.start Server startup in [3582] milliseconds
27-May-2026 10:44:10.104 INFO [Thread-1] org.apache.coyote.AbstractProtocol.pause Pausing ProtocolHandler ["http-nio-8080"]
27-May-2026 10:44:10.116 INFO [Thread-1] org.apache.catalina.core.StandardService.stopInternal Parando servicio [Catalina]
27-May-2026 10:44:10.127 WARNING [Thread-1] org.apache.catalina.loader.WebappClassLoaderBase.clearReferencesJdbc La aplicación web [eventosProyecto] registró el conductor JDBC [com.mysql.cj.jdbc.Driver] pero falló al anular el registro mientras la aplicación web estaba parada. Para prevenir un fallo de memoria, se ha anulado el registro del conductor JDBC por la fuerza.
27-May-2026 10:44:10.128 WARNING [Thread-1] org.apache.catalina.loader.WebappClassLoaderBase.clearReferencesThreads The web application [eventosProyecto] appears to have started a thread named [mysql-cj-abandoned-connection-cleanup] but has failed to stop it. This is very likely to create a memory leak. Stack trace of thread:
 java.base/java.lang.Object.wait0(Native Method)
 java.base/java.lang.Object.wait(Object.java:389)
 java.base/java.lang.ref.ReferenceQueue.remove0(ReferenceQueue.java:123)
 java.base/java.lang.ref.ReferenceQueue.remove(ReferenceQueue.java:201)
 com.mysql.cj.jdbc.AbandonedConnectionCleanupThread.run(AbandonedConnectionCleanupThread.java:91)
 java.base/java.util.concurrent.ThreadPoolExecutor.runWorker(ThreadPoolExecutor.java:1090)
 java.base/java.util.concurrent.ThreadPoolExecutor$Worker.run(ThreadPoolExecutor.java:614)
 java.base/java.lang.Thread.run(Thread.java:1474)
27-May-2026 10:44:10.137 INFO [Thread-1] org.apache.coyote.AbstractProtocol.stop Stopping ProtocolHandler ["http-nio-8080"]
27-May-2026 10:44:10.143 INFO [Thread-1] org.apache.coyote.AbstractProtocol.destroy Destroying ProtocolHandler ["http-nio-8080"]
27-May-2026 10:44:12.963 INFO [main] org.apache.catalina.startup.VersionLoggerListener.log Nombre de la versión del servidor: Apache Tomcat/9.0.117
27-May-2026 10:44:12.970 INFO [main] org.apache.catalina.startup.VersionLoggerListener.log Server built:                      Mar 30 2026 18:21:16 UTC
27-May-2026 10:44:12.971 INFO [main] org.apache.catalina.startup.VersionLoggerListener.log Número de versión de servidor:     9.0.117.0
27-May-2026 10:44:12.971 INFO [main] org.apache.catalina.startup.VersionLoggerListener.log OS Name:                           Windows 11
27-May-2026 10:44:12.971 INFO [main] org.apache.catalina.startup.VersionLoggerListener.log Versión de Systema Operativo:      10.0
27-May-2026 10:44:12.971 INFO [main] org.apache.catalina.startup.VersionLoggerListener.log Arquitectura:                      amd64
27-May-2026 10:44:12.973 INFO [main] org.apache.catalina.startup.VersionLoggerListener.log Java Home:                         C:\Users\Juanm\.jdks\openjdk-25.0.2
27-May-2026 10:44:12.973 INFO [main] org.apache.catalina.startup.VersionLoggerListener.log JVM Version:                       25.0.2+10-69
27-May-2026 10:44:12.973 INFO [main] org.apache.catalina.startup.VersionLoggerListener.log Vededor JVM:                       Oracle Corporation
27-May-2026 10:44:12.974 INFO [main] org.apache.catalina.startup.VersionLoggerListener.log CATALINA_BASE:                     C:\Users\Juanm\IdeaProjects\eventosProyecto\webapps
27-May-2026 10:44:12.974 INFO [main] org.apache.catalina.startup.VersionLoggerListener.log CATALINA_HOME:                     C:\apache-tomcat-9.0.117
27-May-2026 10:44:12.989 INFO [main] org.apache.catalina.startup.VersionLoggerListener.log Command line argument:             --add-opens=java.base/java.lang=ALL-UNNAMED
27-May-2026 10:44:12.989 INFO [main] org.apache.catalina.startup.VersionLoggerListener.log Command line argument:             --add-opens=java.base/java.io=ALL-UNNAMED
27-May-2026 10:44:12.990 INFO [main] org.apache.catalina.startup.VersionLoggerListener.log Command line argument:             --add-opens=java.base/java.util=ALL-UNNAMED
27-May-2026 10:44:12.990 INFO [main] org.apache.catalina.startup.VersionLoggerListener.log Command line argument:             --add-opens=java.base/java.util.concurrent=ALL-UNNAMED
27-May-2026 10:44:12.990 INFO [main] org.apache.catalina.startup.VersionLoggerListener.log Command line argument:             --add-opens=java.rmi/sun.rmi.transport=ALL-UNNAMED
27-May-2026 10:44:12.990 INFO [main] org.apache.catalina.startup.VersionLoggerListener.log Command line argument:             -Dcatalina.home=C:\apache-tomcat-9.0.117
27-May-2026 10:44:12.990 INFO [main] org.apache.catalina.startup.VersionLoggerListener.log Command line argument:             -Dcatalina.base=C:\Users\Juanm\IdeaProjects\eventosProyecto\webapps
27-May-2026 10:44:12.991 INFO [main] org.apache.catalina.startup.VersionLoggerListener.log Command line argument:             -Djava.io.tmpdir=C:\Users\Juanm\IdeaProjects\eventosProyecto\webapps\temp
27-May-2026 10:44:12.991 INFO [main] org.apache.catalina.startup.VersionLoggerListener.log Command line argument:             -Djava.util.logging.config.file=C:\Users\Juanm\IdeaProjects\eventosProyecto\webapps\conf\logging.properties
27-May-2026 10:44:12.991 INFO [main] org.apache.catalina.startup.VersionLoggerListener.log Command line argument:             -Djava.util.logging.manager=org.apache.juli.ClassLoaderLogManager
27-May-2026 10:44:12.991 INFO [main] org.apache.catalina.startup.VersionLoggerListener.log Command line argument:             -javaagent:C:\Program Files\JetBrains\IntelliJ IDEA 2025.3\lib\idea_rt.jar=60599
27-May-2026 10:44:12.991 INFO [main] org.apache.catalina.startup.VersionLoggerListener.log Command line argument:             -Dfile.encoding=UTF-8
27-May-2026 10:44:12.991 INFO [main] org.apache.catalina.startup.VersionLoggerListener.log Command line argument:             -Dsun.stdout.encoding=UTF-8
27-May-2026 10:44:12.992 INFO [main] org.apache.catalina.startup.VersionLoggerListener.log Command line argument:             -Dsun.stderr.encoding=UTF-8
27-May-2026 10:44:13.000 INFO [main] org.apache.catalina.core.AprLifecycleListener.lifecycleEvent Cargada la biblioteca nativa APR de Apache Tomcat [1.3.7] con la versión APR [1.7.6].
27-May-2026 10:44:13.001 INFO [main] org.apache.catalina.core.AprLifecycleListener.lifecycleEvent Capacidades APR: IPv6 [true], enviar fichero [true], aceptar filtros [false], aleatorio [true], UDS [true].
27-May-2026 10:44:13.001 INFO [main] org.apache.catalina.core.AprLifecycleListener.lifecycleEvent APR/OpenSSL configuration: useAprConnector [false], useOpenSSL [true]
27-May-2026 10:44:13.016 INFO [main] org.apache.catalina.core.AprLifecycleListener.initializeSSL OpenSSL inicializado correctamente [OpenSSL 3.0.19 27 Jan 2026]
27-May-2026 10:44:13.634 INFO [main] org.apache.coyote.AbstractProtocol.init Inicializando el manejador de protocolo ["http-nio-8080"]

27-May-2026 10:44:13.666 INFO [main] org.apache.catalina.startup.Catalina.load Server initialization in [1281] milliseconds
27-May-2026 10:44:13.756 INFO [main] org.apache.catalina.core.StandardService.startInternal Arrancando servicio [Catalina]
27-May-2026 10:44:13.756 INFO [main] org.apache.catalina.core.StandardEngine.startInternal Starting Servlet engine: [Apache Tomcat/9.0.117]
27-May-2026 10:44:13.775 INFO [main] org.apache.catalina.startup.HostConfig.deployDescriptor Desplieque del descriptor de configuración [C:\Users\Juanm\IdeaProjects\eventosProyecto\webapps\conf\Catalina\localhost\eventosProyecto.xml]
27-May-2026 10:44:16.818 INFO [main] org.apache.jasper.servlet.TldScanner.scanJars Al menos un JAR, que se ha explorado buscando TLDs, aún no contenía TLDs. Activar historial de depuración para este historiador para una completa lista de los JARs que fueron explorados y de los que nos se halló TLDs. Saltarse JARs no necesarios durante la exploración puede dar lugar a una mejora de tiempo significativa en el arranque y compilación de JSP .
27-May-2026 10:44:17.067 INFO [main] org.apache.catalina.startup.HostConfig.deployDescriptor Deployment of deployment descriptor [C:\Users\Juanm\IdeaProjects\eventosProyecto\webapps\conf\Catalina\localhost\eventosProyecto.xml] has finished in [3.281] ms
27-May-2026 10:44:17.081 INFO [main] org.apache.coyote.AbstractProtocol.start Starting ProtocolHandler ["http-nio-8080"]
27-May-2026 10:44:17.124 INFO [main] org.apache.catalina.startup.Catalina.start Server startup in [3454] milliseconds
27-May-2026 10:45:43.177 INFO [Thread-1] org.apache.coyote.AbstractProtocol.pause Pausing ProtocolHandler ["http-nio-8080"]
27-May-2026 10:45:43.200 INFO [Thread-1] org.apache.catalina.core.StandardService.stopInternal Parando servicio [Catalina]
27-May-2026 10:45:43.211 WARNING [Thread-1] org.apache.catalina.loader.WebappClassLoaderBase.clearReferencesJdbc La aplicación web [eventosProyecto] registró el conductor JDBC [com.mysql.cj.jdbc.Driver] pero falló al anular el registro mientras la aplicación web estaba parada. Para prevenir un fallo de memoria, se ha anulado el registro del conductor JDBC por la fuerza.
27-May-2026 10:45:43.212 WARNING [Thread-1] org.apache.catalina.loader.WebappClassLoaderBase.clearReferencesThreads The web application [eventosProyecto] appears to have started a thread named [mysql-cj-abandoned-connection-cleanup] but has failed to stop it. This is very likely to create a memory leak. Stack trace of thread:
 java.base/java.lang.Object.wait0(Native Method)
 java.base/java.lang.Object.wait(Object.java:389)
 java.base/java.lang.ref.ReferenceQueue.remove0(ReferenceQueue.java:123)
 java.base/java.lang.ref.ReferenceQueue.remove(ReferenceQueue.java:201)
 com.mysql.cj.jdbc.AbandonedConnectionCleanupThread.run(AbandonedConnectionCleanupThread.java:91)
 java.base/java.util.concurrent.ThreadPoolExecutor.runWorker(ThreadPoolExecutor.java:1090)
 java.base/java.util.concurrent.ThreadPoolExecutor$Worker.run(ThreadPoolExecutor.java:614)
 java.base/java.lang.Thread.run(Thread.java:1474)
27-May-2026 10:45:43.226 INFO [Thread-1] org.apache.coyote.AbstractProtocol.stop Stopping ProtocolHandler ["http-nio-8080"]
27-May-2026 10:45:43.234 INFO [Thread-1] org.apache.coyote.AbstractProtocol.destroy Destroying ProtocolHandler ["http-nio-8080"]
27-May-2026 10:45:46.190 INFO [main] org.apache.catalina.startup.VersionLoggerListener.log Nombre de la versión del servidor: Apache Tomcat/9.0.117
27-May-2026 10:45:46.205 INFO [main] org.apache.catalina.startup.VersionLoggerListener.log Server built:                      Mar 30 2026 18:21:16 UTC
27-May-2026 10:45:46.207 INFO [main] org.apache.catalina.startup.VersionLoggerListener.log Número de versión de servidor:     9.0.117.0
27-May-2026 10:45:46.208 INFO [main] org.apache.catalina.startup.VersionLoggerListener.log OS Name:                           Windows 11
27-May-2026 10:45:46.209 INFO [main] org.apache.catalina.startup.VersionLoggerListener.log Versión de Systema Operativo:      10.0
27-May-2026 10:45:46.209 INFO [main] org.apache.catalina.startup.VersionLoggerListener.log Arquitectura:                      amd64
27-May-2026 10:45:46.210 INFO [main] org.apache.catalina.startup.VersionLoggerListener.log Java Home:                         C:\Users\Juanm\.jdks\openjdk-25.0.2
27-May-2026 10:45:46.210 INFO [main] org.apache.catalina.startup.VersionLoggerListener.log JVM Version:                       25.0.2+10-69
27-May-2026 10:45:46.211 INFO [main] org.apache.catalina.startup.VersionLoggerListener.log Vededor JVM:                       Oracle Corporation
27-May-2026 10:45:46.211 INFO [main] org.apache.catalina.startup.VersionLoggerListener.log CATALINA_BASE:                     C:\Users\Juanm\IdeaProjects\eventosProyecto\webapps
27-May-2026 10:45:46.212 INFO [main] org.apache.catalina.startup.VersionLoggerListener.log CATALINA_HOME:                     C:\apache-tomcat-9.0.117
27-May-2026 10:45:46.236 INFO [main] org.apache.catalina.startup.VersionLoggerListener.log Command line argument:             --add-opens=java.base/java.lang=ALL-UNNAMED
27-May-2026 10:45:46.236 INFO [main] org.apache.catalina.startup.VersionLoggerListener.log Command line argument:             --add-opens=java.base/java.io=ALL-UNNAMED
27-May-2026 10:45:46.237 INFO [main] org.apache.catalina.startup.VersionLoggerListener.log Command line argument:             --add-opens=java.base/java.util=ALL-UNNAMED
27-May-2026 10:45:46.237 INFO [main] org.apache.catalina.startup.VersionLoggerListener.log Command line argument:             --add-opens=java.base/java.util.concurrent=ALL-UNNAMED
27-May-2026 10:45:46.237 INFO [main] org.apache.catalina.startup.VersionLoggerListener.log Command line argument:             --add-opens=java.rmi/sun.rmi.transport=ALL-UNNAMED
27-May-2026 10:45:46.237 INFO [main] org.apache.catalina.startup.VersionLoggerListener.log Command line argument:             -Dcatalina.home=C:\apache-tomcat-9.0.117
27-May-2026 10:45:46.237 INFO [main] org.apache.catalina.startup.VersionLoggerListener.log Command line argument:             -Dcatalina.base=C:\Users\Juanm\IdeaProjects\eventosProyecto\webapps
27-May-2026 10:45:46.238 INFO [main] org.apache.catalina.startup.VersionLoggerListener.log Command line argument:             -Djava.io.tmpdir=C:\Users\Juanm\IdeaProjects\eventosProyecto\webapps\temp
27-May-2026 10:45:46.238 INFO [main] org.apache.catalina.startup.VersionLoggerListener.log Command line argument:             -Djava.util.logging.config.file=C:\Users\Juanm\IdeaProjects\eventosProyecto\webapps\conf\logging.properties
27-May-2026 10:45:46.238 INFO [main] org.apache.catalina.startup.VersionLoggerListener.log Command line argument:             -Djava.util.logging.manager=org.apache.juli.ClassLoaderLogManager
27-May-2026 10:45:46.238 INFO [main] org.apache.catalina.startup.VersionLoggerListener.log Command line argument:             -javaagent:C:\Program Files\JetBrains\IntelliJ IDEA 2025.3\lib\idea_rt.jar=55800
27-May-2026 10:45:46.239 INFO [main] org.apache.catalina.startup.VersionLoggerListener.log Command line argument:             -Dfile.encoding=UTF-8
27-May-2026 10:45:46.239 INFO [main] org.apache.catalina.startup.VersionLoggerListener.log Command line argument:             -Dsun.stdout.encoding=UTF-8
27-May-2026 10:45:46.239 INFO [main] org.apache.catalina.startup.VersionLoggerListener.log Command line argument:             -Dsun.stderr.encoding=UTF-8
27-May-2026 10:45:46.252 INFO [main] org.apache.catalina.core.AprLifecycleListener.lifecycleEvent Cargada la biblioteca nativa APR de Apache Tomcat [1.3.7] con la versión APR [1.7.6].
27-May-2026 10:45:46.252 INFO [main] org.apache.catalina.core.AprLifecycleListener.lifecycleEvent Capacidades APR: IPv6 [true], enviar fichero [true], aceptar filtros [false], aleatorio [true], UDS [true].
27-May-2026 10:45:46.253 INFO [main] org.apache.catalina.core.AprLifecycleListener.lifecycleEvent APR/OpenSSL configuration: useAprConnector [false], useOpenSSL [true]
27-May-2026 10:45:46.276 INFO [main] org.apache.catalina.core.AprLifecycleListener.initializeSSL OpenSSL inicializado correctamente [OpenSSL 3.0.19 27 Jan 2026]
27-May-2026 10:45:47.006 INFO [main] org.apache.coyote.AbstractProtocol.init Inicializando el manejador de protocolo ["http-nio-8080"]

27-May-2026 10:45:47.040 INFO [main] org.apache.catalina.startup.Catalina.load Server initialization in [1500] milliseconds
27-May-2026 10:45:47.150 INFO [main] org.apache.catalina.core.StandardService.startInternal Arrancando servicio [Catalina]
27-May-2026 10:45:47.150 INFO [main] org.apache.catalina.core.StandardEngine.startInternal Starting Servlet engine: [Apache Tomcat/9.0.117]
27-May-2026 10:45:47.174 INFO [main] org.apache.catalina.startup.HostConfig.deployDescriptor Desplieque del descriptor de configuración [C:\Users\Juanm\IdeaProjects\eventosProyecto\webapps\conf\Catalina\localhost\eventosProyecto.xml]
27-May-2026 10:45:49.695 INFO [main] org.apache.jasper.servlet.TldScanner.scanJars Al menos un JAR, que se ha explorado buscando TLDs, aún no contenía TLDs. Activar historial de depuración para este historiador para una completa lista de los JARs que fueron explorados y de los que nos se halló TLDs. Saltarse JARs no necesarios durante la exploración puede dar lugar a una mejora de tiempo significativa en el arranque y compilación de JSP .
27-May-2026 10:45:49.962 INFO [main] org.apache.catalina.startup.HostConfig.deployDescriptor Deployment of deployment descriptor [C:\Users\Juanm\IdeaProjects\eventosProyecto\webapps\conf\Catalina\localhost\eventosProyecto.xml] has finished in [2.775] ms
27-May-2026 10:45:49.971 INFO [main] org.apache.coyote.AbstractProtocol.start Starting ProtocolHandler ["http-nio-8080"]
27-May-2026 10:45:50.009 INFO [main] org.apache.catalina.startup.Catalina.start Server startup in [2965] milliseconds
27-May-2026 10:46:19.018 INFO [Thread-1] org.apache.coyote.AbstractProtocol.pause Pausing ProtocolHandler ["http-nio-8080"]
27-May-2026 10:46:19.031 INFO [Thread-1] org.apache.catalina.core.StandardService.stopInternal Parando servicio [Catalina]
27-May-2026 10:46:19.054 INFO [Thread-1] org.apache.coyote.AbstractProtocol.stop Stopping ProtocolHandler ["http-nio-8080"]
27-May-2026 10:46:19.067 INFO [Thread-1] org.apache.coyote.AbstractProtocol.destroy Destroying ProtocolHandler ["http-nio-8080"]
27-May-2026 10:46:21.685 INFO [main] org.apache.catalina.startup.VersionLoggerListener.log Nombre de la versión del servidor: Apache Tomcat/9.0.117
27-May-2026 10:46:21.690 INFO [main] org.apache.catalina.startup.VersionLoggerListener.log Server built:                      Mar 30 2026 18:21:16 UTC
27-May-2026 10:46:21.691 INFO [main] org.apache.catalina.startup.VersionLoggerListener.log Número de versión de servidor:     9.0.117.0
27-May-2026 10:46:21.691 INFO [main] org.apache.catalina.startup.VersionLoggerListener.log OS Name:                           Windows 11
27-May-2026 10:46:21.691 INFO [main] org.apache.catalina.startup.VersionLoggerListener.log Versión de Systema Operativo:      10.0
27-May-2026 10:46:21.692 INFO [main] org.apache.catalina.startup.VersionLoggerListener.log Arquitectura:                      amd64
27-May-2026 10:46:21.692 INFO [main] org.apache.catalina.startup.VersionLoggerListener.log Java Home:                         C:\Users\Juanm\.jdks\openjdk-25.0.2
27-May-2026 10:46:21.692 INFO [main] org.apache.catalina.startup.VersionLoggerListener.log JVM Version:                       25.0.2+10-69
27-May-2026 10:46:21.693 INFO [main] org.apache.catalina.startup.VersionLoggerListener.log Vededor JVM:                       Oracle Corporation
27-May-2026 10:46:21.693 INFO [main] org.apache.catalina.startup.VersionLoggerListener.log CATALINA_BASE:                     C:\Users\Juanm\IdeaProjects\eventosProyecto\webapps
27-May-2026 10:46:21.693 INFO [main] org.apache.catalina.startup.VersionLoggerListener.log CATALINA_HOME:                     C:\apache-tomcat-9.0.117
27-May-2026 10:46:21.710 INFO [main] org.apache.catalina.startup.VersionLoggerListener.log Command line argument:             --add-opens=java.base/java.lang=ALL-UNNAMED
27-May-2026 10:46:21.711 INFO [main] org.apache.catalina.startup.VersionLoggerListener.log Command line argument:             --add-opens=java.base/java.io=ALL-UNNAMED
27-May-2026 10:46:21.711 INFO [main] org.apache.catalina.startup.VersionLoggerListener.log Command line argument:             --add-opens=java.base/java.util=ALL-UNNAMED
27-May-2026 10:46:21.711 INFO [main] org.apache.catalina.startup.VersionLoggerListener.log Command line argument:             --add-opens=java.base/java.util.concurrent=ALL-UNNAMED
27-May-2026 10:46:21.711 INFO [main] org.apache.catalina.startup.VersionLoggerListener.log Command line argument:             --add-opens=java.rmi/sun.rmi.transport=ALL-UNNAMED
27-May-2026 10:46:21.711 INFO [main] org.apache.catalina.startup.VersionLoggerListener.log Command line argument:             -Dcatalina.home=C:\apache-tomcat-9.0.117
27-May-2026 10:46:21.711 INFO [main] org.apache.catalina.startup.VersionLoggerListener.log Command line argument:             -Dcatalina.base=C:\Users\Juanm\IdeaProjects\eventosProyecto\webapps
27-May-2026 10:46:21.712 INFO [main] org.apache.catalina.startup.VersionLoggerListener.log Command line argument:             -Djava.io.tmpdir=C:\Users\Juanm\IdeaProjects\eventosProyecto\webapps\temp
27-May-2026 10:46:21.712 INFO [main] org.apache.catalina.startup.VersionLoggerListener.log Command line argument:             -Djava.util.logging.config.file=C:\Users\Juanm\IdeaProjects\eventosProyecto\webapps\conf\logging.properties
27-May-2026 10:46:21.712 INFO [main] org.apache.catalina.startup.VersionLoggerListener.log Command line argument:             -Djava.util.logging.manager=org.apache.juli.ClassLoaderLogManager
27-May-2026 10:46:21.712 INFO [main] org.apache.catalina.startup.VersionLoggerListener.log Command line argument:             -javaagent:C:\Program Files\JetBrains\IntelliJ IDEA 2025.3\lib\idea_rt.jar=63672
27-May-2026 10:46:21.712 INFO [main] org.apache.catalina.startup.VersionLoggerListener.log Command line argument:             -Dfile.encoding=UTF-8
27-May-2026 10:46:21.712 INFO [main] org.apache.catalina.startup.VersionLoggerListener.log Command line argument:             -Dsun.stdout.encoding=UTF-8
27-May-2026 10:46:21.713 INFO [main] org.apache.catalina.startup.VersionLoggerListener.log Command line argument:             -Dsun.stderr.encoding=UTF-8
27-May-2026 10:46:21.722 INFO [main] org.apache.catalina.core.AprLifecycleListener.lifecycleEvent Cargada la biblioteca nativa APR de Apache Tomcat [1.3.7] con la versión APR [1.7.6].
27-May-2026 10:46:21.722 INFO [main] org.apache.catalina.core.AprLifecycleListener.lifecycleEvent Capacidades APR: IPv6 [true], enviar fichero [true], aceptar filtros [false], aleatorio [true], UDS [true].
27-May-2026 10:46:21.723 INFO [main] org.apache.catalina.core.AprLifecycleListener.lifecycleEvent APR/OpenSSL configuration: useAprConnector [false], useOpenSSL [true]
27-May-2026 10:46:21.743 INFO [main] org.apache.catalina.core.AprLifecycleListener.initializeSSL OpenSSL inicializado correctamente [OpenSSL 3.0.19 27 Jan 2026]
27-May-2026 10:46:22.513 INFO [main] org.apache.coyote.AbstractProtocol.init Inicializando el manejador de protocolo ["http-nio-8080"]

27-May-2026 10:46:22.559 INFO [main] org.apache.catalina.startup.Catalina.load Server initialization in [1373] milliseconds
27-May-2026 10:46:22.670 INFO [main] org.apache.catalina.core.StandardService.startInternal Arrancando servicio [Catalina]
27-May-2026 10:46:22.670 INFO [main] org.apache.catalina.core.StandardEngine.startInternal Starting Servlet engine: [Apache Tomcat/9.0.117]
27-May-2026 10:46:22.687 INFO [main] org.apache.catalina.startup.HostConfig.deployDescriptor Desplieque del descriptor de configuración [C:\Users\Juanm\IdeaProjects\eventosProyecto\webapps\conf\Catalina\localhost\eventosProyecto.xml]
27-May-2026 10:46:25.436 INFO [main] org.apache.jasper.servlet.TldScanner.scanJars Al menos un JAR, que se ha explorado buscando TLDs, aún no contenía TLDs. Activar historial de depuración para este historiador para una completa lista de los JARs que fueron explorados y de los que nos se halló TLDs. Saltarse JARs no necesarios durante la exploración puede dar lugar a una mejora de tiempo significativa en el arranque y compilación de JSP .
27-May-2026 10:46:25.664 INFO [main] org.apache.catalina.startup.HostConfig.deployDescriptor Deployment of deployment descriptor [C:\Users\Juanm\IdeaProjects\eventosProyecto\webapps\conf\Catalina\localhost\eventosProyecto.xml] has finished in [2.963] ms
27-May-2026 10:46:25.673 INFO [main] org.apache.coyote.AbstractProtocol.start Starting ProtocolHandler ["http-nio-8080"]
27-May-2026 10:46:25.719 INFO [main] org.apache.catalina.startup.Catalina.start Server startup in [3156] milliseconds
27-May-2026 10:47:01.010 INFO [Thread-1] org.apache.coyote.AbstractProtocol.pause Pausing ProtocolHandler ["http-nio-8080"]
27-May-2026 10:47:01.023 INFO [Thread-1] org.apache.catalina.core.StandardService.stopInternal Parando servicio [Catalina]
27-May-2026 10:47:01.040 INFO [Thread-1] org.apache.coyote.AbstractProtocol.stop Stopping ProtocolHandler ["http-nio-8080"]
27-May-2026 10:47:01.047 INFO [Thread-1] org.apache.coyote.AbstractProtocol.destroy Destroying ProtocolHandler ["http-nio-8080"]
27-May-2026 10:47:04.096 INFO [main] org.apache.catalina.startup.VersionLoggerListener.log Nombre de la versión del servidor: Apache Tomcat/9.0.117
27-May-2026 10:47:04.102 INFO [main] org.apache.catalina.startup.VersionLoggerListener.log Server built:                      Mar 30 2026 18:21:16 UTC
27-May-2026 10:47:04.104 INFO [main] org.apache.catalina.startup.VersionLoggerListener.log Número de versión de servidor:     9.0.117.0
27-May-2026 10:47:04.104 INFO [main] org.apache.catalina.startup.VersionLoggerListener.log OS Name:                           Windows 11
27-May-2026 10:47:04.105 INFO [main] org.apache.catalina.startup.VersionLoggerListener.log Versión de Systema Operativo:      10.0
27-May-2026 10:47:04.105 INFO [main] org.apache.catalina.startup.VersionLoggerListener.log Arquitectura:                      amd64
27-May-2026 10:47:04.105 INFO [main] org.apache.catalina.startup.VersionLoggerListener.log Java Home:                         C:\Users\Juanm\.jdks\openjdk-25.0.2
27-May-2026 10:47:04.106 INFO [main] org.apache.catalina.startup.VersionLoggerListener.log JVM Version:                       25.0.2+10-69
27-May-2026 10:47:04.106 INFO [main] org.apache.catalina.startup.VersionLoggerListener.log Vededor JVM:                       Oracle Corporation
27-May-2026 10:47:04.106 INFO [main] org.apache.catalina.startup.VersionLoggerListener.log CATALINA_BASE:                     C:\Users\Juanm\IdeaProjects\eventosProyecto\webapps
27-May-2026 10:47:04.107 INFO [main] org.apache.catalina.startup.VersionLoggerListener.log CATALINA_HOME:                     C:\apache-tomcat-9.0.117
27-May-2026 10:47:04.123 INFO [main] org.apache.catalina.startup.VersionLoggerListener.log Command line argument:             --add-opens=java.base/java.lang=ALL-UNNAMED
27-May-2026 10:47:04.123 INFO [main] org.apache.catalina.startup.VersionLoggerListener.log Command line argument:             --add-opens=java.base/java.io=ALL-UNNAMED
27-May-2026 10:47:04.123 INFO [main] org.apache.catalina.startup.VersionLoggerListener.log Command line argument:             --add-opens=java.base/java.util=ALL-UNNAMED
27-May-2026 10:47:04.123 INFO [main] org.apache.catalina.startup.VersionLoggerListener.log Command line argument:             --add-opens=java.base/java.util.concurrent=ALL-UNNAMED
27-May-2026 10:47:04.125 INFO [main] org.apache.catalina.startup.VersionLoggerListener.log Command line argument:             --add-opens=java.rmi/sun.rmi.transport=ALL-UNNAMED
27-May-2026 10:47:04.125 INFO [main] org.apache.catalina.startup.VersionLoggerListener.log Command line argument:             -Dcatalina.home=C:\apache-tomcat-9.0.117
27-May-2026 10:47:04.125 INFO [main] org.apache.catalina.startup.VersionLoggerListener.log Command line argument:             -Dcatalina.base=C:\Users\Juanm\IdeaProjects\eventosProyecto\webapps
27-May-2026 10:47:04.125 INFO [main] org.apache.catalina.startup.VersionLoggerListener.log Command line argument:             -Djava.io.tmpdir=C:\Users\Juanm\IdeaProjects\eventosProyecto\webapps\temp
27-May-2026 10:47:04.125 INFO [main] org.apache.catalina.startup.VersionLoggerListener.log Command line argument:             -Djava.util.logging.config.file=C:\Users\Juanm\IdeaProjects\eventosProyecto\webapps\conf\logging.properties
27-May-2026 10:47:04.125 INFO [main] org.apache.catalina.startup.VersionLoggerListener.log Command line argument:             -Djava.util.logging.manager=org.apache.juli.ClassLoaderLogManager
27-May-2026 10:47:04.125 INFO [main] org.apache.catalina.startup.VersionLoggerListener.log Command line argument:             -javaagent:C:\Program Files\JetBrains\IntelliJ IDEA 2025.3\lib\idea_rt.jar=49756
27-May-2026 10:47:04.126 INFO [main] org.apache.catalina.startup.VersionLoggerListener.log Command line argument:             -Dfile.encoding=UTF-8
27-May-2026 10:47:04.126 INFO [main] org.apache.catalina.startup.VersionLoggerListener.log Command line argument:             -Dsun.stdout.encoding=UTF-8
27-May-2026 10:47:04.126 INFO [main] org.apache.catalina.startup.VersionLoggerListener.log Command line argument:             -Dsun.stderr.encoding=UTF-8
27-May-2026 10:47:04.137 INFO [main] org.apache.catalina.core.AprLifecycleListener.lifecycleEvent Cargada la biblioteca nativa APR de Apache Tomcat [1.3.7] con la versión APR [1.7.6].
27-May-2026 10:47:04.137 INFO [main] org.apache.catalina.core.AprLifecycleListener.lifecycleEvent Capacidades APR: IPv6 [true], enviar fichero [true], aceptar filtros [false], aleatorio [true], UDS [true].
27-May-2026 10:47:04.137 INFO [main] org.apache.catalina.core.AprLifecycleListener.lifecycleEvent APR/OpenSSL configuration: useAprConnector [false], useOpenSSL [true]
27-May-2026 10:47:04.159 INFO [main] org.apache.catalina.core.AprLifecycleListener.initializeSSL OpenSSL inicializado correctamente [OpenSSL 3.0.19 27 Jan 2026]
27-May-2026 10:47:04.768 INFO [main] org.apache.coyote.AbstractProtocol.init Inicializando el manejador de protocolo ["http-nio-8080"]

27-May-2026 10:47:04.804 INFO [main] org.apache.catalina.startup.Catalina.load Server initialization in [1254] milliseconds
27-May-2026 10:47:04.915 INFO [main] org.apache.catalina.core.StandardService.startInternal Arrancando servicio [Catalina]
27-May-2026 10:47:04.916 INFO [main] org.apache.catalina.core.StandardEngine.startInternal Starting Servlet engine: [Apache Tomcat/9.0.117]
27-May-2026 10:47:04.940 INFO [main] org.apache.catalina.startup.HostConfig.deployDescriptor Desplieque del descriptor de configuración [C:\Users\Juanm\IdeaProjects\eventosProyecto\webapps\conf\Catalina\localhost\eventosProyecto.xml]
27-May-2026 10:47:07.817 INFO [main] org.apache.jasper.servlet.TldScanner.scanJars Al menos un JAR, que se ha explorado buscando TLDs, aún no contenía TLDs. Activar historial de depuración para este historiador para una completa lista de los JARs que fueron explorados y de los que nos se halló TLDs. Saltarse JARs no necesarios durante la exploración puede dar lugar a una mejora de tiempo significativa en el arranque y compilación de JSP .
27-May-2026 10:47:08.060 INFO [main] org.apache.catalina.startup.HostConfig.deployDescriptor Deployment of deployment descriptor [C:\Users\Juanm\IdeaProjects\eventosProyecto\webapps\conf\Catalina\localhost\eventosProyecto.xml] has finished in [3.106] ms
27-May-2026 10:47:08.071 INFO [main] org.apache.coyote.AbstractProtocol.start Starting ProtocolHandler ["http-nio-8080"]
27-May-2026 10:47:08.126 INFO [main] org.apache.catalina.startup.Catalina.start Server startup in [3317] milliseconds
27-May-2026 10:49:15.839 INFO [Thread-1] org.apache.coyote.AbstractProtocol.pause Pausing ProtocolHandler ["http-nio-8080"]
27-May-2026 10:49:15.855 INFO [Thread-1] org.apache.catalina.core.StandardService.stopInternal Parando servicio [Catalina]
27-May-2026 10:49:15.886 INFO [Thread-1] org.apache.coyote.AbstractProtocol.stop Stopping ProtocolHandler ["http-nio-8080"]
27-May-2026 10:49:15.903 INFO [Thread-1] org.apache.coyote.AbstractProtocol.destroy Destroying ProtocolHandler ["http-nio-8080"]
27-May-2026 10:49:19.363 INFO [main] org.apache.catalina.startup.VersionLoggerListener.log Nombre de la versión del servidor: Apache Tomcat/9.0.117
27-May-2026 10:49:19.368 INFO [main] org.apache.catalina.startup.VersionLoggerListener.log Server built:                      Mar 30 2026 18:21:16 UTC
27-May-2026 10:49:19.370 INFO [main] org.apache.catalina.startup.VersionLoggerListener.log Número de versión de servidor:     9.0.117.0
27-May-2026 10:49:19.371 INFO [main] org.apache.catalina.startup.VersionLoggerListener.log OS Name:                           Windows 11
27-May-2026 10:49:19.371 INFO [main] org.apache.catalina.startup.VersionLoggerListener.log Versión de Systema Operativo:      10.0
27-May-2026 10:49:19.371 INFO [main] org.apache.catalina.startup.VersionLoggerListener.log Arquitectura:                      amd64
27-May-2026 10:49:19.371 INFO [main] org.apache.catalina.startup.VersionLoggerListener.log Java Home:                         C:\Users\Juanm\.jdks\openjdk-25.0.2
27-May-2026 10:49:19.372 INFO [main] org.apache.catalina.startup.VersionLoggerListener.log JVM Version:                       25.0.2+10-69
27-May-2026 10:49:19.372 INFO [main] org.apache.catalina.startup.VersionLoggerListener.log Vededor JVM:                       Oracle Corporation
27-May-2026 10:49:19.372 INFO [main] org.apache.catalina.startup.VersionLoggerListener.log CATALINA_BASE:                     C:\Users\Juanm\IdeaProjects\eventosProyecto\webapps
27-May-2026 10:49:19.372 INFO [main] org.apache.catalina.startup.VersionLoggerListener.log CATALINA_HOME:                     C:\apache-tomcat-9.0.117
27-May-2026 10:49:19.387 INFO [main] org.apache.catalina.startup.VersionLoggerListener.log Command line argument:             --add-opens=java.base/java.lang=ALL-UNNAMED
27-May-2026 10:49:19.388 INFO [main] org.apache.catalina.startup.VersionLoggerListener.log Command line argument:             --add-opens=java.base/java.io=ALL-UNNAMED
27-May-2026 10:49:19.388 INFO [main] org.apache.catalina.startup.VersionLoggerListener.log Command line argument:             --add-opens=java.base/java.util=ALL-UNNAMED
27-May-2026 10:49:19.388 INFO [main] org.apache.catalina.startup.VersionLoggerListener.log Command line argument:             --add-opens=java.base/java.util.concurrent=ALL-UNNAMED
27-May-2026 10:49:19.388 INFO [main] org.apache.catalina.startup.VersionLoggerListener.log Command line argument:             --add-opens=java.rmi/sun.rmi.transport=ALL-UNNAMED
27-May-2026 10:49:19.389 INFO [main] org.apache.catalina.startup.VersionLoggerListener.log Command line argument:             -Dcatalina.home=C:\apache-tomcat-9.0.117
27-May-2026 10:49:19.389 INFO [main] org.apache.catalina.startup.VersionLoggerListener.log Command line argument:             -Dcatalina.base=C:\Users\Juanm\IdeaProjects\eventosProyecto\webapps
27-May-2026 10:49:19.389 INFO [main] org.apache.catalina.startup.VersionLoggerListener.log Command line argument:             -Djava.io.tmpdir=C:\Users\Juanm\IdeaProjects\eventosProyecto\webapps\temp
27-May-2026 10:49:19.389 INFO [main] org.apache.catalina.startup.VersionLoggerListener.log Command line argument:             -Djava.util.logging.config.file=C:\Users\Juanm\IdeaProjects\eventosProyecto\webapps\conf\logging.properties
27-May-2026 10:49:19.389 INFO [main] org.apache.catalina.startup.VersionLoggerListener.log Command line argument:             -Djava.util.logging.manager=org.apache.juli.ClassLoaderLogManager
27-May-2026 10:49:19.389 INFO [main] org.apache.catalina.startup.VersionLoggerListener.log Command line argument:             -javaagent:C:\Program Files\JetBrains\IntelliJ IDEA 2025.3\lib\idea_rt.jar=51283
27-May-2026 10:49:19.389 INFO [main] org.apache.catalina.startup.VersionLoggerListener.log Command line argument:             -Dfile.encoding=UTF-8
27-May-2026 10:49:19.389 INFO [main] org.apache.catalina.startup.VersionLoggerListener.log Command line argument:             -Dsun.stdout.encoding=UTF-8
27-May-2026 10:49:19.390 INFO [main] org.apache.catalina.startup.VersionLoggerListener.log Command line argument:             -Dsun.stderr.encoding=UTF-8
27-May-2026 10:49:19.398 INFO [main] org.apache.catalina.core.AprLifecycleListener.lifecycleEvent Cargada la biblioteca nativa APR de Apache Tomcat [1.3.7] con la versión APR [1.7.6].
27-May-2026 10:49:19.398 INFO [main] org.apache.catalina.core.AprLifecycleListener.lifecycleEvent Capacidades APR: IPv6 [true], enviar fichero [true], aceptar filtros [false], aleatorio [true], UDS [true].
27-May-2026 10:49:19.399 INFO [main] org.apache.catalina.core.AprLifecycleListener.lifecycleEvent APR/OpenSSL configuration: useAprConnector [false], useOpenSSL [true]
27-May-2026 10:49:19.412 INFO [main] org.apache.catalina.core.AprLifecycleListener.initializeSSL OpenSSL inicializado correctamente [OpenSSL 3.0.19 27 Jan 2026]
27-May-2026 10:49:20.025 INFO [main] org.apache.coyote.AbstractProtocol.init Inicializando el manejador de protocolo ["http-nio-8080"]

27-May-2026 10:49:20.062 INFO [main] org.apache.catalina.startup.Catalina.load Server initialization in [1304] milliseconds
27-May-2026 10:49:20.183 INFO [main] org.apache.catalina.core.StandardService.startInternal Arrancando servicio [Catalina]
27-May-2026 10:49:20.184 INFO [main] org.apache.catalina.core.StandardEngine.startInternal Starting Servlet engine: [Apache Tomcat/9.0.117]
27-May-2026 10:49:20.219 INFO [main] org.apache.catalina.startup.HostConfig.deployDescriptor Desplieque del descriptor de configuración [C:\Users\Juanm\IdeaProjects\eventosProyecto\webapps\conf\Catalina\localhost\eventosProyecto.xml]
27-May-2026 10:49:22.951 INFO [main] org.apache.jasper.servlet.TldScanner.scanJars Al menos un JAR, que se ha explorado buscando TLDs, aún no contenía TLDs. Activar historial de depuración para este historiador para una completa lista de los JARs que fueron explorados y de los que nos se halló TLDs. Saltarse JARs no necesarios durante la exploración puede dar lugar a una mejora de tiempo significativa en el arranque y compilación de JSP .
27-May-2026 10:49:23.310 INFO [main] org.apache.catalina.startup.HostConfig.deployDescriptor Deployment of deployment descriptor [C:\Users\Juanm\IdeaProjects\eventosProyecto\webapps\conf\Catalina\localhost\eventosProyecto.xml] has finished in [3.082] ms
27-May-2026 10:49:23.317 INFO [main] org.apache.coyote.AbstractProtocol.start Starting ProtocolHandler ["http-nio-8080"]
27-May-2026 10:49:23.354 INFO [main] org.apache.catalina.startup.Catalina.start Server startup in [3286] milliseconds
27-May-2026 10:49:29.629 INFO [Thread-1] org.apache.coyote.AbstractProtocol.pause Pausing ProtocolHandler ["http-nio-8080"]
27-May-2026 10:49:29.642 INFO [Thread-1] org.apache.catalina.core.StandardService.stopInternal Parando servicio [Catalina]
27-May-2026 10:49:29.658 INFO [Thread-1] org.apache.coyote.AbstractProtocol.stop Stopping ProtocolHandler ["http-nio-8080"]
27-May-2026 10:49:29.668 INFO [Thread-1] org.apache.coyote.AbstractProtocol.destroy Destroying ProtocolHandler ["http-nio-8080"]
27-May-2026 10:49:32.779 INFO [main] org.apache.catalina.startup.VersionLoggerListener.log Nombre de la versión del servidor: Apache Tomcat/9.0.117
27-May-2026 10:49:32.785 INFO [main] org.apache.catalina.startup.VersionLoggerListener.log Server built:                      Mar 30 2026 18:21:16 UTC
27-May-2026 10:49:32.786 INFO [main] org.apache.catalina.startup.VersionLoggerListener.log Número de versión de servidor:     9.0.117.0
27-May-2026 10:49:32.786 INFO [main] org.apache.catalina.startup.VersionLoggerListener.log OS Name:                           Windows 11
27-May-2026 10:49:32.786 INFO [main] org.apache.catalina.startup.VersionLoggerListener.log Versión de Systema Operativo:      10.0
27-May-2026 10:49:32.787 INFO [main] org.apache.catalina.startup.VersionLoggerListener.log Arquitectura:                      amd64
27-May-2026 10:49:32.787 INFO [main] org.apache.catalina.startup.VersionLoggerListener.log Java Home:                         C:\Users\Juanm\.jdks\openjdk-25.0.2
27-May-2026 10:49:32.787 INFO [main] org.apache.catalina.startup.VersionLoggerListener.log JVM Version:                       25.0.2+10-69
27-May-2026 10:49:32.787 INFO [main] org.apache.catalina.startup.VersionLoggerListener.log Vededor JVM:                       Oracle Corporation
27-May-2026 10:49:32.787 INFO [main] org.apache.catalina.startup.VersionLoggerListener.log CATALINA_BASE:                     C:\Users\Juanm\IdeaProjects\eventosProyecto\webapps
27-May-2026 10:49:32.787 INFO [main] org.apache.catalina.startup.VersionLoggerListener.log CATALINA_HOME:                     C:\apache-tomcat-9.0.117
27-May-2026 10:49:32.800 INFO [main] org.apache.catalina.startup.VersionLoggerListener.log Command line argument:             --add-opens=java.base/java.lang=ALL-UNNAMED
27-May-2026 10:49:32.800 INFO [main] org.apache.catalina.startup.VersionLoggerListener.log Command line argument:             --add-opens=java.base/java.io=ALL-UNNAMED
27-May-2026 10:49:32.800 INFO [main] org.apache.catalina.startup.VersionLoggerListener.log Command line argument:             --add-opens=java.base/java.util=ALL-UNNAMED
27-May-2026 10:49:32.801 INFO [main] org.apache.catalina.startup.VersionLoggerListener.log Command line argument:             --add-opens=java.base/java.util.concurrent=ALL-UNNAMED
27-May-2026 10:49:32.801 INFO [main] org.apache.catalina.startup.VersionLoggerListener.log Command line argument:             --add-opens=java.rmi/sun.rmi.transport=ALL-UNNAMED
27-May-2026 10:49:32.801 INFO [main] org.apache.catalina.startup.VersionLoggerListener.log Command line argument:             -Dcatalina.home=C:\apache-tomcat-9.0.117
27-May-2026 10:49:32.801 INFO [main] org.apache.catalina.startup.VersionLoggerListener.log Command line argument:             -Dcatalina.base=C:\Users\Juanm\IdeaProjects\eventosProyecto\webapps
27-May-2026 10:49:32.801 INFO [main] org.apache.catalina.startup.VersionLoggerListener.log Command line argument:             -Djava.io.tmpdir=C:\Users\Juanm\IdeaProjects\eventosProyecto\webapps\temp
27-May-2026 10:49:32.801 INFO [main] org.apache.catalina.startup.VersionLoggerListener.log Command line argument:             -Djava.util.logging.config.file=C:\Users\Juanm\IdeaProjects\eventosProyecto\webapps\conf\logging.properties
27-May-2026 10:49:32.801 INFO [main] org.apache.catalina.startup.VersionLoggerListener.log Command line argument:             -Djava.util.logging.manager=org.apache.juli.ClassLoaderLogManager
27-May-2026 10:49:32.801 INFO [main] org.apache.catalina.startup.VersionLoggerListener.log Command line argument:             -javaagent:C:\Program Files\JetBrains\IntelliJ IDEA 2025.3\lib\idea_rt.jar=49896
27-May-2026 10:49:32.801 INFO [main] org.apache.catalina.startup.VersionLoggerListener.log Command line argument:             -Dfile.encoding=UTF-8
27-May-2026 10:49:32.802 INFO [main] org.apache.catalina.startup.VersionLoggerListener.log Command line argument:             -Dsun.stdout.encoding=UTF-8
27-May-2026 10:49:32.802 INFO [main] org.apache.catalina.startup.VersionLoggerListener.log Command line argument:             -Dsun.stderr.encoding=UTF-8
27-May-2026 10:49:32.808 INFO [main] org.apache.catalina.core.AprLifecycleListener.lifecycleEvent Cargada la biblioteca nativa APR de Apache Tomcat [1.3.7] con la versión APR [1.7.6].
27-May-2026 10:49:32.808 INFO [main] org.apache.catalina.core.AprLifecycleListener.lifecycleEvent Capacidades APR: IPv6 [true], enviar fichero [true], aceptar filtros [false], aleatorio [true], UDS [true].
27-May-2026 10:49:32.808 INFO [main] org.apache.catalina.core.AprLifecycleListener.lifecycleEvent APR/OpenSSL configuration: useAprConnector [false], useOpenSSL [true]
27-May-2026 10:49:32.821 INFO [main] org.apache.catalina.core.AprLifecycleListener.initializeSSL OpenSSL inicializado correctamente [OpenSSL 3.0.19 27 Jan 2026]
27-May-2026 10:49:33.394 INFO [main] org.apache.coyote.AbstractProtocol.init Inicializando el manejador de protocolo ["http-nio-8080"]

27-May-2026 10:49:33.430 INFO [main] org.apache.catalina.startup.Catalina.load Server initialization in [1193] milliseconds
27-May-2026 10:49:33.533 INFO [main] org.apache.catalina.core.StandardService.startInternal Arrancando servicio [Catalina]
27-May-2026 10:49:33.533 INFO [main] org.apache.catalina.core.StandardEngine.startInternal Starting Servlet engine: [Apache Tomcat/9.0.117]
27-May-2026 10:49:33.550 INFO [main] org.apache.catalina.startup.HostConfig.deployDescriptor Desplieque del descriptor de configuración [C:\Users\Juanm\IdeaProjects\eventosProyecto\webapps\conf\Catalina\localhost\eventosProyecto.xml]
27-May-2026 10:49:35.897 INFO [main] org.apache.jasper.servlet.TldScanner.scanJars Al menos un JAR, que se ha explorado buscando TLDs, aún no contenía TLDs. Activar historial de depuración para este historiador para una completa lista de los JARs que fueron explorados y de los que nos se halló TLDs. Saltarse JARs no necesarios durante la exploración puede dar lugar a una mejora de tiempo significativa en el arranque y compilación de JSP .
27-May-2026 10:49:36.130 INFO [main] org.apache.catalina.startup.HostConfig.deployDescriptor Deployment of deployment descriptor [C:\Users\Juanm\IdeaProjects\eventosProyecto\webapps\conf\Catalina\localhost\eventosProyecto.xml] has finished in [2.569] ms
27-May-2026 10:49:36.141 INFO [main] org.apache.coyote.AbstractProtocol.start Starting ProtocolHandler ["http-nio-8080"]
27-May-2026 10:49:36.184 INFO [main] org.apache.catalina.startup.Catalina.start Server startup in [2749] milliseconds
27-May-2026 10:52:02.492 INFO [Thread-1] org.apache.coyote.AbstractProtocol.pause Pausing ProtocolHandler ["http-nio-8080"]
27-May-2026 10:52:02.557 INFO [Thread-1] org.apache.catalina.core.StandardService.stopInternal Parando servicio [Catalina]
27-May-2026 10:52:02.726 INFO [Thread-1] org.apache.coyote.AbstractProtocol.stop Stopping ProtocolHandler ["http-nio-8080"]
27-May-2026 10:52:02.743 INFO [Thread-1] org.apache.coyote.AbstractProtocol.destroy Destroying ProtocolHandler ["http-nio-8080"]
27-May-2026 10:52:08.630 INFO [main] org.apache.catalina.startup.VersionLoggerListener.log Nombre de la versión del servidor: Apache Tomcat/9.0.117
27-May-2026 10:52:08.635 INFO [main] org.apache.catalina.startup.VersionLoggerListener.log Server built:                      Mar 30 2026 18:21:16 UTC
27-May-2026 10:52:08.636 INFO [main] org.apache.catalina.startup.VersionLoggerListener.log Número de versión de servidor:     9.0.117.0
27-May-2026 10:52:08.636 INFO [main] org.apache.catalina.startup.VersionLoggerListener.log OS Name:                           Windows 11
27-May-2026 10:52:08.637 INFO [main] org.apache.catalina.startup.VersionLoggerListener.log Versión de Systema Operativo:      10.0
27-May-2026 10:52:08.637 INFO [main] org.apache.catalina.startup.VersionLoggerListener.log Arquitectura:                      amd64
27-May-2026 10:52:08.637 INFO [main] org.apache.catalina.startup.VersionLoggerListener.log Java Home:                         C:\Users\Juanm\.jdks\openjdk-25.0.2
27-May-2026 10:52:08.637 INFO [main] org.apache.catalina.startup.VersionLoggerListener.log JVM Version:                       25.0.2+10-69
27-May-2026 10:52:08.637 INFO [main] org.apache.catalina.startup.VersionLoggerListener.log Vededor JVM:                       Oracle Corporation
27-May-2026 10:52:08.638 INFO [main] org.apache.catalina.startup.VersionLoggerListener.log CATALINA_BASE:                     C:\Users\Juanm\IdeaProjects\eventosProyecto\webapps
27-May-2026 10:52:08.638 INFO [main] org.apache.catalina.startup.VersionLoggerListener.log CATALINA_HOME:                     C:\apache-tomcat-9.0.117
27-May-2026 10:52:08.656 INFO [main] org.apache.catalina.startup.VersionLoggerListener.log Command line argument:             --add-opens=java.base/java.lang=ALL-UNNAMED
27-May-2026 10:52:08.656 INFO [main] org.apache.catalina.startup.VersionLoggerListener.log Command line argument:             --add-opens=java.base/java.io=ALL-UNNAMED
27-May-2026 10:52:08.657 INFO [main] org.apache.catalina.startup.VersionLoggerListener.log Command line argument:             --add-opens=java.base/java.util=ALL-UNNAMED
27-May-2026 10:52:08.657 INFO [main] org.apache.catalina.startup.VersionLoggerListener.log Command line argument:             --add-opens=java.base/java.util.concurrent=ALL-UNNAMED
27-May-2026 10:52:08.657 INFO [main] org.apache.catalina.startup.VersionLoggerListener.log Command line argument:             --add-opens=java.rmi/sun.rmi.transport=ALL-UNNAMED
27-May-2026 10:52:08.657 INFO [main] org.apache.catalina.startup.VersionLoggerListener.log Command line argument:             -Dcatalina.home=C:\apache-tomcat-9.0.117
27-May-2026 10:52:08.658 INFO [main] org.apache.catalina.startup.VersionLoggerListener.log Command line argument:             -Dcatalina.base=C:\Users\Juanm\IdeaProjects\eventosProyecto\webapps
27-May-2026 10:52:08.658 INFO [main] org.apache.catalina.startup.VersionLoggerListener.log Command line argument:             -Djava.io.tmpdir=C:\Users\Juanm\IdeaProjects\eventosProyecto\webapps\temp
27-May-2026 10:52:08.658 INFO [main] org.apache.catalina.startup.VersionLoggerListener.log Command line argument:             -Djava.util.logging.config.file=C:\Users\Juanm\IdeaProjects\eventosProyecto\webapps\conf\logging.properties
27-May-2026 10:52:08.658 INFO [main] org.apache.catalina.startup.VersionLoggerListener.log Command line argument:             -Djava.util.logging.manager=org.apache.juli.ClassLoaderLogManager
27-May-2026 10:52:08.658 INFO [main] org.apache.catalina.startup.VersionLoggerListener.log Command line argument:             -javaagent:C:\Program Files\JetBrains\IntelliJ IDEA 2025.3\lib\idea_rt.jar=57272
27-May-2026 10:52:08.659 INFO [main] org.apache.catalina.startup.VersionLoggerListener.log Command line argument:             -Dfile.encoding=UTF-8
27-May-2026 10:52:08.659 INFO [main] org.apache.catalina.startup.VersionLoggerListener.log Command line argument:             -Dsun.stdout.encoding=UTF-8
27-May-2026 10:52:08.659 INFO [main] org.apache.catalina.startup.VersionLoggerListener.log Command line argument:             -Dsun.stderr.encoding=UTF-8
27-May-2026 10:52:08.670 INFO [main] org.apache.catalina.core.AprLifecycleListener.lifecycleEvent Cargada la biblioteca nativa APR de Apache Tomcat [1.3.7] con la versión APR [1.7.6].
27-May-2026 10:52:08.670 INFO [main] org.apache.catalina.core.AprLifecycleListener.lifecycleEvent Capacidades APR: IPv6 [true], enviar fichero [true], aceptar filtros [false], aleatorio [true], UDS [true].
27-May-2026 10:52:08.670 INFO [main] org.apache.catalina.core.AprLifecycleListener.lifecycleEvent APR/OpenSSL configuration: useAprConnector [false], useOpenSSL [true]
27-May-2026 10:52:08.691 INFO [main] org.apache.catalina.core.AprLifecycleListener.initializeSSL OpenSSL inicializado correctamente [OpenSSL 3.0.19 27 Jan 2026]
27-May-2026 10:52:09.463 INFO [main] org.apache.coyote.AbstractProtocol.init Inicializando el manejador de protocolo ["http-nio-8080"]

27-May-2026 10:52:09.513 INFO [main] org.apache.catalina.startup.Catalina.load Server initialization in [1608] milliseconds
27-May-2026 10:52:09.647 INFO [main] org.apache.catalina.core.StandardService.startInternal Arrancando servicio [Catalina]
27-May-2026 10:52:09.647 INFO [main] org.apache.catalina.core.StandardEngine.startInternal Starting Servlet engine: [Apache Tomcat/9.0.117]
27-May-2026 10:52:09.680 INFO [main] org.apache.catalina.startup.HostConfig.deployDescriptor Desplieque del descriptor de configuración [C:\Users\Juanm\IdeaProjects\eventosProyecto\webapps\conf\Catalina\localhost\eventosProyecto.xml]
27-May-2026 10:52:13.104 INFO [main] org.apache.jasper.servlet.TldScanner.scanJars Al menos un JAR, que se ha explorado buscando TLDs, aún no contenía TLDs. Activar historial de depuración para este historiador para una completa lista de los JARs que fueron explorados y de los que nos se halló TLDs. Saltarse JARs no necesarios durante la exploración puede dar lugar a una mejora de tiempo significativa en el arranque y compilación de JSP .
27-May-2026 10:52:13.495 INFO [main] org.apache.catalina.startup.HostConfig.deployDescriptor Deployment of deployment descriptor [C:\Users\Juanm\IdeaProjects\eventosProyecto\webapps\conf\Catalina\localhost\eventosProyecto.xml] has finished in [3.803] ms
27-May-2026 10:52:13.508 INFO [main] org.apache.coyote.AbstractProtocol.start Starting ProtocolHandler ["http-nio-8080"]
27-May-2026 10:52:13.567 INFO [main] org.apache.catalina.startup.Catalina.start Server startup in [4047] milliseconds
27-May-2026 10:52:59.114 INFO [Thread-1] org.apache.coyote.AbstractProtocol.pause Pausing ProtocolHandler ["http-nio-8080"]
27-May-2026 10:52:59.129 INFO [Thread-1] org.apache.catalina.core.StandardService.stopInternal Parando servicio [Catalina]
27-May-2026 10:52:59.141 WARNING [Thread-1] org.apache.catalina.loader.WebappClassLoaderBase.clearReferencesJdbc La aplicación web [eventosProyecto] registró el conductor JDBC [com.mysql.cj.jdbc.Driver] pero falló al anular el registro mientras la aplicación web estaba parada. Para prevenir un fallo de memoria, se ha anulado el registro del conductor JDBC por la fuerza.
27-May-2026 10:52:59.142 WARNING [Thread-1] org.apache.catalina.loader.WebappClassLoaderBase.clearReferencesThreads The web application [eventosProyecto] appears to have started a thread named [mysql-cj-abandoned-connection-cleanup] but has failed to stop it. This is very likely to create a memory leak. Stack trace of thread:
 java.base/java.lang.Object.wait0(Native Method)
 java.base/java.lang.Object.wait(Object.java:389)
 java.base/java.lang.ref.ReferenceQueue.remove0(ReferenceQueue.java:123)
 java.base/java.lang.ref.ReferenceQueue.remove(ReferenceQueue.java:201)
 com.mysql.cj.jdbc.AbandonedConnectionCleanupThread.run(AbandonedConnectionCleanupThread.java:91)
 java.base/java.util.concurrent.ThreadPoolExecutor.runWorker(ThreadPoolExecutor.java:1090)
 java.base/java.util.concurrent.ThreadPoolExecutor$Worker.run(ThreadPoolExecutor.java:614)
 java.base/java.lang.Thread.run(Thread.java:1474)
27-May-2026 10:52:59.153 INFO [Thread-1] org.apache.coyote.AbstractProtocol.stop Stopping ProtocolHandler ["http-nio-8080"]
27-May-2026 10:52:59.167 INFO [Thread-1] org.apache.coyote.AbstractProtocol.destroy Destroying ProtocolHandler ["http-nio-8080"]
27-May-2026 12:38:27.623 INFO [main] org.apache.catalina.startup.VersionLoggerListener.log Nombre de la versión del servidor: Apache Tomcat/9.0.117
27-May-2026 12:38:27.632 INFO [main] org.apache.catalina.startup.VersionLoggerListener.log Server built:                      Mar 30 2026 18:21:16 UTC
27-May-2026 12:38:27.634 INFO [main] org.apache.catalina.startup.VersionLoggerListener.log Número de versión de servidor:     9.0.117.0
27-May-2026 12:38:27.635 INFO [main] org.apache.catalina.startup.VersionLoggerListener.log OS Name:                           Windows 11
27-May-2026 12:38:27.636 INFO [main] org.apache.catalina.startup.VersionLoggerListener.log Versión de Systema Operativo:      10.0
27-May-2026 12:38:27.636 INFO [main] org.apache.catalina.startup.VersionLoggerListener.log Arquitectura:                      amd64
27-May-2026 12:38:27.636 INFO [main] org.apache.catalina.startup.VersionLoggerListener.log Java Home:                         C:\Users\Juanm\.jdks\openjdk-25.0.2
27-May-2026 12:38:27.637 INFO [main] org.apache.catalina.startup.VersionLoggerListener.log JVM Version:                       25.0.2+10-69
27-May-2026 12:38:27.637 INFO [main] org.apache.catalina.startup.VersionLoggerListener.log Vededor JVM:                       Oracle Corporation
27-May-2026 12:38:27.637 INFO [main] org.apache.catalina.startup.VersionLoggerListener.log CATALINA_BASE:                     C:\Users\Juanm\IdeaProjects\eventosProyecto\webapps
27-May-2026 12:38:27.638 INFO [main] org.apache.catalina.startup.VersionLoggerListener.log CATALINA_HOME:                     C:\apache-tomcat-9.0.117
27-May-2026 12:38:27.662 INFO [main] org.apache.catalina.startup.VersionLoggerListener.log Command line argument:             --add-opens=java.base/java.lang=ALL-UNNAMED
27-May-2026 12:38:27.662 INFO [main] org.apache.catalina.startup.VersionLoggerListener.log Command line argument:             --add-opens=java.base/java.io=ALL-UNNAMED
27-May-2026 12:38:27.663 INFO [main] org.apache.catalina.startup.VersionLoggerListener.log Command line argument:             --add-opens=java.base/java.util=ALL-UNNAMED
27-May-2026 12:38:27.663 INFO [main] org.apache.catalina.startup.VersionLoggerListener.log Command line argument:             --add-opens=java.base/java.util.concurrent=ALL-UNNAMED
27-May-2026 12:38:27.664 INFO [main] org.apache.catalina.startup.VersionLoggerListener.log Command line argument:             --add-opens=java.rmi/sun.rmi.transport=ALL-UNNAMED
27-May-2026 12:38:27.664 INFO [main] org.apache.catalina.startup.VersionLoggerListener.log Command line argument:             -Dcatalina.home=C:\apache-tomcat-9.0.117
27-May-2026 12:38:27.664 INFO [main] org.apache.catalina.startup.VersionLoggerListener.log Command line argument:             -Dcatalina.base=C:\Users\Juanm\IdeaProjects\eventosProyecto\webapps
27-May-2026 12:38:27.664 INFO [main] org.apache.catalina.startup.VersionLoggerListener.log Command line argument:             -Djava.io.tmpdir=C:\Users\Juanm\IdeaProjects\eventosProyecto\webapps\temp
27-May-2026 12:38:27.664 INFO [main] org.apache.catalina.startup.VersionLoggerListener.log Command line argument:             -Djava.util.logging.config.file=C:\Users\Juanm\IdeaProjects\eventosProyecto\webapps\conf\logging.properties
27-May-2026 12:38:27.665 INFO [main] org.apache.catalina.startup.VersionLoggerListener.log Command line argument:             -Djava.util.logging.manager=org.apache.juli.ClassLoaderLogManager
27-May-2026 12:38:27.665 INFO [main] org.apache.catalina.startup.VersionLoggerListener.log Command line argument:             -javaagent:C:\Program Files\JetBrains\IntelliJ IDEA 2025.3\lib\idea_rt.jar=60297
27-May-2026 12:38:27.665 INFO [main] org.apache.catalina.startup.VersionLoggerListener.log Command line argument:             -Dfile.encoding=UTF-8
27-May-2026 12:38:27.666 INFO [main] org.apache.catalina.startup.VersionLoggerListener.log Command line argument:             -Dsun.stdout.encoding=UTF-8
27-May-2026 12:38:27.666 INFO [main] org.apache.catalina.startup.VersionLoggerListener.log Command line argument:             -Dsun.stderr.encoding=UTF-8
27-May-2026 12:38:27.692 INFO [main] org.apache.catalina.core.AprLifecycleListener.lifecycleEvent Cargada la biblioteca nativa APR de Apache Tomcat [1.3.7] con la versión APR [1.7.6].
27-May-2026 12:38:27.693 INFO [main] org.apache.catalina.core.AprLifecycleListener.lifecycleEvent Capacidades APR: IPv6 [true], enviar fichero [true], aceptar filtros [false], aleatorio [true], UDS [true].
27-May-2026 12:38:27.693 INFO [main] org.apache.catalina.core.AprLifecycleListener.lifecycleEvent APR/OpenSSL configuration: useAprConnector [false], useOpenSSL [true]
27-May-2026 12:38:27.738 INFO [main] org.apache.catalina.core.AprLifecycleListener.initializeSSL OpenSSL inicializado correctamente [OpenSSL 3.0.19 27 Jan 2026]
27-May-2026 12:38:28.755 INFO [main] org.apache.coyote.AbstractProtocol.init Inicializando el manejador de protocolo ["http-nio-8080"]

27-May-2026 12:38:28.796 INFO [main] org.apache.catalina.startup.Catalina.load Server initialization in [2095] milliseconds
27-May-2026 12:38:28.939 INFO [main] org.apache.catalina.core.StandardService.startInternal Arrancando servicio [Catalina]
27-May-2026 12:38:28.941 INFO [main] org.apache.catalina.core.StandardEngine.startInternal Starting Servlet engine: [Apache Tomcat/9.0.117]
27-May-2026 12:38:28.973 INFO [main] org.apache.catalina.startup.HostConfig.deployDescriptor Desplieque del descriptor de configuración [C:\Users\Juanm\IdeaProjects\eventosProyecto\webapps\conf\Catalina\localhost\eventosProyecto.xml]
27-May-2026 12:38:37.857 INFO [main] org.apache.jasper.servlet.TldScanner.scanJars Al menos un JAR, que se ha explorado buscando TLDs, aún no contenía TLDs. Activar historial de depuración para este historiador para una completa lista de los JARs que fueron explorados y de los que nos se halló TLDs. Saltarse JARs no necesarios durante la exploración puede dar lugar a una mejora de tiempo significativa en el arranque y compilación de JSP .
27-May-2026 12:38:38.499 INFO [main] org.apache.catalina.startup.HostConfig.deployDescriptor Deployment of deployment descriptor [C:\Users\Juanm\IdeaProjects\eventosProyecto\webapps\conf\Catalina\localhost\eventosProyecto.xml] has finished in [9.508] ms
27-May-2026 12:38:38.515 INFO [main] org.apache.coyote.AbstractProtocol.start Starting ProtocolHandler ["http-nio-8080"]
27-May-2026 12:38:38.618 INFO [main] org.apache.catalina.startup.Catalina.start Server startup in [9818] milliseconds
27-May-2026 12:52:14.014 INFO [Thread-1] org.apache.coyote.AbstractProtocol.pause Pausing ProtocolHandler ["http-nio-8080"]
27-May-2026 12:52:14.204 INFO [Thread-1] org.apache.catalina.core.StandardService.stopInternal Parando servicio [Catalina]
27-May-2026 12:52:14.386 WARNING [Thread-1] org.apache.catalina.loader.WebappClassLoaderBase.clearReferencesJdbc La aplicación web [eventosProyecto] registró el conductor JDBC [com.mysql.cj.jdbc.Driver] pero falló al anular el registro mientras la aplicación web estaba parada. Para prevenir un fallo de memoria, se ha anulado el registro del conductor JDBC por la fuerza.
27-May-2026 12:52:14.400 WARNING [Thread-1] org.apache.catalina.loader.WebappClassLoaderBase.clearReferencesThreads The web application [eventosProyecto] appears to have started a thread named [mysql-cj-abandoned-connection-cleanup] but has failed to stop it. This is very likely to create a memory leak. Stack trace of thread:
 java.base/java.lang.Object.wait0(Native Method)
 java.base/java.lang.Object.wait(Object.java:389)
 java.base/java.lang.ref.ReferenceQueue.remove0(ReferenceQueue.java:123)
 java.base/java.lang.ref.ReferenceQueue.remove(ReferenceQueue.java:201)
 com.mysql.cj.jdbc.AbandonedConnectionCleanupThread.run(AbandonedConnectionCleanupThread.java:91)
 java.base/java.util.concurrent.ThreadPoolExecutor.runWorker(ThreadPoolExecutor.java:1090)
 java.base/java.util.concurrent.ThreadPoolExecutor$Worker.run(ThreadPoolExecutor.java:614)
 java.base/java.lang.Thread.run(Thread.java:1474)
27-May-2026 12:52:14.484 INFO [Thread-1] org.apache.coyote.AbstractProtocol.stop Stopping ProtocolHandler ["http-nio-8080"]
27-May-2026 12:52:14.506 INFO [Thread-1] org.apache.coyote.AbstractProtocol.destroy Destroying ProtocolHandler ["http-nio-8080"]
27-May-2026 12:52:23.622 INFO [main] org.apache.catalina.startup.VersionLoggerListener.log Nombre de la versión del servidor: Apache Tomcat/9.0.117
27-May-2026 12:52:23.628 INFO [main] org.apache.catalina.startup.VersionLoggerListener.log Server built:                      Mar 30 2026 18:21:16 UTC
27-May-2026 12:52:23.629 INFO [main] org.apache.catalina.startup.VersionLoggerListener.log Número de versión de servidor:     9.0.117.0
27-May-2026 12:52:23.630 INFO [main] org.apache.catalina.startup.VersionLoggerListener.log OS Name:                           Windows 11
27-May-2026 12:52:23.630 INFO [main] org.apache.catalina.startup.VersionLoggerListener.log Versión de Systema Operativo:      10.0
27-May-2026 12:52:23.631 INFO [main] org.apache.catalina.startup.VersionLoggerListener.log Arquitectura:                      amd64
27-May-2026 12:52:23.631 INFO [main] org.apache.catalina.startup.VersionLoggerListener.log Java Home:                         C:\Users\Juanm\.jdks\openjdk-25.0.2
27-May-2026 12:52:23.631 INFO [main] org.apache.catalina.startup.VersionLoggerListener.log JVM Version:                       25.0.2+10-69
27-May-2026 12:52:23.631 INFO [main] org.apache.catalina.startup.VersionLoggerListener.log Vededor JVM:                       Oracle Corporation
27-May-2026 12:52:23.632 INFO [main] org.apache.catalina.startup.VersionLoggerListener.log CATALINA_BASE:                     C:\Users\Juanm\IdeaProjects\eventosProyecto\webapps
27-May-2026 12:52:23.632 INFO [main] org.apache.catalina.startup.VersionLoggerListener.log CATALINA_HOME:                     C:\apache-tomcat-9.0.117
27-May-2026 12:52:23.645 INFO [main] org.apache.catalina.startup.VersionLoggerListener.log Command line argument:             --add-opens=java.base/java.lang=ALL-UNNAMED
27-May-2026 12:52:23.645 INFO [main] org.apache.catalina.startup.VersionLoggerListener.log Command line argument:             --add-opens=java.base/java.io=ALL-UNNAMED
27-May-2026 12:52:23.645 INFO [main] org.apache.catalina.startup.VersionLoggerListener.log Command line argument:             --add-opens=java.base/java.util=ALL-UNNAMED
27-May-2026 12:52:23.646 INFO [main] org.apache.catalina.startup.VersionLoggerListener.log Command line argument:             --add-opens=java.base/java.util.concurrent=ALL-UNNAMED
27-May-2026 12:52:23.646 INFO [main] org.apache.catalina.startup.VersionLoggerListener.log Command line argument:             --add-opens=java.rmi/sun.rmi.transport=ALL-UNNAMED
27-May-2026 12:52:23.646 INFO [main] org.apache.catalina.startup.VersionLoggerListener.log Command line argument:             -Dcatalina.home=C:\apache-tomcat-9.0.117
27-May-2026 12:52:23.646 INFO [main] org.apache.catalina.startup.VersionLoggerListener.log Command line argument:             -Dcatalina.base=C:\Users\Juanm\IdeaProjects\eventosProyecto\webapps
27-May-2026 12:52:23.646 INFO [main] org.apache.catalina.startup.VersionLoggerListener.log Command line argument:             -Djava.io.tmpdir=C:\Users\Juanm\IdeaProjects\eventosProyecto\webapps\temp
27-May-2026 12:52:23.646 INFO [main] org.apache.catalina.startup.VersionLoggerListener.log Command line argument:             -Djava.util.logging.config.file=C:\Users\Juanm\IdeaProjects\eventosProyecto\webapps\conf\logging.properties
27-May-2026 12:52:23.646 INFO [main] org.apache.catalina.startup.VersionLoggerListener.log Command line argument:             -Djava.util.logging.manager=org.apache.juli.ClassLoaderLogManager
27-May-2026 12:52:23.646 INFO [main] org.apache.catalina.startup.VersionLoggerListener.log Command line argument:             -javaagent:C:\Program Files\JetBrains\IntelliJ IDEA 2025.3\lib\idea_rt.jar=59386
27-May-2026 12:52:23.647 INFO [main] org.apache.catalina.startup.VersionLoggerListener.log Command line argument:             -Dfile.encoding=UTF-8
27-May-2026 12:52:23.647 INFO [main] org.apache.catalina.startup.VersionLoggerListener.log Command line argument:             -Dsun.stdout.encoding=UTF-8
27-May-2026 12:52:23.647 INFO [main] org.apache.catalina.startup.VersionLoggerListener.log Command line argument:             -Dsun.stderr.encoding=UTF-8
27-May-2026 12:52:23.657 INFO [main] org.apache.catalina.core.AprLifecycleListener.lifecycleEvent Cargada la biblioteca nativa APR de Apache Tomcat [1.3.7] con la versión APR [1.7.6].
27-May-2026 12:52:23.659 INFO [main] org.apache.catalina.core.AprLifecycleListener.lifecycleEvent Capacidades APR: IPv6 [true], enviar fichero [true], aceptar filtros [false], aleatorio [true], UDS [true].
27-May-2026 12:52:23.659 INFO [main] org.apache.catalina.core.AprLifecycleListener.lifecycleEvent APR/OpenSSL configuration: useAprConnector [false], useOpenSSL [true]
27-May-2026 12:52:23.684 INFO [main] org.apache.catalina.core.AprLifecycleListener.initializeSSL OpenSSL inicializado correctamente [OpenSSL 3.0.19 27 Jan 2026]
27-May-2026 12:52:24.515 INFO [main] org.apache.coyote.AbstractProtocol.init Inicializando el manejador de protocolo ["http-nio-8080"]

27-May-2026 12:52:24.572 INFO [main] org.apache.catalina.startup.Catalina.load Server initialization in [1612] milliseconds
27-May-2026 12:52:24.710 INFO [main] org.apache.catalina.core.StandardService.startInternal Arrancando servicio [Catalina]
27-May-2026 12:52:24.710 INFO [main] org.apache.catalina.core.StandardEngine.startInternal Starting Servlet engine: [Apache Tomcat/9.0.117]
27-May-2026 12:52:24.736 INFO [main] org.apache.catalina.startup.HostConfig.deployDescriptor Desplieque del descriptor de configuración [C:\Users\Juanm\IdeaProjects\eventosProyecto\webapps\conf\Catalina\localhost\eventosProyecto.xml]
27-May-2026 12:52:29.146 INFO [main] org.apache.jasper.servlet.TldScanner.scanJars Al menos un JAR, que se ha explorado buscando TLDs, aún no contenía TLDs. Activar historial de depuración para este historiador para una completa lista de los JARs que fueron explorados y de los que nos se halló TLDs. Saltarse JARs no necesarios durante la exploración puede dar lugar a una mejora de tiempo significativa en el arranque y compilación de JSP .
27-May-2026 12:52:29.561 INFO [main] org.apache.catalina.startup.HostConfig.deployDescriptor Deployment of deployment descriptor [C:\Users\Juanm\IdeaProjects\eventosProyecto\webapps\conf\Catalina\localhost\eventosProyecto.xml] has finished in [4.813] ms
27-May-2026 12:52:29.569 INFO [main] org.apache.coyote.AbstractProtocol.start Starting ProtocolHandler ["http-nio-8080"]
27-May-2026 12:52:29.636 INFO [main] org.apache.catalina.startup.Catalina.start Server startup in [5057] milliseconds
27-May-2026 12:54:04.177 INFO [Thread-1] org.apache.coyote.AbstractProtocol.pause Pausing ProtocolHandler ["http-nio-8080"]
27-May-2026 12:54:04.198 INFO [Thread-1] org.apache.catalina.core.StandardService.stopInternal Parando servicio [Catalina]
27-May-2026 12:54:04.219 WARNING [Thread-1] org.apache.catalina.loader.WebappClassLoaderBase.clearReferencesJdbc La aplicación web [eventosProyecto] registró el conductor JDBC [com.mysql.cj.jdbc.Driver] pero falló al anular el registro mientras la aplicación web estaba parada. Para prevenir un fallo de memoria, se ha anulado el registro del conductor JDBC por la fuerza.
27-May-2026 12:54:04.220 WARNING [Thread-1] org.apache.catalina.loader.WebappClassLoaderBase.clearReferencesThreads The web application [eventosProyecto] appears to have started a thread named [mysql-cj-abandoned-connection-cleanup] but has failed to stop it. This is very likely to create a memory leak. Stack trace of thread:
 java.base/java.lang.Object.wait0(Native Method)
 java.base/java.lang.Object.wait(Object.java:389)
 java.base/java.lang.ref.ReferenceQueue.remove0(ReferenceQueue.java:123)
 java.base/java.lang.ref.ReferenceQueue.remove(ReferenceQueue.java:201)
 com.mysql.cj.jdbc.AbandonedConnectionCleanupThread.run(AbandonedConnectionCleanupThread.java:91)
 java.base/java.util.concurrent.ThreadPoolExecutor.runWorker(ThreadPoolExecutor.java:1090)
 java.base/java.util.concurrent.ThreadPoolExecutor$Worker.run(ThreadPoolExecutor.java:614)
 java.base/java.lang.Thread.run(Thread.java:1474)
27-May-2026 12:54:04.237 INFO [Thread-1] org.apache.coyote.AbstractProtocol.stop Stopping ProtocolHandler ["http-nio-8080"]
27-May-2026 12:54:04.246 INFO [Thread-1] org.apache.coyote.AbstractProtocol.destroy Destroying ProtocolHandler ["http-nio-8080"]
27-May-2026 12:54:04.293 INFO [mysql-cj-abandoned-connection-cleanup] org.apache.catalina.loader.WebappClassLoaderBase.checkStateForResourceLoading Acceso ilegal: esta instancia de aplicación web ya ha sido parada.  Could not load [].  La eventual traza de pila que sigue ha sido motivada por un error lanzado con motivos de depuración así como para intentar terminar el hilo que motivó el acceso ilegal y no tiene impacto funcional.
	java.lang.IllegalStateException: Acceso ilegal: esta instancia de aplicación web ya ha sido parada.  Could not load [].  La eventual traza de pila que sigue ha sido motivada por un error lanzado con motivos de depuración así como para intentar terminar el hilo que motivó el acceso ilegal y no tiene impacto funcional.
		at org.apache.catalina.loader.WebappClassLoaderBase.checkStateForResourceLoading(WebappClassLoaderBase.java:1370)
		at org.apache.catalina.loader.WebappClassLoaderBase.getResource(WebappClassLoaderBase.java:994)
		at com.mysql.cj.jdbc.AbandonedConnectionCleanupThread.checkThreadContextClassLoader(AbandonedConnectionCleanupThread.java:123)
		at com.mysql.cj.jdbc.AbandonedConnectionCleanupThread.run(AbandonedConnectionCleanupThread.java:90)
		at java.base/java.util.concurrent.ThreadPoolExecutor.runWorker(ThreadPoolExecutor.java:1090)
		at java.base/java.util.concurrent.ThreadPoolExecutor$Worker.run(ThreadPoolExecutor.java:614)
		at java.base/java.lang.Thread.run(Thread.java:1474)
27-May-2026 12:54:11.584 INFO [main] org.apache.catalina.startup.VersionLoggerListener.log Nombre de la versión del servidor: Apache Tomcat/9.0.117
27-May-2026 12:54:11.591 INFO [main] org.apache.catalina.startup.VersionLoggerListener.log Server built:                      Mar 30 2026 18:21:16 UTC
27-May-2026 12:54:11.592 INFO [main] org.apache.catalina.startup.VersionLoggerListener.log Número de versión de servidor:     9.0.117.0
27-May-2026 12:54:11.592 INFO [main] org.apache.catalina.startup.VersionLoggerListener.log OS Name:                           Windows 11
27-May-2026 12:54:11.592 INFO [main] org.apache.catalina.startup.VersionLoggerListener.log Versión de Systema Operativo:      10.0
27-May-2026 12:54:11.593 INFO [main] org.apache.catalina.startup.VersionLoggerListener.log Arquitectura:                      amd64
27-May-2026 12:54:11.593 INFO [main] org.apache.catalina.startup.VersionLoggerListener.log Java Home:                         C:\Users\Juanm\.jdks\openjdk-25.0.2
27-May-2026 12:54:11.593 INFO [main] org.apache.catalina.startup.VersionLoggerListener.log JVM Version:                       25.0.2+10-69
27-May-2026 12:54:11.593 INFO [main] org.apache.catalina.startup.VersionLoggerListener.log Vededor JVM:                       Oracle Corporation
27-May-2026 12:54:11.593 INFO [main] org.apache.catalina.startup.VersionLoggerListener.log CATALINA_BASE:                     C:\Users\Juanm\IdeaProjects\eventosProyecto\webapps
27-May-2026 12:54:11.595 INFO [main] org.apache.catalina.startup.VersionLoggerListener.log CATALINA_HOME:                     C:\apache-tomcat-9.0.117
27-May-2026 12:54:11.612 INFO [main] org.apache.catalina.startup.VersionLoggerListener.log Command line argument:             --add-opens=java.base/java.lang=ALL-UNNAMED
27-May-2026 12:54:11.612 INFO [main] org.apache.catalina.startup.VersionLoggerListener.log Command line argument:             --add-opens=java.base/java.io=ALL-UNNAMED
27-May-2026 12:54:11.612 INFO [main] org.apache.catalina.startup.VersionLoggerListener.log Command line argument:             --add-opens=java.base/java.util=ALL-UNNAMED
27-May-2026 12:54:11.613 INFO [main] org.apache.catalina.startup.VersionLoggerListener.log Command line argument:             --add-opens=java.base/java.util.concurrent=ALL-UNNAMED
27-May-2026 12:54:11.613 INFO [main] org.apache.catalina.startup.VersionLoggerListener.log Command line argument:             --add-opens=java.rmi/sun.rmi.transport=ALL-UNNAMED
27-May-2026 12:54:11.613 INFO [main] org.apache.catalina.startup.VersionLoggerListener.log Command line argument:             -Dcatalina.home=C:\apache-tomcat-9.0.117
27-May-2026 12:54:11.614 INFO [main] org.apache.catalina.startup.VersionLoggerListener.log Command line argument:             -Dcatalina.base=C:\Users\Juanm\IdeaProjects\eventosProyecto\webapps
27-May-2026 12:54:11.614 INFO [main] org.apache.catalina.startup.VersionLoggerListener.log Command line argument:             -Djava.io.tmpdir=C:\Users\Juanm\IdeaProjects\eventosProyecto\webapps\temp
27-May-2026 12:54:11.614 INFO [main] org.apache.catalina.startup.VersionLoggerListener.log Command line argument:             -Djava.util.logging.config.file=C:\Users\Juanm\IdeaProjects\eventosProyecto\webapps\conf\logging.properties
27-May-2026 12:54:11.614 INFO [main] org.apache.catalina.startup.VersionLoggerListener.log Command line argument:             -Djava.util.logging.manager=org.apache.juli.ClassLoaderLogManager
27-May-2026 12:54:11.614 INFO [main] org.apache.catalina.startup.VersionLoggerListener.log Command line argument:             -javaagent:C:\Program Files\JetBrains\IntelliJ IDEA 2025.3\lib\idea_rt.jar=58414
27-May-2026 12:54:11.615 INFO [main] org.apache.catalina.startup.VersionLoggerListener.log Command line argument:             -Dfile.encoding=UTF-8
27-May-2026 12:54:11.615 INFO [main] org.apache.catalina.startup.VersionLoggerListener.log Command line argument:             -Dsun.stdout.encoding=UTF-8
27-May-2026 12:54:11.615 INFO [main] org.apache.catalina.startup.VersionLoggerListener.log Command line argument:             -Dsun.stderr.encoding=UTF-8
27-May-2026 12:54:11.629 INFO [main] org.apache.catalina.core.AprLifecycleListener.lifecycleEvent Cargada la biblioteca nativa APR de Apache Tomcat [1.3.7] con la versión APR [1.7.6].
27-May-2026 12:54:11.629 INFO [main] org.apache.catalina.core.AprLifecycleListener.lifecycleEvent Capacidades APR: IPv6 [true], enviar fichero [true], aceptar filtros [false], aleatorio [true], UDS [true].
27-May-2026 12:54:11.629 INFO [main] org.apache.catalina.core.AprLifecycleListener.lifecycleEvent APR/OpenSSL configuration: useAprConnector [false], useOpenSSL [true]
27-May-2026 12:54:11.664 INFO [main] org.apache.catalina.core.AprLifecycleListener.initializeSSL OpenSSL inicializado correctamente [OpenSSL 3.0.19 27 Jan 2026]
27-May-2026 12:54:12.518 INFO [main] org.apache.coyote.AbstractProtocol.init Inicializando el manejador de protocolo ["http-nio-8080"]

27-May-2026 12:54:12.569 INFO [main] org.apache.catalina.startup.Catalina.load Server initialization in [1643] milliseconds
27-May-2026 12:54:12.698 INFO [main] org.apache.catalina.core.StandardService.startInternal Arrancando servicio [Catalina]
27-May-2026 12:54:12.699 INFO [main] org.apache.catalina.core.StandardEngine.startInternal Starting Servlet engine: [Apache Tomcat/9.0.117]
27-May-2026 12:54:12.720 INFO [main] org.apache.catalina.startup.HostConfig.deployDescriptor Desplieque del descriptor de configuración [C:\Users\Juanm\IdeaProjects\eventosProyecto\webapps\conf\Catalina\localhost\eventosProyecto.xml]
27-May-2026 12:54:16.270 INFO [main] org.apache.jasper.servlet.TldScanner.scanJars Al menos un JAR, que se ha explorado buscando TLDs, aún no contenía TLDs. Activar historial de depuración para este historiador para una completa lista de los JARs que fueron explorados y de los que nos se halló TLDs. Saltarse JARs no necesarios durante la exploración puede dar lugar a una mejora de tiempo significativa en el arranque y compilación de JSP .
27-May-2026 12:54:16.659 INFO [main] org.apache.catalina.startup.HostConfig.deployDescriptor Deployment of deployment descriptor [C:\Users\Juanm\IdeaProjects\eventosProyecto\webapps\conf\Catalina\localhost\eventosProyecto.xml] has finished in [3.928] ms
27-May-2026 12:54:16.669 INFO [main] org.apache.coyote.AbstractProtocol.start Starting ProtocolHandler ["http-nio-8080"]
27-May-2026 12:54:16.719 INFO [main] org.apache.catalina.startup.Catalina.start Server startup in [4146] milliseconds
27-May-2026 12:57:00.257 INFO [Thread-1] org.apache.coyote.AbstractProtocol.pause Pausing ProtocolHandler ["http-nio-8080"]
27-May-2026 12:57:00.343 INFO [Thread-1] org.apache.catalina.core.StandardService.stopInternal Parando servicio [Catalina]
27-May-2026 12:57:00.431 WARNING [Thread-1] org.apache.catalina.loader.WebappClassLoaderBase.clearReferencesJdbc La aplicación web [eventosProyecto] registró el conductor JDBC [com.mysql.cj.jdbc.Driver] pero falló al anular el registro mientras la aplicación web estaba parada. Para prevenir un fallo de memoria, se ha anulado el registro del conductor JDBC por la fuerza.
27-May-2026 12:57:00.438 WARNING [Thread-1] org.apache.catalina.loader.WebappClassLoaderBase.clearReferencesThreads The web application [eventosProyecto] appears to have started a thread named [mysql-cj-abandoned-connection-cleanup] but has failed to stop it. This is very likely to create a memory leak. Stack trace of thread:
 java.base/java.lang.Object.wait0(Native Method)
 java.base/java.lang.Object.wait(Object.java:389)
 java.base/java.lang.ref.ReferenceQueue.remove0(ReferenceQueue.java:123)
 java.base/java.lang.ref.ReferenceQueue.remove(ReferenceQueue.java:201)
 com.mysql.cj.jdbc.AbandonedConnectionCleanupThread.run(AbandonedConnectionCleanupThread.java:91)
 java.base/java.util.concurrent.ThreadPoolExecutor.runWorker(ThreadPoolExecutor.java:1090)
 java.base/java.util.concurrent.ThreadPoolExecutor$Worker.run(ThreadPoolExecutor.java:614)
 java.base/java.lang.Thread.run(Thread.java:1474)
27-May-2026 12:57:00.536 INFO [Thread-1] org.apache.coyote.AbstractProtocol.stop Stopping ProtocolHandler ["http-nio-8080"]
27-May-2026 12:57:00.561 INFO [Thread-1] org.apache.coyote.AbstractProtocol.destroy Destroying ProtocolHandler ["http-nio-8080"]
27-May-2026 12:57:00.665 INFO [mysql-cj-abandoned-connection-cleanup] org.apache.catalina.loader.WebappClassLoaderBase.checkStateForResourceLoading Acceso ilegal: esta instancia de aplicación web ya ha sido parada.  Could not load [].  La eventual traza de pila que sigue ha sido motivada por un error lanzado con motivos de depuración así como para intentar terminar el hilo que motivó el acceso ilegal y no tiene impacto funcional.
	java.lang.IllegalStateException: Acceso ilegal: esta instancia de aplicación web ya ha sido parada.  Could not load [].  La eventual traza de pila que sigue ha sido motivada por un error lanzado con motivos de depuración así como para intentar terminar el hilo que motivó el acceso ilegal y no tiene impacto funcional.
		at org.apache.catalina.loader.WebappClassLoaderBase.checkStateForResourceLoading(WebappClassLoaderBase.java:1370)
		at org.apache.catalina.loader.WebappClassLoaderBase.getResource(WebappClassLoaderBase.java:994)
		at com.mysql.cj.jdbc.AbandonedConnectionCleanupThread.checkThreadContextClassLoader(AbandonedConnectionCleanupThread.java:123)
		at com.mysql.cj.jdbc.AbandonedConnectionCleanupThread.run(AbandonedConnectionCleanupThread.java:90)
		at java.base/java.util.concurrent.ThreadPoolExecutor.runWorker(ThreadPoolExecutor.java:1090)
		at java.base/java.util.concurrent.ThreadPoolExecutor$Worker.run(ThreadPoolExecutor.java:614)
		at java.base/java.lang.Thread.run(Thread.java:1474)
27-May-2026 12:57:07.790 INFO [main] org.apache.catalina.startup.VersionLoggerListener.log Nombre de la versión del servidor: Apache Tomcat/9.0.117
27-May-2026 12:57:07.797 INFO [main] org.apache.catalina.startup.VersionLoggerListener.log Server built:                      Mar 30 2026 18:21:16 UTC
27-May-2026 12:57:07.798 INFO [main] org.apache.catalina.startup.VersionLoggerListener.log Número de versión de servidor:     9.0.117.0
27-May-2026 12:57:07.799 INFO [main] org.apache.catalina.startup.VersionLoggerListener.log OS Name:                           Windows 11
27-May-2026 12:57:07.799 INFO [main] org.apache.catalina.startup.VersionLoggerListener.log Versión de Systema Operativo:      10.0
27-May-2026 12:57:07.800 INFO [main] org.apache.catalina.startup.VersionLoggerListener.log Arquitectura:                      amd64
27-May-2026 12:57:07.800 INFO [main] org.apache.catalina.startup.VersionLoggerListener.log Java Home:                         C:\Users\Juanm\.jdks\openjdk-25.0.2
27-May-2026 12:57:07.800 INFO [main] org.apache.catalina.startup.VersionLoggerListener.log JVM Version:                       25.0.2+10-69
27-May-2026 12:57:07.802 INFO [main] org.apache.catalina.startup.VersionLoggerListener.log Vededor JVM:                       Oracle Corporation
27-May-2026 12:57:07.802 INFO [main] org.apache.catalina.startup.VersionLoggerListener.log CATALINA_BASE:                     C:\Users\Juanm\IdeaProjects\eventosProyecto\webapps
27-May-2026 12:57:07.802 INFO [main] org.apache.catalina.startup.VersionLoggerListener.log CATALINA_HOME:                     C:\apache-tomcat-9.0.117
27-May-2026 12:57:07.822 INFO [main] org.apache.catalina.startup.VersionLoggerListener.log Command line argument:             --add-opens=java.base/java.lang=ALL-UNNAMED
27-May-2026 12:57:07.822 INFO [main] org.apache.catalina.startup.VersionLoggerListener.log Command line argument:             --add-opens=java.base/java.io=ALL-UNNAMED
27-May-2026 12:57:07.822 INFO [main] org.apache.catalina.startup.VersionLoggerListener.log Command line argument:             --add-opens=java.base/java.util=ALL-UNNAMED
27-May-2026 12:57:07.822 INFO [main] org.apache.catalina.startup.VersionLoggerListener.log Command line argument:             --add-opens=java.base/java.util.concurrent=ALL-UNNAMED
27-May-2026 12:57:07.823 INFO [main] org.apache.catalina.startup.VersionLoggerListener.log Command line argument:             --add-opens=java.rmi/sun.rmi.transport=ALL-UNNAMED
27-May-2026 12:57:07.823 INFO [main] org.apache.catalina.startup.VersionLoggerListener.log Command line argument:             -Dcatalina.home=C:\apache-tomcat-9.0.117
27-May-2026 12:57:07.823 INFO [main] org.apache.catalina.startup.VersionLoggerListener.log Command line argument:             -Dcatalina.base=C:\Users\Juanm\IdeaProjects\eventosProyecto\webapps
27-May-2026 12:57:07.823 INFO [main] org.apache.catalina.startup.VersionLoggerListener.log Command line argument:             -Djava.io.tmpdir=C:\Users\Juanm\IdeaProjects\eventosProyecto\webapps\temp
27-May-2026 12:57:07.823 INFO [main] org.apache.catalina.startup.VersionLoggerListener.log Command line argument:             -Djava.util.logging.config.file=C:\Users\Juanm\IdeaProjects\eventosProyecto\webapps\conf\logging.properties
27-May-2026 12:57:07.823 INFO [main] org.apache.catalina.startup.VersionLoggerListener.log Command line argument:             -Djava.util.logging.manager=org.apache.juli.ClassLoaderLogManager
27-May-2026 12:57:07.824 INFO [main] org.apache.catalina.startup.VersionLoggerListener.log Command line argument:             -javaagent:C:\Program Files\JetBrains\IntelliJ IDEA 2025.3\lib\idea_rt.jar=65521
27-May-2026 12:57:07.824 INFO [main] org.apache.catalina.startup.VersionLoggerListener.log Command line argument:             -Dfile.encoding=UTF-8
27-May-2026 12:57:07.824 INFO [main] org.apache.catalina.startup.VersionLoggerListener.log Command line argument:             -Dsun.stdout.encoding=UTF-8
27-May-2026 12:57:07.824 INFO [main] org.apache.catalina.startup.VersionLoggerListener.log Command line argument:             -Dsun.stderr.encoding=UTF-8
27-May-2026 12:57:07.838 INFO [main] org.apache.catalina.core.AprLifecycleListener.lifecycleEvent Cargada la biblioteca nativa APR de Apache Tomcat [1.3.7] con la versión APR [1.7.6].
27-May-2026 12:57:07.839 INFO [main] org.apache.catalina.core.AprLifecycleListener.lifecycleEvent Capacidades APR: IPv6 [true], enviar fichero [true], aceptar filtros [false], aleatorio [true], UDS [true].
27-May-2026 12:57:07.839 INFO [main] org.apache.catalina.core.AprLifecycleListener.lifecycleEvent APR/OpenSSL configuration: useAprConnector [false], useOpenSSL [true]
27-May-2026 12:57:07.871 INFO [main] org.apache.catalina.core.AprLifecycleListener.initializeSSL OpenSSL inicializado correctamente [OpenSSL 3.0.19 27 Jan 2026]
27-May-2026 12:57:08.692 INFO [main] org.apache.coyote.AbstractProtocol.init Inicializando el manejador de protocolo ["http-nio-8080"]

27-May-2026 12:57:08.737 INFO [main] org.apache.catalina.startup.Catalina.load Server initialization in [1602] milliseconds
27-May-2026 12:57:08.872 INFO [main] org.apache.catalina.core.StandardService.startInternal Arrancando servicio [Catalina]
27-May-2026 12:57:08.873 INFO [main] org.apache.catalina.core.StandardEngine.startInternal Starting Servlet engine: [Apache Tomcat/9.0.117]
27-May-2026 12:57:08.901 INFO [main] org.apache.catalina.startup.HostConfig.deployDescriptor Desplieque del descriptor de configuración [C:\Users\Juanm\IdeaProjects\eventosProyecto\webapps\conf\Catalina\localhost\eventosProyecto.xml]
27-May-2026 12:57:12.332 INFO [main] org.apache.jasper.servlet.TldScanner.scanJars Al menos un JAR, que se ha explorado buscando TLDs, aún no contenía TLDs. Activar historial de depuración para este historiador para una completa lista de los JARs que fueron explorados y de los que nos se halló TLDs. Saltarse JARs no necesarios durante la exploración puede dar lugar a una mejora de tiempo significativa en el arranque y compilación de JSP .
27-May-2026 12:57:12.781 INFO [main] org.apache.catalina.startup.HostConfig.deployDescriptor Deployment of deployment descriptor [C:\Users\Juanm\IdeaProjects\eventosProyecto\webapps\conf\Catalina\localhost\eventosProyecto.xml] has finished in [3.859] ms
27-May-2026 12:57:12.798 INFO [main] org.apache.coyote.AbstractProtocol.start Starting ProtocolHandler ["http-nio-8080"]
27-May-2026 12:57:12.863 INFO [main] org.apache.catalina.startup.Catalina.start Server startup in [4122] milliseconds
27-May-2026 12:59:27.961 INFO [Thread-1] org.apache.coyote.AbstractProtocol.pause Pausing ProtocolHandler ["http-nio-8080"]
27-May-2026 12:59:27.987 INFO [Thread-1] org.apache.catalina.core.StandardService.stopInternal Parando servicio [Catalina]
27-May-2026 12:59:28.011 WARNING [Thread-1] org.apache.catalina.loader.WebappClassLoaderBase.clearReferencesJdbc La aplicación web [eventosProyecto] registró el conductor JDBC [com.mysql.cj.jdbc.Driver] pero falló al anular el registro mientras la aplicación web estaba parada. Para prevenir un fallo de memoria, se ha anulado el registro del conductor JDBC por la fuerza.
27-May-2026 12:59:28.013 WARNING [Thread-1] org.apache.catalina.loader.WebappClassLoaderBase.clearReferencesThreads The web application [eventosProyecto] appears to have started a thread named [mysql-cj-abandoned-connection-cleanup] but has failed to stop it. This is very likely to create a memory leak. Stack trace of thread:
 java.base/java.lang.Object.wait0(Native Method)
 java.base/java.lang.Object.wait(Object.java:389)
 java.base/java.lang.ref.ReferenceQueue.remove0(ReferenceQueue.java:123)
 java.base/java.lang.ref.ReferenceQueue.remove(ReferenceQueue.java:201)
 com.mysql.cj.jdbc.AbandonedConnectionCleanupThread.run(AbandonedConnectionCleanupThread.java:91)
 java.base/java.util.concurrent.ThreadPoolExecutor.runWorker(ThreadPoolExecutor.java:1090)
 java.base/java.util.concurrent.ThreadPoolExecutor$Worker.run(ThreadPoolExecutor.java:614)
 java.base/java.lang.Thread.run(Thread.java:1474)
27-May-2026 12:59:28.032 INFO [Thread-1] org.apache.coyote.AbstractProtocol.stop Stopping ProtocolHandler ["http-nio-8080"]
27-May-2026 12:59:28.047 INFO [Thread-1] org.apache.coyote.AbstractProtocol.destroy Destroying ProtocolHandler ["http-nio-8080"]
27-May-2026 12:59:35.426 INFO [main] org.apache.catalina.startup.VersionLoggerListener.log Nombre de la versión del servidor: Apache Tomcat/9.0.117
27-May-2026 12:59:35.431 INFO [main] org.apache.catalina.startup.VersionLoggerListener.log Server built:                      Mar 30 2026 18:21:16 UTC
27-May-2026 12:59:35.433 INFO [main] org.apache.catalina.startup.VersionLoggerListener.log Número de versión de servidor:     9.0.117.0
27-May-2026 12:59:35.433 INFO [main] org.apache.catalina.startup.VersionLoggerListener.log OS Name:                           Windows 11
27-May-2026 12:59:35.433 INFO [main] org.apache.catalina.startup.VersionLoggerListener.log Versión de Systema Operativo:      10.0
27-May-2026 12:59:35.434 INFO [main] org.apache.catalina.startup.VersionLoggerListener.log Arquitectura:                      amd64
27-May-2026 12:59:35.434 INFO [main] org.apache.catalina.startup.VersionLoggerListener.log Java Home:                         C:\Users\Juanm\.jdks\openjdk-25.0.2
27-May-2026 12:59:35.434 INFO [main] org.apache.catalina.startup.VersionLoggerListener.log JVM Version:                       25.0.2+10-69
27-May-2026 12:59:35.435 INFO [main] org.apache.catalina.startup.VersionLoggerListener.log Vededor JVM:                       Oracle Corporation
27-May-2026 12:59:35.435 INFO [main] org.apache.catalina.startup.VersionLoggerListener.log CATALINA_BASE:                     C:\Users\Juanm\IdeaProjects\eventosProyecto\webapps
27-May-2026 12:59:35.435 INFO [main] org.apache.catalina.startup.VersionLoggerListener.log CATALINA_HOME:                     C:\apache-tomcat-9.0.117
27-May-2026 12:59:35.454 INFO [main] org.apache.catalina.startup.VersionLoggerListener.log Command line argument:             --add-opens=java.base/java.lang=ALL-UNNAMED
27-May-2026 12:59:35.454 INFO [main] org.apache.catalina.startup.VersionLoggerListener.log Command line argument:             --add-opens=java.base/java.io=ALL-UNNAMED
27-May-2026 12:59:35.455 INFO [main] org.apache.catalina.startup.VersionLoggerListener.log Command line argument:             --add-opens=java.base/java.util=ALL-UNNAMED
27-May-2026 12:59:35.455 INFO [main] org.apache.catalina.startup.VersionLoggerListener.log Command line argument:             --add-opens=java.base/java.util.concurrent=ALL-UNNAMED
27-May-2026 12:59:35.455 INFO [main] org.apache.catalina.startup.VersionLoggerListener.log Command line argument:             --add-opens=java.rmi/sun.rmi.transport=ALL-UNNAMED
27-May-2026 12:59:35.455 INFO [main] org.apache.catalina.startup.VersionLoggerListener.log Command line argument:             -Dcatalina.home=C:\apache-tomcat-9.0.117
27-May-2026 12:59:35.455 INFO [main] org.apache.catalina.startup.VersionLoggerListener.log Command line argument:             -Dcatalina.base=C:\Users\Juanm\IdeaProjects\eventosProyecto\webapps
27-May-2026 12:59:35.457 INFO [main] org.apache.catalina.startup.VersionLoggerListener.log Command line argument:             -Djava.io.tmpdir=C:\Users\Juanm\IdeaProjects\eventosProyecto\webapps\temp
27-May-2026 12:59:35.457 INFO [main] org.apache.catalina.startup.VersionLoggerListener.log Command line argument:             -Djava.util.logging.config.file=C:\Users\Juanm\IdeaProjects\eventosProyecto\webapps\conf\logging.properties
27-May-2026 12:59:35.457 INFO [main] org.apache.catalina.startup.VersionLoggerListener.log Command line argument:             -Djava.util.logging.manager=org.apache.juli.ClassLoaderLogManager
27-May-2026 12:59:35.457 INFO [main] org.apache.catalina.startup.VersionLoggerListener.log Command line argument:             -javaagent:C:\Program Files\JetBrains\IntelliJ IDEA 2025.3\lib\idea_rt.jar=62059
27-May-2026 12:59:35.457 INFO [main] org.apache.catalina.startup.VersionLoggerListener.log Command line argument:             -Dfile.encoding=UTF-8
27-May-2026 12:59:35.457 INFO [main] org.apache.catalina.startup.VersionLoggerListener.log Command line argument:             -Dsun.stdout.encoding=UTF-8
27-May-2026 12:59:35.457 INFO [main] org.apache.catalina.startup.VersionLoggerListener.log Command line argument:             -Dsun.stderr.encoding=UTF-8
27-May-2026 12:59:35.470 INFO [main] org.apache.catalina.core.AprLifecycleListener.lifecycleEvent Cargada la biblioteca nativa APR de Apache Tomcat [1.3.7] con la versión APR [1.7.6].
27-May-2026 12:59:35.470 INFO [main] org.apache.catalina.core.AprLifecycleListener.lifecycleEvent Capacidades APR: IPv6 [true], enviar fichero [true], aceptar filtros [false], aleatorio [true], UDS [true].
27-May-2026 12:59:35.471 INFO [main] org.apache.catalina.core.AprLifecycleListener.lifecycleEvent APR/OpenSSL configuration: useAprConnector [false], useOpenSSL [true]
27-May-2026 12:59:35.494 INFO [main] org.apache.catalina.core.AprLifecycleListener.initializeSSL OpenSSL inicializado correctamente [OpenSSL 3.0.19 27 Jan 2026]
27-May-2026 12:59:36.271 INFO [main] org.apache.coyote.AbstractProtocol.init Inicializando el manejador de protocolo ["http-nio-8080"]

27-May-2026 12:59:36.317 INFO [main] org.apache.catalina.startup.Catalina.load Server initialization in [1563] milliseconds
27-May-2026 12:59:36.446 INFO [main] org.apache.catalina.core.StandardService.startInternal Arrancando servicio [Catalina]
27-May-2026 12:59:36.447 INFO [main] org.apache.catalina.core.StandardEngine.startInternal Starting Servlet engine: [Apache Tomcat/9.0.117]
27-May-2026 12:59:36.469 INFO [main] org.apache.catalina.startup.HostConfig.deployDescriptor Desplieque del descriptor de configuración [C:\Users\Juanm\IdeaProjects\eventosProyecto\webapps\conf\Catalina\localhost\eventosProyecto.xml]
27-May-2026 12:59:39.942 INFO [main] org.apache.jasper.servlet.TldScanner.scanJars Al menos un JAR, que se ha explorado buscando TLDs, aún no contenía TLDs. Activar historial de depuración para este historiador para una completa lista de los JARs que fueron explorados y de los que nos se halló TLDs. Saltarse JARs no necesarios durante la exploración puede dar lugar a una mejora de tiempo significativa en el arranque y compilación de JSP .
27-May-2026 12:59:40.292 INFO [main] org.apache.catalina.startup.HostConfig.deployDescriptor Deployment of deployment descriptor [C:\Users\Juanm\IdeaProjects\eventosProyecto\webapps\conf\Catalina\localhost\eventosProyecto.xml] has finished in [3.814] ms
27-May-2026 12:59:40.300 INFO [main] org.apache.coyote.AbstractProtocol.start Starting ProtocolHandler ["http-nio-8080"]
27-May-2026 12:59:40.342 INFO [main] org.apache.catalina.startup.Catalina.start Server startup in [4020] milliseconds
27-May-2026 13:04:14.942 INFO [Thread-1] org.apache.coyote.AbstractProtocol.pause Pausing ProtocolHandler ["http-nio-8080"]
27-May-2026 13:04:15.014 INFO [Thread-1] org.apache.catalina.core.StandardService.stopInternal Parando servicio [Catalina]
27-May-2026 13:04:15.096 WARNING [Thread-1] org.apache.catalina.loader.WebappClassLoaderBase.clearReferencesJdbc La aplicación web [eventosProyecto] registró el conductor JDBC [com.mysql.cj.jdbc.Driver] pero falló al anular el registro mientras la aplicación web estaba parada. Para prevenir un fallo de memoria, se ha anulado el registro del conductor JDBC por la fuerza.
27-May-2026 13:04:15.105 WARNING [Thread-1] org.apache.catalina.loader.WebappClassLoaderBase.clearReferencesThreads The web application [eventosProyecto] appears to have started a thread named [mysql-cj-abandoned-connection-cleanup] but has failed to stop it. This is very likely to create a memory leak. Stack trace of thread:
 java.base/java.lang.Object.wait0(Native Method)
 java.base/java.lang.Object.wait(Object.java:389)
 java.base/java.lang.ref.ReferenceQueue.remove0(ReferenceQueue.java:123)
 java.base/java.lang.ref.ReferenceQueue.remove(ReferenceQueue.java:201)
 com.mysql.cj.jdbc.AbandonedConnectionCleanupThread.run(AbandonedConnectionCleanupThread.java:91)
 java.base/java.util.concurrent.ThreadPoolExecutor.runWorker(ThreadPoolExecutor.java:1090)
 java.base/java.util.concurrent.ThreadPoolExecutor$Worker.run(ThreadPoolExecutor.java:614)
 java.base/java.lang.Thread.run(Thread.java:1474)
27-May-2026 13:04:15.150 INFO [Thread-1] org.apache.coyote.AbstractProtocol.stop Stopping ProtocolHandler ["http-nio-8080"]
27-May-2026 13:04:15.181 INFO [Thread-1] org.apache.coyote.AbstractProtocol.destroy Destroying ProtocolHandler ["http-nio-8080"]
27-May-2026 13:04:22.882 INFO [main] org.apache.catalina.startup.VersionLoggerListener.log Nombre de la versión del servidor: Apache Tomcat/9.0.117
27-May-2026 13:04:22.889 INFO [main] org.apache.catalina.startup.VersionLoggerListener.log Server built:                      Mar 30 2026 18:21:16 UTC
27-May-2026 13:04:22.889 INFO [main] org.apache.catalina.startup.VersionLoggerListener.log Número de versión de servidor:     9.0.117.0
27-May-2026 13:04:22.891 INFO [main] org.apache.catalina.startup.VersionLoggerListener.log OS Name:                           Windows 11
27-May-2026 13:04:22.891 INFO [main] org.apache.catalina.startup.VersionLoggerListener.log Versión de Systema Operativo:      10.0
27-May-2026 13:04:22.892 INFO [main] org.apache.catalina.startup.VersionLoggerListener.log Arquitectura:                      amd64
27-May-2026 13:04:22.892 INFO [main] org.apache.catalina.startup.VersionLoggerListener.log Java Home:                         C:\Users\Juanm\.jdks\openjdk-25.0.2
27-May-2026 13:04:22.892 INFO [main] org.apache.catalina.startup.VersionLoggerListener.log JVM Version:                       25.0.2+10-69
27-May-2026 13:04:22.892 INFO [main] org.apache.catalina.startup.VersionLoggerListener.log Vededor JVM:                       Oracle Corporation
27-May-2026 13:04:22.893 INFO [main] org.apache.catalina.startup.VersionLoggerListener.log CATALINA_BASE:                     C:\Users\Juanm\IdeaProjects\eventosProyecto\webapps
27-May-2026 13:04:22.893 INFO [main] org.apache.catalina.startup.VersionLoggerListener.log CATALINA_HOME:                     C:\apache-tomcat-9.0.117
27-May-2026 13:04:22.911 INFO [main] org.apache.catalina.startup.VersionLoggerListener.log Command line argument:             --add-opens=java.base/java.lang=ALL-UNNAMED
27-May-2026 13:04:22.912 INFO [main] org.apache.catalina.startup.VersionLoggerListener.log Command line argument:             --add-opens=java.base/java.io=ALL-UNNAMED
27-May-2026 13:04:22.912 INFO [main] org.apache.catalina.startup.VersionLoggerListener.log Command line argument:             --add-opens=java.base/java.util=ALL-UNNAMED
27-May-2026 13:04:22.912 INFO [main] org.apache.catalina.startup.VersionLoggerListener.log Command line argument:             --add-opens=java.base/java.util.concurrent=ALL-UNNAMED
27-May-2026 13:04:22.912 INFO [main] org.apache.catalina.startup.VersionLoggerListener.log Command line argument:             --add-opens=java.rmi/sun.rmi.transport=ALL-UNNAMED
27-May-2026 13:04:22.913 INFO [main] org.apache.catalina.startup.VersionLoggerListener.log Command line argument:             -Dcatalina.home=C:\apache-tomcat-9.0.117
27-May-2026 13:04:22.913 INFO [main] org.apache.catalina.startup.VersionLoggerListener.log Command line argument:             -Dcatalina.base=C:\Users\Juanm\IdeaProjects\eventosProyecto\webapps
27-May-2026 13:04:22.913 INFO [main] org.apache.catalina.startup.VersionLoggerListener.log Command line argument:             -Djava.io.tmpdir=C:\Users\Juanm\IdeaProjects\eventosProyecto\webapps\temp
27-May-2026 13:04:22.913 INFO [main] org.apache.catalina.startup.VersionLoggerListener.log Command line argument:             -Djava.util.logging.config.file=C:\Users\Juanm\IdeaProjects\eventosProyecto\webapps\conf\logging.properties
27-May-2026 13:04:22.914 INFO [main] org.apache.catalina.startup.VersionLoggerListener.log Command line argument:             -Djava.util.logging.manager=org.apache.juli.ClassLoaderLogManager
27-May-2026 13:04:22.914 INFO [main] org.apache.catalina.startup.VersionLoggerListener.log Command line argument:             -javaagent:C:\Program Files\JetBrains\IntelliJ IDEA 2025.3\lib\idea_rt.jar=54543
27-May-2026 13:04:22.914 INFO [main] org.apache.catalina.startup.VersionLoggerListener.log Command line argument:             -Dfile.encoding=UTF-8
27-May-2026 13:04:22.914 INFO [main] org.apache.catalina.startup.VersionLoggerListener.log Command line argument:             -Dsun.stdout.encoding=UTF-8
27-May-2026 13:04:22.915 INFO [main] org.apache.catalina.startup.VersionLoggerListener.log Command line argument:             -Dsun.stderr.encoding=UTF-8
27-May-2026 13:04:22.928 INFO [main] org.apache.catalina.core.AprLifecycleListener.lifecycleEvent Cargada la biblioteca nativa APR de Apache Tomcat [1.3.7] con la versión APR [1.7.6].
27-May-2026 13:04:22.928 INFO [main] org.apache.catalina.core.AprLifecycleListener.lifecycleEvent Capacidades APR: IPv6 [true], enviar fichero [true], aceptar filtros [false], aleatorio [true], UDS [true].
27-May-2026 13:04:22.928 INFO [main] org.apache.catalina.core.AprLifecycleListener.lifecycleEvent APR/OpenSSL configuration: useAprConnector [false], useOpenSSL [true]
27-May-2026 13:04:22.961 INFO [main] org.apache.catalina.core.AprLifecycleListener.initializeSSL OpenSSL inicializado correctamente [OpenSSL 3.0.19 27 Jan 2026]
27-May-2026 13:04:23.786 INFO [main] org.apache.coyote.AbstractProtocol.init Inicializando el manejador de protocolo ["http-nio-8080"]

27-May-2026 13:04:23.830 INFO [main] org.apache.catalina.startup.Catalina.load Server initialization in [1567] milliseconds
27-May-2026 13:04:23.962 INFO [main] org.apache.catalina.core.StandardService.startInternal Arrancando servicio [Catalina]
27-May-2026 13:04:23.962 INFO [main] org.apache.catalina.core.StandardEngine.startInternal Starting Servlet engine: [Apache Tomcat/9.0.117]
27-May-2026 13:04:23.988 INFO [main] org.apache.catalina.startup.HostConfig.deployDescriptor Desplieque del descriptor de configuración [C:\Users\Juanm\IdeaProjects\eventosProyecto\webapps\conf\Catalina\localhost\eventosProyecto.xml]
27-May-2026 13:04:27.622 INFO [main] org.apache.jasper.servlet.TldScanner.scanJars Al menos un JAR, que se ha explorado buscando TLDs, aún no contenía TLDs. Activar historial de depuración para este historiador para una completa lista de los JARs que fueron explorados y de los que nos se halló TLDs. Saltarse JARs no necesarios durante la exploración puede dar lugar a una mejora de tiempo significativa en el arranque y compilación de JSP .
27-May-2026 13:04:27.984 INFO [main] org.apache.catalina.startup.HostConfig.deployDescriptor Deployment of deployment descriptor [C:\Users\Juanm\IdeaProjects\eventosProyecto\webapps\conf\Catalina\localhost\eventosProyecto.xml] has finished in [3.984] ms
27-May-2026 13:04:27.993 INFO [main] org.apache.coyote.AbstractProtocol.start Starting ProtocolHandler ["http-nio-8080"]
27-May-2026 13:04:28.041 INFO [main] org.apache.catalina.startup.Catalina.start Server startup in [4207] milliseconds
27-May-2026 13:07:04.071 INFO [Thread-1] org.apache.coyote.AbstractProtocol.pause Pausing ProtocolHandler ["http-nio-8080"]
27-May-2026 13:07:04.107 INFO [Thread-1] org.apache.catalina.core.StandardService.stopInternal Parando servicio [Catalina]
27-May-2026 13:07:04.146 WARNING [Thread-1] org.apache.catalina.loader.WebappClassLoaderBase.clearReferencesJdbc La aplicación web [eventosProyecto] registró el conductor JDBC [com.mysql.cj.jdbc.Driver] pero falló al anular el registro mientras la aplicación web estaba parada. Para prevenir un fallo de memoria, se ha anulado el registro del conductor JDBC por la fuerza.
27-May-2026 13:07:04.149 WARNING [Thread-1] org.apache.catalina.loader.WebappClassLoaderBase.clearReferencesThreads The web application [eventosProyecto] appears to have started a thread named [mysql-cj-abandoned-connection-cleanup] but has failed to stop it. This is very likely to create a memory leak. Stack trace of thread:
 java.base/java.lang.Object.wait0(Native Method)
 java.base/java.lang.Object.wait(Object.java:389)
 java.base/java.lang.ref.ReferenceQueue.remove0(ReferenceQueue.java:123)
 java.base/java.lang.ref.ReferenceQueue.remove(ReferenceQueue.java:201)
 com.mysql.cj.jdbc.AbandonedConnectionCleanupThread.run(AbandonedConnectionCleanupThread.java:91)
 java.base/java.util.concurrent.ThreadPoolExecutor.runWorker(ThreadPoolExecutor.java:1090)
 java.base/java.util.concurrent.ThreadPoolExecutor$Worker.run(ThreadPoolExecutor.java:614)
 java.base/java.lang.Thread.run(Thread.java:1474)
27-May-2026 13:07:04.186 INFO [Thread-1] org.apache.coyote.AbstractProtocol.stop Stopping ProtocolHandler ["http-nio-8080"]
27-May-2026 13:07:04.201 INFO [Thread-1] org.apache.coyote.AbstractProtocol.destroy Destroying ProtocolHandler ["http-nio-8080"]
27-May-2026 13:07:04.268 INFO [mysql-cj-abandoned-connection-cleanup] org.apache.catalina.loader.WebappClassLoaderBase.checkStateForResourceLoading Acceso ilegal: esta instancia de aplicación web ya ha sido parada.  Could not load [].  La eventual traza de pila que sigue ha sido motivada por un error lanzado con motivos de depuración así como para intentar terminar el hilo que motivó el acceso ilegal y no tiene impacto funcional.
	java.lang.IllegalStateException: Acceso ilegal: esta instancia de aplicación web ya ha sido parada.  Could not load [].  La eventual traza de pila que sigue ha sido motivada por un error lanzado con motivos de depuración así como para intentar terminar el hilo que motivó el acceso ilegal y no tiene impacto funcional.
		at org.apache.catalina.loader.WebappClassLoaderBase.checkStateForResourceLoading(WebappClassLoaderBase.java:1370)
		at org.apache.catalina.loader.WebappClassLoaderBase.getResource(WebappClassLoaderBase.java:994)
		at com.mysql.cj.jdbc.AbandonedConnectionCleanupThread.checkThreadContextClassLoader(AbandonedConnectionCleanupThread.java:123)
		at com.mysql.cj.jdbc.AbandonedConnectionCleanupThread.run(AbandonedConnectionCleanupThread.java:90)
		at java.base/java.util.concurrent.ThreadPoolExecutor.runWorker(ThreadPoolExecutor.java:1090)
		at java.base/java.util.concurrent.ThreadPoolExecutor$Worker.run(ThreadPoolExecutor.java:614)
		at java.base/java.lang.Thread.run(Thread.java:1474)
27-May-2026 13:22:02.067 INFO [main] org.apache.catalina.startup.VersionLoggerListener.log Nombre de la versión del servidor: Apache Tomcat/9.0.117
27-May-2026 13:22:02.079 INFO [main] org.apache.catalina.startup.VersionLoggerListener.log Server built:                      Mar 30 2026 18:21:16 UTC
27-May-2026 13:22:02.080 INFO [main] org.apache.catalina.startup.VersionLoggerListener.log Número de versión de servidor:     9.0.117.0
27-May-2026 13:22:02.081 INFO [main] org.apache.catalina.startup.VersionLoggerListener.log OS Name:                           Windows 11
27-May-2026 13:22:02.082 INFO [main] org.apache.catalina.startup.VersionLoggerListener.log Versión de Systema Operativo:      10.0
27-May-2026 13:22:02.082 INFO [main] org.apache.catalina.startup.VersionLoggerListener.log Arquitectura:                      amd64
27-May-2026 13:22:02.083 INFO [main] org.apache.catalina.startup.VersionLoggerListener.log Java Home:                         C:\Users\Juanm\.jdks\openjdk-25.0.2
27-May-2026 13:22:02.083 INFO [main] org.apache.catalina.startup.VersionLoggerListener.log JVM Version:                       25.0.2+10-69
27-May-2026 13:22:02.084 INFO [main] org.apache.catalina.startup.VersionLoggerListener.log Vededor JVM:                       Oracle Corporation
27-May-2026 13:22:02.084 INFO [main] org.apache.catalina.startup.VersionLoggerListener.log CATALINA_BASE:                     C:\Users\Juanm\IdeaProjects\eventosProyecto\webapps
27-May-2026 13:22:02.085 INFO [main] org.apache.catalina.startup.VersionLoggerListener.log CATALINA_HOME:                     C:\apache-tomcat-9.0.117
27-May-2026 13:22:02.109 INFO [main] org.apache.catalina.startup.VersionLoggerListener.log Command line argument:             --add-opens=java.base/java.lang=ALL-UNNAMED
27-May-2026 13:22:02.109 INFO [main] org.apache.catalina.startup.VersionLoggerListener.log Command line argument:             --add-opens=java.base/java.io=ALL-UNNAMED
27-May-2026 13:22:02.110 INFO [main] org.apache.catalina.startup.VersionLoggerListener.log Command line argument:             --add-opens=java.base/java.util=ALL-UNNAMED
27-May-2026 13:22:02.110 INFO [main] org.apache.catalina.startup.VersionLoggerListener.log Command line argument:             --add-opens=java.base/java.util.concurrent=ALL-UNNAMED
27-May-2026 13:22:02.111 INFO [main] org.apache.catalina.startup.VersionLoggerListener.log Command line argument:             --add-opens=java.rmi/sun.rmi.transport=ALL-UNNAMED
27-May-2026 13:22:02.111 INFO [main] org.apache.catalina.startup.VersionLoggerListener.log Command line argument:             -Dcatalina.home=C:\apache-tomcat-9.0.117
27-May-2026 13:22:02.111 INFO [main] org.apache.catalina.startup.VersionLoggerListener.log Command line argument:             -Dcatalina.base=C:\Users\Juanm\IdeaProjects\eventosProyecto\webapps
27-May-2026 13:22:02.111 INFO [main] org.apache.catalina.startup.VersionLoggerListener.log Command line argument:             -Djava.io.tmpdir=C:\Users\Juanm\IdeaProjects\eventosProyecto\webapps\temp
27-May-2026 13:22:02.112 INFO [main] org.apache.catalina.startup.VersionLoggerListener.log Command line argument:             -Djava.util.logging.config.file=C:\Users\Juanm\IdeaProjects\eventosProyecto\webapps\conf\logging.properties
27-May-2026 13:22:02.112 INFO [main] org.apache.catalina.startup.VersionLoggerListener.log Command line argument:             -Djava.util.logging.manager=org.apache.juli.ClassLoaderLogManager
27-May-2026 13:22:02.112 INFO [main] org.apache.catalina.startup.VersionLoggerListener.log Command line argument:             -javaagent:C:\Program Files\JetBrains\IntelliJ IDEA 2025.3\lib\idea_rt.jar=52224
27-May-2026 13:22:02.112 INFO [main] org.apache.catalina.startup.VersionLoggerListener.log Command line argument:             -Dfile.encoding=UTF-8
27-May-2026 13:22:02.112 INFO [main] org.apache.catalina.startup.VersionLoggerListener.log Command line argument:             -Dsun.stdout.encoding=UTF-8
27-May-2026 13:22:02.113 INFO [main] org.apache.catalina.startup.VersionLoggerListener.log Command line argument:             -Dsun.stderr.encoding=UTF-8
27-May-2026 13:22:02.128 INFO [main] org.apache.catalina.core.AprLifecycleListener.lifecycleEvent Cargada la biblioteca nativa APR de Apache Tomcat [1.3.7] con la versión APR [1.7.6].
27-May-2026 13:22:02.130 INFO [main] org.apache.catalina.core.AprLifecycleListener.lifecycleEvent Capacidades APR: IPv6 [true], enviar fichero [true], aceptar filtros [false], aleatorio [true], UDS [true].
27-May-2026 13:22:02.130 INFO [main] org.apache.catalina.core.AprLifecycleListener.lifecycleEvent APR/OpenSSL configuration: useAprConnector [false], useOpenSSL [true]
27-May-2026 13:22:02.185 INFO [main] org.apache.catalina.core.AprLifecycleListener.initializeSSL OpenSSL inicializado correctamente [OpenSSL 3.0.19 27 Jan 2026]
27-May-2026 13:22:03.212 INFO [main] org.apache.coyote.AbstractProtocol.init Inicializando el manejador de protocolo ["http-nio-8080"]

27-May-2026 13:22:03.276 INFO [main] org.apache.catalina.startup.Catalina.load Server initialization in [2367] milliseconds
27-May-2026 13:22:03.449 INFO [main] org.apache.catalina.core.StandardService.startInternal Arrancando servicio [Catalina]
27-May-2026 13:22:03.450 INFO [main] org.apache.catalina.core.StandardEngine.startInternal Starting Servlet engine: [Apache Tomcat/9.0.117]
27-May-2026 13:22:03.480 INFO [main] org.apache.catalina.startup.HostConfig.deployDescriptor Desplieque del descriptor de configuración [C:\Users\Juanm\IdeaProjects\eventosProyecto\webapps\conf\Catalina\localhost\eventosProyecto.xml]
27-May-2026 13:22:08.367 INFO [main] org.apache.jasper.servlet.TldScanner.scanJars Al menos un JAR, que se ha explorado buscando TLDs, aún no contenía TLDs. Activar historial de depuración para este historiador para una completa lista de los JARs que fueron explorados y de los que nos se halló TLDs. Saltarse JARs no necesarios durante la exploración puede dar lugar a una mejora de tiempo significativa en el arranque y compilación de JSP .
27-May-2026 13:22:08.778 INFO [main] org.apache.catalina.startup.HostConfig.deployDescriptor Deployment of deployment descriptor [C:\Users\Juanm\IdeaProjects\eventosProyecto\webapps\conf\Catalina\localhost\eventosProyecto.xml] has finished in [5.276] ms
27-May-2026 13:22:08.794 INFO [main] org.apache.coyote.AbstractProtocol.start Starting ProtocolHandler ["http-nio-8080"]
27-May-2026 13:22:08.861 INFO [main] org.apache.catalina.startup.Catalina.start Server startup in [5579] milliseconds
27-May-2026 13:27:17.680 INFO [Thread-1] org.apache.coyote.AbstractProtocol.pause Pausing ProtocolHandler ["http-nio-8080"]
27-May-2026 13:27:17.808 INFO [Thread-1] org.apache.catalina.core.StandardService.stopInternal Parando servicio [Catalina]
27-May-2026 13:27:17.877 WARNING [Thread-1] org.apache.catalina.loader.WebappClassLoaderBase.clearReferencesJdbc La aplicación web [eventosProyecto] registró el conductor JDBC [com.mysql.cj.jdbc.Driver] pero falló al anular el registro mientras la aplicación web estaba parada. Para prevenir un fallo de memoria, se ha anulado el registro del conductor JDBC por la fuerza.
27-May-2026 13:27:17.882 WARNING [Thread-1] org.apache.catalina.loader.WebappClassLoaderBase.clearReferencesThreads The web application [eventosProyecto] appears to have started a thread named [mysql-cj-abandoned-connection-cleanup] but has failed to stop it. This is very likely to create a memory leak. Stack trace of thread:
 java.base/java.lang.Object.wait0(Native Method)
 java.base/java.lang.Object.wait(Object.java:389)
 java.base/java.lang.ref.ReferenceQueue.remove0(ReferenceQueue.java:123)
 java.base/java.lang.ref.ReferenceQueue.remove(ReferenceQueue.java:201)
 com.mysql.cj.jdbc.AbandonedConnectionCleanupThread.run(AbandonedConnectionCleanupThread.java:91)
 java.base/java.util.concurrent.ThreadPoolExecutor.runWorker(ThreadPoolExecutor.java:1090)
 java.base/java.util.concurrent.ThreadPoolExecutor$Worker.run(ThreadPoolExecutor.java:614)
 java.base/java.lang.Thread.run(Thread.java:1474)
27-May-2026 13:27:17.926 INFO [Thread-1] org.apache.coyote.AbstractProtocol.stop Stopping ProtocolHandler ["http-nio-8080"]
27-May-2026 13:27:17.948 INFO [Thread-1] org.apache.coyote.AbstractProtocol.destroy Destroying ProtocolHandler ["http-nio-8080"]
